id_venda,data_venda,data,dia_semana,dia_semana_num,hora,canal_venda,id_produto,nome_produto,categoria,marca,faixa_preco,produto_cadastrado,id_cliente,nome_cliente,estado,regiao,segmento_cliente,quantidade,preco_unitario,receita,venda_antes_do_cadastro
sal_46e4378de3db,2025-12-17 10:39:42,2025-12-17,Quarta,4,10,loja_fisica,prd_51511e44c92a,Kit Gamer Completo,Games,Mondial,BASICO,True,cus_66677d443e5e,Cecília Da Luz,AC,Norte,TOP_TIER,1,88.90,88.90,False
sal_004509336e92,2025-12-27 09:45:15,2025-12-27,Sábado,7,9,ecommerce,prd_9239eec8982d,HD Externo 2TB,Informática,Arno,BASICO,True,cus_a01814ad9247,Ana Beatriz Alves,SP,Sudeste,TOP_TIER,1,51.99,51.99,False
sal_8a1458cd9425,2025-12-30 22:38:35,2025-12-30,Terça,3,22,loja_fisica,prd_4ee65ed59110,Frigideira Antiaderente,Cozinha,Philips,BASICO,True,cus_b0026583b709,Mariane Pacheco,MT,Centro-Oeste,VIP,3,41.90,125.70,False
sal_776eb4607b91,2025-12-28 21:42:36,2025-12-28,Domingo,1,21,ecommerce,prd_23664e42a71c,Jogo de Toalhas,Casa,Xiaomi,BASICO,True,cus_a01814ad9247,Ana Beatriz Alves,SP,Sudeste,TOP_TIER,1,120.89,120.89,False
sal_9aed9a27abfb,2025-12-28 22:03:16,2025-12-28,Domingo,1,22,ecommerce,prd_f063f46a7ef8,Fone de Ouvido Esportivo,Áudio,Consul,PREMIUM,True,cus_71308b76151a,Amanda Sousa,MS,Centro-Oeste,TOP_TIER,2,1428.99,2857.98,False
sal_6265f7732b1b,2026-01-01 16:33:49,2026-01-01,Quinta,5,16,ecommerce,prd_2b1b2e2c60e1,Produto não cadastrado,Não cadastrado,Não cadastrado,,False,cus_b42a15933072,Heitor Rezende,PE,Nordeste,TOP_TIER,1,85.90,85.90,False
sal_f2e9624ebd2f,2026-01-09 20:49:29,2026-01-09,Sexta,6,20,ecommerce,prd_996db03524ae,Elástico de Resistência,Esporte,Sony,BASICO,True,cus_911b23c97589,Heitor Nunes,MS,Centro-Oeste,REGULAR,2,117.70,235.40,False
sal_a008cd356aec,2025-12-28 12:06:05,2025-12-28,Domingo,1,12,ecommerce,prd_18c839427e8c,Gabinete ATX,Informática,Samsung,MEDIO,True,cus_a01814ad9247,Ana Beatriz Alves,SP,Sudeste,TOP_TIER,1,679.06,679.06,False
sal_09e0d39f4d62,2026-01-05 09:31:07,2026-01-05,Segunda,2,9,ecommerce,prd_d92ad43fa137,Smart TV 43 Polegadas,Eletrônicos,Philips,BASICO,True,cus_ec8d75866856,Luan Vargas,RS,Sul,TOP_TIER,2,66.90,133.80,False
sal_8c83ed35785f,2025-12-31 08:28:17,2025-12-31,Quarta,4,8,ecommerce,prd_a7c360e156c0,Gabinete ATX,Informática,Motorola,BASICO,True,cus_78ab1cf16e12,Beatriz Garcia,SE,Nordeste,TOP_TIER,1,171.99,171.99,False
sal_a00972be9a0a,2025-12-29 15:44:04,2025-12-29,Segunda,2,15,ecommerce,prd_727f175116c6,Bicicleta Ergométrica,Esporte,Apple,BASICO,True,cus_f64907d41a69,Henrique Da Conceição,DF,Centro-Oeste,VIP,2,63.90,127.80,False
sal_46098108dd93,2026-01-08 21:59:54,2026-01-08,Quinta,5,21,ecommerce,prd_df1e44c528e0,Fone de Ouvido Esportivo,Áudio,O Boticário,BASICO,True,cus_d4db3db9eccb,Ana Julia Camargo,PB,Nordeste,TOP_TIER,1,164.04,164.04,False
sal_266785bd5dba,2025-12-14 18:12:06,2025-12-14,Domingo,1,18,ecommerce,prd_045813f96891,Cardigan de Lã,Moda,LG,BASICO,True,cus_0914bdf6e1fe,Isabelly Câmara,MT,Centro-Oeste,REGULAR,1,128.69,128.69,False
sal_777872fc195e,2025-12-22 22:00:23,2025-12-22,Segunda,2,22,ecommerce,prd_d22d1b8b1502,Camisa Social,Moda,Brastemp,PREMIUM,True,cus_7262f4e5ce9f,Sophia Monteiro,SP,Sudeste,TOP_TIER,1,1149.90,1149.90,False
sal_9272ac06372a,2025-12-29 13:04:03,2025-12-29,Segunda,2,13,ecommerce,prd_b4a823952be5,Amplificador de Áudio,Áudio,Consul,BASICO,True,cus_f64907d41a69,Henrique Da Conceição,DF,Centro-Oeste,VIP,1,73.90,73.90,False
sal_f3ecc3888677,2025-12-29 22:48:35,2025-12-29,Segunda,2,22,ecommerce,prd_b7490508211e,Vestido Floral,Moda,Apple,BASICO,True,cus_b42a15933072,Heitor Rezende,PE,Nordeste,TOP_TIER,1,220.00,220.00,False
sal_12dcbde1ae36,2025-12-18 23:04:23,2025-12-18,Quinta,5,23,ecommerce,prd_385035a5bc20,Notebook Inspiron 15,Eletrônicos,Adidas,BASICO,True,cus_96658dc10aa5,Agatha Silveira,PA,Norte,TOP_TIER,5,219.90,1099.50,False
sal_c9b8badc53a9,2025-12-15 14:05:23,2025-12-15,Segunda,2,14,ecommerce,prd_045813f96891,Cardigan de Lã,Moda,LG,BASICO,True,cus_d4db3db9eccb,Ana Julia Camargo,PB,Nordeste,TOP_TIER,4,142.99,571.96,False
sal_e9f477233857,2026-01-01 22:03:52,2026-01-01,Quinta,5,22,ecommerce,prd_6d4e3b1efd0c,Necessaire,Acessórios,Xiaomi,PREMIUM,True,cus_ec8d75866856,Luan Vargas,RS,Sul,TOP_TIER,1,1139.99,1139.99,False
sal_6d709ed8e927,2025-12-29 08:05:38,2025-12-29,Segunda,2,8,ecommerce,prd_8b22fd85d500,Garrafa Térmica 1L,Cozinha,Sony,BASICO,True,cus_25d1cb23f872,Melissa Pastor,AC,Norte,VIP,1,292.49,292.49,False
sal_c62b3fae5724,2026-01-10 16:47:24,2026-01-10,Sábado,7,16,ecommerce,prd_f063f46a7ef8,Fone de Ouvido Esportivo,Áudio,Consul,PREMIUM,True,cus_c3944101594c,Murilo Da Mata,RR,Norte,VIP,1,1357.54,1357.54,False
sal_2bd1b7eb0ca4,2025-12-29 16:06:40,2025-12-29,Segunda,2,16,loja_fisica,prd_30518d908a92,Cinto de Couro,Acessórios,Asus,BASICO,True,cus_cf84750c1fb4,Alana Teixeira,MA,Nordeste,TOP_TIER,1,80.99,80.99,False
sal_ada6a07360d8,2025-12-30 19:59:53,2025-12-30,Terça,3,19,ecommerce,prd_f063f46a7ef8,Fone de Ouvido Esportivo,Áudio,Consul,PREMIUM,True,cus_f64907d41a69,Henrique Da Conceição,DF,Centro-Oeste,VIP,1,1428.99,1428.99,False
sal_ac3f6614ba6a,2025-12-24 23:10:25,2025-12-24,Quarta,4,23,ecommerce,prd_c9b4024b7b9e,Toca-discos USB,Áudio,Mondial,BASICO,True,cus_66677d443e5e,Cecília Da Luz,AC,Norte,TOP_TIER,1,90.72,90.72,False
sal_a16af0126832,2025-12-23 13:20:47,2025-12-23,Terça,3,13,ecommerce,prd_7dd7624b4d5f,Fone de Ouvido com Fio,Áudio,Brastemp,BASICO,True,cus_96658dc10aa5,Agatha Silveira,PA,Norte,TOP_TIER,3,297.90,893.70,False
sal_76768fe6e0fd,2026-01-02 12:51:37,2026-01-02,Sexta,6,12,loja_fisica,prd_474405dcce41,Brincos de Prata,Acessórios,Motorola,BASICO,True,cus_d4db3db9eccb,Ana Julia Camargo,PB,Nordeste,TOP_TIER,1,67.90,67.90,False
sal_5027658ab940,2025-12-16 20:14:12,2025-12-16,Terça,3,20,ecommerce,prd_5ae195cb554b,Microfone para Stream,Games,Samsung,BASICO,True,cus_884be6e0ce9a,Emanuel Vieira,PA,Norte,REGULAR,2,58.50,117.00,False
sal_d331d33b8369,2025-12-20 20:17:20,2025-12-20,Sábado,7,20,ecommerce,prd_eea07161e6c8,Brincos de Prata,Acessórios,Electrolux,BASICO,True,cus_b42a15933072,Heitor Rezende,PE,Nordeste,TOP_TIER,4,46.54,186.16,False
sal_d777cb83ab4e,2026-01-04 17:10:22,2026-01-04,Domingo,1,17,ecommerce,prd_e580cb77e94a,Máscara Facial,Beleza,Mondial,BASICO,True,cus_3580317ddeab,Bella Borges,AM,Norte,VIP,1,102.50,102.50,False
sal_df5966e054a3,2026-01-10 10:13:21,2026-01-10,Sábado,7,10,loja_fisica,prd_2293732b7542,Cortina Blackout,Casa,Xiaomi,BASICO,True,cus_884be6e0ce9a,Emanuel Vieira,PA,Norte,REGULAR,1,62.01,62.01,False
sal_7402468e39a9,2025-12-20 17:12:54,2025-12-20,Sábado,7,17,ecommerce,prd_c90040774892,Tênis de Corrida,Esporte,Sony,BASICO,True,cus_418af67b6b28,Miguel Ramos,TO,Norte,REGULAR,1,147.99,147.99,False
sal_28fee075a0c6,2025-12-15 17:02:14,2025-12-15,Segunda,2,17,ecommerce,prd_686e2aab873d,Blusa de Frio,Moda,Philips,BASICO,True,cus_f1eccf8e0d99,Luiz Miguel Câmara,GO,Centro-Oeste,REGULAR,1,85.02,85.02,False
sal_53c6b7cb49e5,2025-12-16 19:07:49,2025-12-16,Terça,3,19,loja_fisica,prd_8b22fd85d500,Garrafa Térmica 1L,Cozinha,Sony,BASICO,True,cus_4e62d52db97a,Josué Souza,RJ,Sudeste,VIP,1,357.49,357.49,False
sal_00b05540ae52,2025-12-28 15:54:06,2025-12-28,Domingo,1,15,loja_fisica,prd_205f309c1a21,Tapete Persa,Casa,Sony,BASICO,True,cus_d36c11b261a6,Cauã Rocha,MA,Nordeste,REGULAR,1,34.99,34.99,False
sal_f8ad5d0329d2,2025-12-27 17:32:36,2025-12-27,Sábado,7,17,loja_fisica,prd_a4025bac91a7,Óculos de Sol,Acessórios,Xiaomi,BASICO,True,cus_8fa04d3a5837,Rafael Porto,RS,Sul,TOP_TIER,1,52.90,52.90,False
sal_b5353cecca7a,2026-01-03 17:41:13,2026-01-03,Sábado,7,17,ecommerce,prd_4e1abbd002eb,Mochila Esportiva,Esporte,Samsung,BASICO,True,cus_71308b76151a,Amanda Sousa,MS,Centro-Oeste,TOP_TIER,1,42.65,42.65,False
sal_8006d06c324d,2025-12-16 17:26:16,2025-12-16,Terça,3,17,ecommerce,prd_2293732b7542,Cortina Blackout,Casa,Xiaomi,BASICO,True,cus_a2e18141f826,Ísis Leão,CE,Nordeste,REGULAR,2,68.90,137.80,False
sal_c84e413a4bb5,2026-01-09 01:44:08,2026-01-09,Sexta,6,1,ecommerce,prd_d92ad43fa137,Smart TV 43 Polegadas,Eletrônicos,Philips,BASICO,True,cus_d4db3db9eccb,Ana Julia Camargo,PB,Nordeste,TOP_TIER,2,66.90,133.80,False
sal_c0cf2e1918c7,2026-01-02 16:21:32,2026-01-02,Sexta,6,16,ecommerce,prd_38c1b898aecc,Microfone para Stream,Games,Samsung,BASICO,True,cus_31874cf2d1e5,Nina Moura,SP,Sudeste,TOP_TIER,1,126.81,126.81,False
sal_567a48fc8e18,2025-12-15 14:38:30,2025-12-15,Segunda,2,14,ecommerce,prd_9239eec8982d,HD Externo 2TB,Informática,Arno,BASICO,True,cus_4e62d52db97a,Josué Souza,RJ,Sudeste,VIP,1,49.39,49.39,False
sal_2d80ea8d0048,2025-12-28 09:26:51,2025-12-28,Domingo,1,9,ecommerce,prd_b7490508211e,Vestido Floral,Moda,Apple,BASICO,True,cus_884be6e0ce9a,Emanuel Vieira,PA,Norte,REGULAR,1,187.00,187.00,False
sal_27b31d3c8305,2025-12-29 15:54:18,2025-12-29,Segunda,2,15,ecommerce,prd_ff56c9132964,Regata Básica,Moda,Xiaomi,BASICO,True,cus_8ad3c8745efb,Eduardo Cunha,AC,Norte,TOP_TIER,2,213.99,427.98,False
sal_6c1c5ea09618,2026-01-05 23:42:14,2026-01-05,Segunda,2,23,ecommerce,prd_385035a5bc20,Notebook Inspiron 15,Eletrônicos,Adidas,BASICO,True,cus_418af67b6b28,Miguel Ramos,TO,Norte,REGULAR,1,197.91,197.91,False
sal_0ad49db47b98,2026-01-07 17:34:27,2026-01-07,Quarta,4,17,loja_fisica,prd_51511e44c92a,Kit Gamer Completo,Games,Mondial,BASICO,True,cus_f1a06ae11717,Gustavo Henrique Rios,AM,Norte,TOP_TIER,1,88.90,88.90,False
sal_610ab2573eb3,2025-12-20 11:12:09,2025-12-20,Sábado,7,11,loja_fisica,prd_2293732b7542,Cortina Blackout,Casa,Xiaomi,BASICO,True,cus_6ff11137142d,Vitor Gabriel Sá,TO,Norte,TOP_TIER,2,68.90,137.80,False
sal_b2194b22a2ba,2026-01-11 08:34:24,2026-01-11,Domingo,1,8,ecommerce,prd_205f309c1a21,Tapete Persa,Casa,Sony,BASICO,True,cus_a9747473c5c6,Ana Lívia Aparecida,AL,Nordeste,REGULAR,2,34.99,69.98,False
sal_fec0c727bc67,2026-01-10 08:27:36,2026-01-10,Sábado,7,8,ecommerce,prd_51511e44c92a,Kit Gamer Completo,Games,Mondial,BASICO,True,cus_8ad3c8745efb,Eduardo Cunha,AC,Norte,TOP_TIER,1,80.01,80.01,False
sal_5e40038e82ec,2025-12-22 17:07:59,2025-12-22,Segunda,2,17,ecommerce,prd_645f7859f379,Calça Jeans Skinny,Moda,Asus,BASICO,True,cus_25d1cb23f872,Melissa Pastor,AC,Norte,VIP,1,486.90,486.90,False
sal_3238a90e13fd,2025-12-21 11:20:09,2025-12-21,Domingo,1,11,ecommerce,prd_bf5d8671f7a9,Placa Mãe B450,Informática,Brastemp,BASICO,True,cus_d4db3db9eccb,Ana Julia Camargo,PB,Nordeste,TOP_TIER,1,119.90,119.90,False
sal_c32cc00a49eb,2025-12-30 15:01:43,2025-12-30,Terça,3,15,ecommerce,prd_bf5d8671f7a9,Placa Mãe B450,Informática,Brastemp,BASICO,True,cus_25c656241a9a,Amanda Novais,GO,Centro-Oeste,TOP_TIER,2,119.90,239.80,False
sal_c6847b6c6e84,2026-01-09 13:30:36,2026-01-09,Sexta,6,13,ecommerce,prd_a4025bac91a7,Óculos de Sol,Acessórios,Xiaomi,BASICO,True,cus_a01814ad9247,Ana Beatriz Alves,SP,Sudeste,TOP_TIER,2,52.90,105.80,False
sal_d3178ce3b430,2025-12-13 23:50:57,2025-12-13,Sábado,7,23,ecommerce,prd_22f73233f9a5,Notebook Inspiron 15,Eletrônicos,O Boticário,BASICO,True,cus_0343c0763f76,Vitor Gabriel Da Luz,RS,Sul,VIP,1,114.29,114.29,False
sal_df3e73af6318,2025-12-30 01:18:27,2025-12-30,Terça,3,1,ecommerce,prd_ef0b5e05efef,Creme Hidratante,Beleza,Electrolux,BASICO,True,cus_fa3a88d1ccef,Benício Gomes,AL,Nordeste,VIP,2,247.90,495.80,False
sal_08d113b117c7,2025-12-13 17:34:00,2025-12-13,Sábado,7,17,loja_fisica,prd_645f7859f379,Calça Jeans Skinny,Moda,Asus,BASICO,True,cus_fa3a88d1ccef,Benício Gomes,AL,Nordeste,VIP,2,438.21,876.42,False
sal_1fbe0f6c917d,2026-01-11 22:35:36,2026-01-11,Domingo,1,22,loja_fisica,prd_385035a5bc20,Notebook Inspiron 15,Eletrônicos,Adidas,BASICO,True,cus_a9747473c5c6,Ana Lívia Aparecida,AL,Nordeste,REGULAR,1,219.90,219.90,False
sal_1568d23c0cb5,2025-12-14 09:58:51,2025-12-14,Domingo,1,9,ecommerce,prd_92c0ecf60a58,Jogo de Toalhas,Casa,Brastemp,BASICO,True,cus_fa3a88d1ccef,Benício Gomes,AL,Nordeste,VIP,1,153.77,153.77,False
sal_64fd2b47fe69,2025-12-21 17:48:25,2025-12-21,Domingo,1,17,ecommerce,prd_30518d908a92,Cinto de Couro,Acessórios,Asus,BASICO,True,cus_639110db69ed,João Vitor Barros,AP,Norte,REGULAR,1,80.99,80.99,False
sal_913ab75dd647,2026-01-06 15:20:46,2026-01-06,Terça,3,15,loja_fisica,prd_2cbafff50c72,Sabonete Facial,Beleza,Nike,BASICO,True,cus_f1a06ae11717,Gustavo Henrique Rios,AM,Norte,TOP_TIER,2,85.77,171.54,False
sal_635f0ec017b4,2026-01-03 18:52:58,2026-01-03,Sábado,7,18,ecommerce,prd_205f309c1a21,Tapete Persa,Casa,Sony,BASICO,True,cus_a9747473c5c6,Ana Lívia Aparecida,AL,Nordeste,REGULAR,1,31.49,31.49,False
sal_16028e9be63a,2026-01-04 10:14:19,2026-01-04,Domingo,1,10,ecommerce,prd_4ee65ed59110,Frigideira Antiaderente,Cozinha,Philips,BASICO,True,cus_f50da5532735,João Gabriel Porto,MG,Sudeste,TOP_TIER,2,35.61,71.22,False
sal_0b6905958df3,2026-01-01 17:41:01,2026-01-01,Quinta,5,17,loja_fisica,prd_9aa451566556,Jarra de Vidro,Cozinha,Apple,BASICO,True,cus_6ff11137142d,Vitor Gabriel Sá,TO,Norte,TOP_TIER,1,435.49,435.49,False
sal_ba1dfd67f8af,2026-01-01 12:03:26,2026-01-01,Quinta,5,12,ecommerce,prd_2cbafff50c72,Sabonete Facial,Beleza,Nike,BASICO,True,cus_96658dc10aa5,Agatha Silveira,PA,Norte,TOP_TIER,1,100.90,100.90,False
sal_1e3a1184839c,2026-01-04 20:06:48,2026-01-04,Domingo,1,20,ecommerce,prd_6742b65088d8,Porta-temperos,Cozinha,Adidas,BASICO,True,cus_66677d443e5e,Cecília Da Luz,AC,Norte,TOP_TIER,1,39.89,39.89,False
sal_5d49c0f9e15f,2026-01-06 22:39:11,2026-01-06,Terça,3,22,ecommerce,prd_c29b93111bd9,Colar de Ouro,Acessórios,Arno,BASICO,True,cus_a9747473c5c6,Ana Lívia Aparecida,AL,Nordeste,REGULAR,1,206.90,206.90,False
sal_aabe39a14bf0,2025-12-20 09:16:24,2025-12-20,Sábado,7,9,ecommerce,prd_82cd17cb589d,Persiana Vertical,Casa,Dell,BASICO,True,cus_f1a06ae11717,Gustavo Henrique Rios,AM,Norte,TOP_TIER,1,44.90,44.90,False
sal_d75a5bcaa91a,2025-12-24 19:30:10,2025-12-24,Quarta,4,19,ecommerce,prd_f063f46a7ef8,Fone de Ouvido Esportivo,Áudio,Consul,PREMIUM,True,cus_c8d383cfde0c,Maria Cecília Oliveira,AM,Norte,TOP_TIER,1,1214.64,1214.64,False
sal_f2c18e73cf71,2025-12-17 13:39:58,2025-12-17,Quarta,4,13,ecommerce,prd_bf5d8671f7a9,Placa Mãe B450,Informática,Brastemp,BASICO,True,cus_b42a15933072,Heitor Rezende,PE,Nordeste,TOP_TIER,2,119.90,239.80,False
sal_d97ac4b27f8d,2025-12-18 14:59:04,2025-12-18,Quinta,5,14,ecommerce,prd_5437b387f602,Webcam 1080p,Informática,LG,BASICO,True,cus_c9cd13d1ae9f,Yasmin Siqueira,PA,Norte,VIP,1,205.11,205.11,False
sal_90080be14a32,2025-12-28 21:58:35,2025-12-28,Domingo,1,21,ecommerce,prd_4ee65ed59110,Frigideira Antiaderente,Cozinha,Philips,BASICO,True,cus_b42a15933072,Heitor Rezende,PE,Nordeste,TOP_TIER,3,41.90,125.70,False
sal_4c296514668b,2026-01-06 09:13:36,2026-01-06,Terça,3,9,ecommerce,prd_d500fa66507e,Shorts Jeans,Moda,Electrolux,BASICO,True,cus_13af118ef4e8,Sarah Teixeira,AM,Norte,TOP_TIER,1,365.74,365.74,False
sal_7d095b3f197f,2026-01-06 20:13:20,2026-01-06,Terça,3,20,loja_fisica,prd_fb32df842fbd,Vestido Floral,Moda,Consul,BASICO,True,cus_b0026583b709,Mariane Pacheco,MT,Centro-Oeste,VIP,1,92.90,92.90,False
sal_45411091057f,2026-01-02 16:41:26,2026-01-02,Sexta,6,16,ecommerce,prd_9f5272275347,Marcador de Texto,Acessórios,Sony,BASICO,True,cus_25d1cb23f872,Melissa Pastor,AC,Norte,VIP,2,59.50,119.00,False
sal_fdf012124113,2025-12-22 18:52:04,2025-12-22,Segunda,2,18,loja_fisica,prd_d92ad43fa137,Smart TV 43 Polegadas,Eletrônicos,Philips,BASICO,True,cus_f64907d41a69,Henrique Da Conceição,DF,Centro-Oeste,VIP,1,66.90,66.90,False
sal_e110f2791494,2025-12-27 15:56:32,2025-12-27,Sábado,7,15,ecommerce,prd_96fbc500aec1,Edredom Casal,Casa,Asus,BASICO,True,cus_d36c11b261a6,Cauã Rocha,MA,Nordeste,REGULAR,1,58.90,58.90,False
sal_8a4ed5574f02,2026-01-11 18:26:19,2026-01-11,Domingo,1,18,ecommerce,prd_694bd92302c1,Gabinete ATX,Informática,Mondial,BASICO,True,cus_9d2dd4770a79,Luigi Camargo,GO,Centro-Oeste,TOP_TIER,1,92.90,92.90,False
sal_bda117a2a513,2026-01-04 18:35:55,2026-01-04,Domingo,1,18,ecommerce,prd_142839b15f63,Vestido Casual,Moda,Xiaomi,BASICO,True,cus_f64907d41a69,Henrique Da Conceição,DF,Centro-Oeste,VIP,1,99.50,99.50,False
sal_70e413cd52de,2025-12-25 21:40:14,2025-12-25,Quinta,5,21,ecommerce,prd_afd58e5fd09d,Condicionador Hidratante,Beleza,Asus,BASICO,True,cus_0914bdf6e1fe,Isabelly Câmara,MT,Centro-Oeste,REGULAR,1,451.90,451.90,False
sal_1098a3a558fd,2026-01-07 19:58:25,2026-01-07,Quarta,4,19,loja_fisica,prd_eea07161e6c8,Brincos de Prata,Acessórios,Electrolux,BASICO,True,cus_639110db69ed,João Vitor Barros,AP,Norte,REGULAR,1,48.99,48.99,False
sal_7fb49a632923,2025-12-19 22:48:28,2025-12-19,Sexta,6,22,loja_fisica,prd_b7490508211e,Vestido Floral,Moda,Apple,BASICO,True,cus_418af67b6b28,Miguel Ramos,TO,Norte,REGULAR,1,209.00,209.00,False
sal_4a78a5ef2bc1,2026-01-09 19:04:25,2026-01-09,Sexta,6,19,ecommerce,prd_e66747c9b59e,Cesto de Vime,Casa,Brastemp,BASICO,True,cus_4e62d52db97a,Josué Souza,RJ,Sudeste,VIP,1,194.00,194.00,False
sal_645e59d932fb,2025-12-16 08:59:56,2025-12-16,Terça,3,8,loja_fisica,prd_ff35b88df534,SSD 500GB,Eletrônicos,Acer,BASICO,True,cus_f1a06ae11717,Gustavo Henrique Rios,AM,Norte,TOP_TIER,1,233.09,233.09,False
sal_bb3af1808025,2025-12-30 10:23:40,2025-12-30,Terça,3,10,ecommerce,prd_f1f39e56f84d,Bermuda Tactel,Moda,Motorola,BASICO,True,cus_8ad3c8745efb,Eduardo Cunha,AC,Norte,TOP_TIER,3,54.99,164.97,False
sal_93628c34d4b4,2026-01-08 12:54:11,2026-01-08,Quinta,5,12,ecommerce,prd_9a3dfc23b7a3,Relógio Analógico,Acessórios,Mondial,BASICO,True,cus_79d52b75f259,Elisa Freitas,CE,Nordeste,TOP_TIER,1,105.50,105.50,False
sal_0c8cd1ad029e,2026-01-03 16:33:47,2026-01-03,Sábado,7,16,ecommerce,prd_51511e44c92a,Kit Gamer Completo,Games,Mondial,BASICO,True,cus_f64907d41a69,Henrique Da Conceição,DF,Centro-Oeste,VIP,1,80.01,80.01,False
sal_6ab945691dab,2026-01-03 23:37:46,2026-01-03,Sábado,7,23,loja_fisica,prd_f063f46a7ef8,Fone de Ouvido Esportivo,Áudio,Consul,PREMIUM,True,cus_0343c0763f76,Vitor Gabriel Da Luz,RS,Sul,VIP,4,1214.64,4858.56,False
sal_8bcf6d246d8c,2026-01-11 21:23:12,2026-01-11,Domingo,1,21,ecommerce,prd_0aba258682b7,Vestido Floral,Moda,Adidas,BASICO,True,cus_fa3a88d1ccef,Benício Gomes,AL,Nordeste,VIP,1,72.50,72.50,False
sal_eef95c34d6f4,2025-12-14 15:33:56,2025-12-14,Domingo,1,15,loja_fisica,prd_5744e3f88341,Jarra de Vidro,Cozinha,Apple,BASICO,True,cus_96658dc10aa5,Agatha Silveira,PA,Norte,TOP_TIER,1,163.97,163.97,False
sal_8cbeb3483499,2025-12-16 08:47:45,2025-12-16,Terça,3,8,ecommerce,prd_4ee65ed59110,Frigideira Antiaderente,Cozinha,Philips,BASICO,True,cus_d2762f5968fe,Aurora Pastor,SE,Nordeste,REGULAR,2,35.61,71.22,False
sal_b86434240e77,2025-12-16 15:46:04,2025-12-16,Terça,3,15,ecommerce,prd_4ee65ed59110,Frigideira Antiaderente,Cozinha,Philips,BASICO,True,cus_884be6e0ce9a,Emanuel Vieira,PA,Norte,REGULAR,1,41.90,41.90,False
sal_a5648ab11252,2025-12-25 10:17:34,2025-12-25,Quinta,5,10,ecommerce,prd_b76e68fde5cb,Perfume 100ml,Beleza,Nike,BASICO,True,cus_a9747473c5c6,Ana Lívia Aparecida,AL,Nordeste,REGULAR,1,412.11,412.11,False
sal_d96ddb66268d,2025-12-30 20:17:50,2025-12-30,Terça,3,20,ecommerce,prd_032c166122f7,Controle Xbox,Games,Xiaomi,BASICO,True,cus_0914bdf6e1fe,Isabelly Câmara,MT,Centro-Oeste,REGULAR,1,219.90,219.90,False
sal_37d904de44af,2025-12-29 21:40:01,2025-12-29,Segunda,2,21,ecommerce,prd_385035a5bc20,Notebook Inspiron 15,Eletrônicos,Adidas,BASICO,True,cus_f1eccf8e0d99,Luiz Miguel Câmara,GO,Centro-Oeste,REGULAR,1,219.90,219.90,False
sal_a7aef2c744e1,2026-01-09 20:44:03,2026-01-09,Sexta,6,20,ecommerce,prd_dd8079e89b90,Porta-retrato,Casa,Nike,BASICO,True,cus_9d2dd4770a79,Luigi Camargo,GO,Centro-Oeste,TOP_TIER,1,72.17,72.17,False
sal_ee196c4451c3,2025-12-24 01:35:26,2025-12-24,Quarta,4,1,loja_fisica,prd_afd58e5fd09d,Condicionador Hidratante,Beleza,Asus,BASICO,True,cus_c8d383cfde0c,Maria Cecília Oliveira,AM,Norte,TOP_TIER,1,406.71,406.71,False
sal_59d8bb8f88a0,2025-12-25 15:03:38,2025-12-25,Quinta,5,15,ecommerce,prd_694bd92302c1,Gabinete ATX,Informática,Mondial,BASICO,True,cus_d4db3db9eccb,Ana Julia Camargo,PB,Nordeste,TOP_TIER,1,92.90,92.90,False
sal_01a251ce5e21,2025-12-26 21:47:25,2025-12-26,Sexta,6,21,ecommerce,prd_c29b93111bd9,Colar de Ouro,Acessórios,Arno,BASICO,True,cus_b0026583b709,Mariane Pacheco,MT,Centro-Oeste,VIP,1,206.90,206.90,False
sal_ec2ff54e44e2,2026-01-05 11:23:14,2026-01-05,Segunda,2,11,ecommerce,prd_334f4a32f979,Persiana Vertical,Casa,Motorola,BASICO,True,cus_0343c0763f76,Vitor Gabriel Da Luz,RS,Sul,VIP,3,404.50,1213.50,False
sal_82d02daa8acb,2026-01-11 13:46:32,2026-01-11,Domingo,1,13,loja_fisica,prd_c50822dc2e7c,Teclado Mecânico RGB,Eletrônicos,Philips,BASICO,True,cus_a2e18141f826,Ísis Leão,CE,Nordeste,REGULAR,1,223.99,223.99,False
sal_919fb25c2948,2025-12-16 23:28:47,2025-12-16,Terça,3,23,loja_fisica,prd_1091c2cfe1e9,Edredom Casal,Casa,Sony,BASICO,True,cus_9d2dd4770a79,Luigi Camargo,GO,Centro-Oeste,TOP_TIER,1,383.31,383.31,False
sal_aebfc43edd4a,2025-12-21 16:34:46,2025-12-21,Domingo,1,16,ecommerce,prd_334f4a32f979,Persiana Vertical,Casa,Motorola,BASICO,True,cus_a2e18141f826,Ísis Leão,CE,Nordeste,REGULAR,1,343.82,343.82,False
sal_b46ba216cf38,2026-01-01 18:14:43,2026-01-01,Quinta,5,18,ecommerce,prd_f063f46a7ef8,Fone de Ouvido Esportivo,Áudio,Consul,PREMIUM,True,cus_cf84750c1fb4,Alana Teixeira,MA,Nordeste,TOP_TIER,4,1286.09,5144.36,False
sal_b7fedd097c6e,2025-12-30 13:39:45,2025-12-30,Terça,3,13,ecommerce,prd_045813f96891,Cardigan de Lã,Moda,LG,BASICO,True,cus_0343c0763f76,Vitor Gabriel Da Luz,RS,Sul,VIP,2,121.54,243.08,False
sal_933249adce22,2025-12-30 10:39:05,2025-12-30,Terça,3,10,loja_fisica,prd_18c839427e8c,Gabinete ATX,Informática,Samsung,MEDIO,True,cus_d36c11b261a6,Cauã Rocha,MA,Nordeste,REGULAR,1,798.90,798.90,False
sal_a5bf68135a8b,2025-12-31 08:58:46,2025-12-31,Quarta,4,8,loja_fisica,prd_c62100cc281c,Webcam para Stream,Games,Samsung,BASICO,True,cus_8ad3c8745efb,Eduardo Cunha,AC,Norte,TOP_TIER,1,46.45,46.45,False
sal_8e4f5caef000,2025-12-29 09:33:38,2025-12-29,Segunda,2,9,ecommerce,prd_9adbaa3083e1,Jaqueta Jeans,Moda,Sony,BASICO,True,cus_8ad3c8745efb,Eduardo Cunha,AC,Norte,TOP_TIER,1,93.50,93.50,False
sal_1684c2ff8ddc,2026-01-07 16:06:20,2026-01-07,Quarta,4,16,ecommerce,prd_8fa1119d3982,Roteador Wi-Fi 6,Eletrônicos,Adidas,BASICO,True,cus_36595eecf105,Bruno Novaes,PA,Norte,REGULAR,2,39.90,79.80,False
sal_048a9d1c81a1,2026-01-05 18:08:25,2026-01-05,Segunda,2,18,ecommerce,prd_2293732b7542,Cortina Blackout,Casa,Xiaomi,BASICO,True,cus_7262f4e5ce9f,Sophia Monteiro,SP,Sudeste,TOP_TIER,1,68.90,68.90,False
sal_0a2a098254c2,2025-12-29 18:22:26,2025-12-29,Segunda,2,18,ecommerce,prd_b76e68fde5cb,Perfume 100ml,Beleza,Nike,BASICO,True,cus_911b23c97589,Heitor Nunes,MS,Centro-Oeste,REGULAR,1,412.11,412.11,False
sal_6ec2937eec8a,2025-12-24 22:07:50,2025-12-24,Quarta,4,22,ecommerce,prd_a4025bac91a7,Óculos de Sol,Acessórios,Xiaomi,BASICO,True,cus_cf84750c1fb4,Alana Teixeira,MA,Nordeste,TOP_TIER,1,44.96,44.96,False
sal_6c84c107a9bd,2026-01-08 11:44:58,2026-01-08,Quinta,5,11,ecommerce,prd_bf5d8671f7a9,Placa Mãe B450,Informática,Brastemp,BASICO,True,cus_639110db69ed,João Vitor Barros,AP,Norte,REGULAR,1,119.90,119.90,False
sal_f8295a1b2665,2026-01-09 18:17:10,2026-01-09,Sexta,6,18,ecommerce,prd_4e1abbd002eb,Mochila Esportiva,Esporte,Samsung,BASICO,True,cus_ec8d75866856,Luan Vargas,RS,Sul,TOP_TIER,1,44.90,44.90,False
sal_a9697696b91f,2026-01-03 15:26:31,2026-01-03,Sábado,7,15,loja_fisica,prd_02dd786968a0,HD Externo 1TB,Eletrônicos,Adidas,BASICO,True,cus_78ab1cf16e12,Beatriz Garcia,SE,Nordeste,TOP_TIER,1,230.84,230.84,False
sal_3f29debba1cb,2025-12-21 08:34:07,2025-12-21,Domingo,1,8,ecommerce,prd_d92ad43fa137,Smart TV 43 Polegadas,Eletrônicos,Philips,BASICO,True,cus_66677d443e5e,Cecília Da Luz,AC,Norte,TOP_TIER,1,56.87,56.87,False
sal_8a582ee2279f,2025-12-29 16:14:25,2025-12-29,Segunda,2,16,ecommerce,prd_385035a5bc20,Notebook Inspiron 15,Eletrônicos,Adidas,BASICO,True,cus_a8f8e01eaee8,Elisa Martins,ES,Sudeste,REGULAR,1,241.89,241.89,False
sal_0f1a6a66976c,2026-01-07 19:47:02,2026-01-07,Quarta,4,19,loja_fisica,prd_645f7859f379,Calça Jeans Skinny,Moda,Asus,BASICO,True,cus_644bf6820c61,Heloísa Andrade,PR,Sul,REGULAR,1,486.90,486.90,False
sal_7f8e074818de,2026-01-04 19:37:17,2026-01-04,Domingo,1,19,loja_fisica,prd_1f81bf3405b1,Fonte PC 500W,Informática,O Boticário,BASICO,True,cus_508a15ccf0fa,Zoe Campos,MT,Centro-Oeste,TOP_TIER,1,61.90,61.90,False
sal_ca079ddf6e7b,2026-01-08 12:07:08,2026-01-08,Quinta,5,12,ecommerce,prd_b4a823952be5,Amplificador de Áudio,Áudio,Consul,BASICO,True,cus_96658dc10aa5,Agatha Silveira,PA,Norte,TOP_TIER,1,66.51,66.51,False
sal_4ca493fbd1e1,2025-12-14 13:54:17,2025-12-14,Domingo,1,13,ecommerce,prd_ff56c9132964,Regata Básica,Moda,Xiaomi,BASICO,True,cus_c9cd13d1ae9f,Yasmin Siqueira,PA,Norte,VIP,1,203.29,203.29,False
sal_cd890a4512d2,2026-01-05 17:42:50,2026-01-05,Segunda,2,17,ecommerce,prd_ff35b88df534,SSD 500GB,Eletrônicos,Acer,BASICO,True,cus_3580317ddeab,Bella Borges,AM,Norte,VIP,2,201.31,402.62,False
sal_de5a5ad371a4,2026-01-09 19:40:29,2026-01-09,Sexta,6,19,loja_fisica,prd_686e2aab873d,Blusa de Frio,Moda,Philips,BASICO,True,cus_f1eccf8e0d99,Luiz Miguel Câmara,GO,Centro-Oeste,REGULAR,2,98.45,196.90,False
sal_6858fce9af89,2026-01-09 11:41:45,2026-01-09,Sexta,6,11,loja_fisica,prd_a4025bac91a7,Óculos de Sol,Acessórios,Xiaomi,BASICO,True,cus_8fa04d3a5837,Rafael Porto,RS,Sul,TOP_TIER,1,52.90,52.90,False
sal_2ea72e35866d,2025-12-21 10:35:07,2025-12-21,Domingo,1,10,ecommerce,prd_ff35b88df534,SSD 500GB,Eletrônicos,Acer,BASICO,True,cus_25d1cb23f872,Melissa Pastor,AC,Norte,VIP,1,211.90,211.90,False
sal_36fc109956b3,2025-12-21 12:05:21,2025-12-21,Domingo,1,12,loja_fisica,prd_cc3053305ba7,iPhone 14,Eletrônicos,Motorola,MEDIO,True,cus_b0026583b709,Mariane Pacheco,MT,Centro-Oeste,VIP,1,616.90,616.90,False
sal_f0db4290ef53,2025-12-16 16:35:39,2025-12-16,Terça,3,16,ecommerce,prd_30518d908a92,Cinto de Couro,Acessórios,Asus,BASICO,True,cus_13af118ef4e8,Sarah Teixeira,AM,Norte,TOP_TIER,1,80.99,80.99,False
sal_0384807e2e0f,2026-01-01 21:22:48,2026-01-01,Quinta,5,21,ecommerce,prd_e66747c9b59e,Cesto de Vime,Casa,Brastemp,BASICO,True,cus_b0026583b709,Mariane Pacheco,MT,Centro-Oeste,VIP,1,194.00,194.00,False
sal_5aac1856a938,2026-01-11 12:54:08,2026-01-11,Domingo,1,12,ecommerce,prd_b4a823952be5,Amplificador de Áudio,Áudio,Consul,BASICO,True,cus_36595eecf105,Bruno Novaes,PA,Norte,REGULAR,1,73.90,73.90,False
sal_c7e096614f9d,2025-12-15 19:18:07,2025-12-15,Segunda,2,19,ecommerce,prd_d22d1b8b1502,Camisa Social,Moda,Brastemp,PREMIUM,True,cus_7262f4e5ce9f,Sophia Monteiro,SP,Sudeste,TOP_TIER,2,1034.91,2069.82,False
sal_790ee969386e,2025-12-18 22:29:19,2025-12-18,Quinta,5,22,ecommerce,prd_06c19781c3db,Assadeira de Vidro,Cozinha,Nike,BASICO,True,cus_ec8d75866856,Luan Vargas,RS,Sul,TOP_TIER,2,100.90,201.80,False
sal_2249d37262d8,2025-12-21 22:22:00,2025-12-21,Domingo,1,22,ecommerce,prd_d22d1b8b1502,Camisa Social,Moda,Brastemp,PREMIUM,True,cus_f64907d41a69,Henrique Da Conceição,DF,Centro-Oeste,VIP,1,1149.90,1149.90,False
sal_fb1a070cec73,2025-12-23 19:42:46,2025-12-23,Terça,3,19,ecommerce,prd_9259039bf9b2,Tábua de Corte,Cozinha,Sony,BASICO,True,cus_a2e18141f826,Ísis Leão,CE,Nordeste,REGULAR,3,265.09,795.27,False
sal_48f5f42c5e25,2026-01-02 11:25:34,2026-01-02,Sexta,6,11,ecommerce,prd_23664e42a71c,Jogo de Toalhas,Casa,Xiaomi,BASICO,True,cus_66677d443e5e,Cecília Da Luz,AC,Norte,TOP_TIER,1,109.90,109.90,False
sal_95f7d24edc6d,2026-01-04 08:33:56,2026-01-04,Domingo,1,8,ecommerce,prd_4ee65ed59110,Frigideira Antiaderente,Cozinha,Philips,BASICO,True,cus_a01814ad9247,Ana Beatriz Alves,SP,Sudeste,TOP_TIER,1,39.80,39.80,False
sal_4d959f448737,2025-12-18 22:32:07,2025-12-18,Quinta,5,22,ecommerce,prd_686e2aab873d,Blusa de Frio,Moda,Philips,BASICO,True,cus_d2762f5968fe,Aurora Pastor,SE,Nordeste,REGULAR,1,89.50,89.50,False
sal_1f3103a92d7e,2025-12-13 08:25:28,2025-12-13,Sábado,7,8,loja_fisica,prd_afd58e5fd09d,Condicionador Hidratante,Beleza,Asus,BASICO,True,cus_8ad3c8745efb,Eduardo Cunha,AC,Norte,TOP_TIER,1,451.90,451.90,False
sal_6a65e2ab0464,2025-12-21 19:23:46,2025-12-21,Domingo,1,19,loja_fisica,prd_4ee65ed59110,Frigideira Antiaderente,Cozinha,Philips,BASICO,True,cus_fa3a88d1ccef,Benício Gomes,AL,Nordeste,VIP,2,41.90,83.80,False
sal_2c239bb9510f,2025-12-26 01:30:06,2025-12-26,Sexta,6,1,ecommerce,prd_84a009f1889d,Cortina Box,Casa,Consul,BASICO,True,cus_f64907d41a69,Henrique Da Conceição,DF,Centro-Oeste,VIP,1,31.25,31.25,False
sal_2c1a42f6ef7b,2025-12-30 14:37:31,2025-12-30,Terça,3,14,ecommerce,prd_b17460641fb4,Garrafa Térmica 1L,Cozinha,Xiaomi,BASICO,True,cus_884be6e0ce9a,Emanuel Vieira,PA,Norte,REGULAR,1,239.99,239.99,False
sal_58cc8de977f6,2026-01-05 15:47:48,2026-01-05,Segunda,2,15,ecommerce,prd_afd58e5fd09d,Condicionador Hidratante,Beleza,Asus,BASICO,True,cus_a01814ad9247,Ana Beatriz Alves,SP,Sudeste,TOP_TIER,1,429.30,429.30,False
sal_024fa2fdb64f,2025-12-31 21:21:37,2025-12-31,Quarta,4,21,ecommerce,prd_205f309c1a21,Tapete Persa,Casa,Sony,BASICO,True,cus_eae005fd3470,Calebe Fogaça,TO,Norte,TOP_TIER,1,33.24,33.24,False
sal_44048eadc3fe,2025-12-22 22:15:13,2025-12-22,Segunda,2,22,loja_fisica,prd_51511e44c92a,Kit Gamer Completo,Games,Mondial,BASICO,True,cus_13af118ef4e8,Sarah Teixeira,AM,Norte,TOP_TIER,1,97.79,97.79,False
sal_8ac041d74b35,2026-01-11 09:24:20,2026-01-11,Domingo,1,9,ecommerce,prd_ff35b88df534,SSD 500GB,Eletrônicos,Acer,BASICO,True,cus_78ab1cf16e12,Beatriz Garcia,SE,Nordeste,TOP_TIER,1,211.90,211.90,False
sal_1cb651c90d5c,2026-01-07 12:09:11,2026-01-07,Quarta,4,12,ecommerce,prd_faf3fd1a4155,Cinto de Couro,Acessórios,Dell,BASICO,True,cus_df9e0b31fa20,Yuri Albuquerque,SE,Nordeste,REGULAR,2,97.75,195.50,False
sal_d493d1e9f1fb,2026-01-09 08:48:46,2026-01-09,Sexta,6,8,ecommerce,prd_92c0ecf60a58,Jogo de Toalhas,Casa,Brastemp,BASICO,True,cus_7262f4e5ce9f,Sophia Monteiro,SP,Sudeste,TOP_TIER,5,180.90,904.50,False
sal_732f6c4b7e9f,2025-12-27 09:30:02,2025-12-27,Sábado,7,9,loja_fisica,prd_eea07161e6c8,Brincos de Prata,Acessórios,Electrolux,BASICO,True,cus_d36c11b261a6,Cauã Rocha,MA,Nordeste,REGULAR,3,48.99,146.97,False
sal_6c5d88cbff7d,2025-12-19 09:11:16,2025-12-19,Sexta,6,9,loja_fisica,prd_b7490508211e,Vestido Floral,Moda,Apple,BASICO,True,cus_f1eccf8e0d99,Luiz Miguel Câmara,GO,Centro-Oeste,REGULAR,1,220.00,220.00,False
sal_64e0ff45d642,2026-01-02 14:50:46,2026-01-02,Sexta,6,14,ecommerce,prd_47a25ae10c23,Soundbar TV,Áudio,Acer,BASICO,True,cus_f1a06ae11717,Gustavo Henrique Rios,AM,Norte,TOP_TIER,1,88.99,88.99,False
sal_6fab3904f8a2,2026-01-11 13:43:15,2026-01-11,Domingo,1,13,loja_fisica,prd_d92ad43fa137,Smart TV 43 Polegadas,Eletrônicos,Philips,BASICO,True,cus_911b23c97589,Heitor Nunes,MS,Centro-Oeste,REGULAR,1,66.90,66.90,False
sal_1b6aae94ccb4,2025-12-26 10:17:05,2025-12-26,Sexta,6,10,ecommerce,prd_64000b956cf3,Tapete Persa,Casa,Motorola,BASICO,True,cus_6ff11137142d,Vitor Gabriel Sá,TO,Norte,TOP_TIER,1,258.90,258.90,False
sal_c969f6d9a14d,2026-01-05 22:10:35,2026-01-05,Segunda,2,22,ecommerce,prd_045813f96891,Cardigan de Lã,Moda,LG,BASICO,True,cus_a2e18141f826,Ísis Leão,CE,Nordeste,REGULAR,2,142.99,285.98,False
sal_0c7a662b21e8,2026-01-07 19:51:14,2026-01-07,Quarta,4,19,ecommerce,prd_9239eec8982d,HD Externo 2TB,Informática,Arno,BASICO,True,cus_96658dc10aa5,Agatha Silveira,PA,Norte,TOP_TIER,4,51.99,207.96,False
sal_f50ddc6793f1,2025-12-22 11:33:36,2025-12-22,Segunda,2,11,ecommerce,prd_3e585d1aaf6c,Gabinete ATX,Informática,LG,BASICO,True,cus_f1eccf8e0d99,Luiz Miguel Câmara,GO,Centro-Oeste,REGULAR,1,209.90,209.90,False
sal_d45053d53f07,2025-12-23 17:17:12,2025-12-23,Terça,3,17,ecommerce,prd_bf5d8671f7a9,Placa Mãe B450,Informática,Brastemp,BASICO,True,cus_884be6e0ce9a,Emanuel Vieira,PA,Norte,REGULAR,1,107.91,107.91,False
sal_0ebb95ed7e6d,2025-12-25 20:01:31,2025-12-25,Quinta,5,20,ecommerce,prd_d500fa66507e,Shorts Jeans,Moda,Electrolux,BASICO,True,cus_1a38731e1fbe,Otávio Fernandes,ES,Sudeste,TOP_TIER,2,365.74,731.48,False
sal_df548a6cf11b,2026-01-01 15:02:01,2026-01-01,Quinta,5,15,ecommerce,prd_f063f46a7ef8,Fone de Ouvido Esportivo,Áudio,Consul,PREMIUM,True,cus_9d2dd4770a79,Luigi Camargo,GO,Centro-Oeste,TOP_TIER,2,1428.99,2857.98,False
sal_659a57ffb6a8,2025-12-27 22:46:20,2025-12-27,Sábado,7,22,loja_fisica,prd_8b22fd85d500,Garrafa Térmica 1L,Cozinha,Sony,BASICO,True,cus_79d52b75f259,Elisa Freitas,CE,Nordeste,TOP_TIER,3,324.99,974.97,False
sal_3bc1ad7ad616,2026-01-05 17:10:04,2026-01-05,Segunda,2,17,ecommerce,prd_8b22fd85d500,Garrafa Térmica 1L,Cozinha,Sony,BASICO,True,cus_6ff11137142d,Vitor Gabriel Sá,TO,Norte,TOP_TIER,2,308.74,617.48,False
sal_70e9ffc71ad5,2025-12-16 16:01:44,2025-12-16,Terça,3,16,ecommerce,prd_9a3dfc23b7a3,Relógio Analógico,Acessórios,Mondial,BASICO,True,cus_a9747473c5c6,Ana Lívia Aparecida,AL,Nordeste,REGULAR,1,94.95,94.95,False
sal_57d4c23ff2a6,2025-12-23 19:28:27,2025-12-23,Terça,3,19,ecommerce,prd_3fb63c4ea3c2,Óculos de Sol,Acessórios,Arno,BASICO,True,cus_911b23c97589,Heitor Nunes,MS,Centro-Oeste,REGULAR,1,164.99,164.99,False
sal_d17350e688d1,2025-12-24 12:31:52,2025-12-24,Quarta,4,12,ecommerce,prd_d22d1b8b1502,Camisa Social,Moda,Brastemp,PREMIUM,True,cus_cf84750c1fb4,Alana Teixeira,MA,Nordeste,TOP_TIER,1,1149.90,1149.90,False
sal_dd065a22e1e4,2025-12-26 21:54:04,2025-12-26,Sexta,6,21,ecommerce,prd_6d4e3b1efd0c,Necessaire,Acessórios,Xiaomi,PREMIUM,True,cus_4209c24e0be2,Maya Castro,TO,Norte,REGULAR,1,1139.99,1139.99,False
sal_4ba6a239f186,2025-12-21 10:47:51,2025-12-21,Domingo,1,10,ecommerce,prd_6ae727ee4463,Placa Mãe B450,Informática,Xiaomi,BASICO,True,cus_a9747473c5c6,Ana Lívia Aparecida,AL,Nordeste,REGULAR,1,70.30,70.30,False
sal_d8ed935da608,2025-12-24 13:49:49,2025-12-24,Quarta,4,13,ecommerce,prd_fd4be5bad76d,Colchonete Yoga,Esporte,Sony,BASICO,True,cus_f50da5532735,João Gabriel Porto,MG,Sudeste,TOP_TIER,1,140.90,140.90,False
sal_54f57f3cdc44,2026-01-09 13:30:29,2026-01-09,Sexta,6,13,ecommerce,prd_92c0ecf60a58,Jogo de Toalhas,Casa,Brastemp,BASICO,True,cus_a2e18141f826,Ísis Leão,CE,Nordeste,REGULAR,1,180.90,180.90,False
sal_f62172391754,2025-12-23 18:37:20,2025-12-23,Terça,3,18,ecommerce,prd_96fbc500aec1,Edredom Casal,Casa,Asus,BASICO,True,cus_d36c11b261a6,Cauã Rocha,MA,Nordeste,REGULAR,1,58.90,58.90,False
sal_80d969f02da4,2025-12-30 16:36:11,2025-12-30,Terça,3,16,ecommerce,prd_23664e42a71c,Jogo de Toalhas,Casa,Xiaomi,BASICO,True,cus_79d52b75f259,Elisa Freitas,CE,Nordeste,TOP_TIER,1,104.41,104.41,False
sal_2d47aff9b988,2025-12-15 16:23:25,2025-12-15,Segunda,2,16,loja_fisica,prd_1974423eecee,Suporte para Monitor,Informática,LG,BASICO,True,cus_8ad3c8745efb,Eduardo Cunha,AC,Norte,TOP_TIER,1,164.50,164.50,False
sal_9bfc86695fc8,2025-12-26 10:01:31,2025-12-26,Sexta,6,10,ecommerce,prd_02dd786968a0,HD Externo 1TB,Eletrônicos,Adidas,BASICO,True,cus_8ad3c8745efb,Eduardo Cunha,AC,Norte,TOP_TIER,2,242.99,485.98,False
sal_6e559fabe4dc,2025-12-15 20:28:10,2025-12-15,Segunda,2,20,ecommerce,prd_9d1aea4d28ae,Pesos de Pulso,Esporte,Sony,PREMIUM,True,cus_25d1cb23f872,Melissa Pastor,AC,Norte,VIP,4,1192.41,4769.64,False
sal_f8271edfa8c4,2025-12-31 14:23:17,2025-12-31,Quarta,4,14,ecommerce,prd_dfac11815029,Microfone para Stream,Games,Apple,BASICO,True,cus_6ff11137142d,Vitor Gabriel Sá,TO,Norte,TOP_TIER,1,189.00,189.00,False
sal_8043492b7c28,2026-01-10 18:01:53,2026-01-10,Sábado,7,18,ecommerce,prd_205f309c1a21,Tapete Persa,Casa,Sony,BASICO,True,cus_3580317ddeab,Bella Borges,AM,Norte,VIP,1,33.24,33.24,False
sal_11311830acbf,2026-01-01 19:20:11,2026-01-01,Quinta,5,19,ecommerce,prd_6742b65088d8,Porta-temperos,Cozinha,Adidas,BASICO,True,cus_8fa04d3a5837,Rafael Porto,RS,Sul,TOP_TIER,1,35.69,35.69,False
sal_d437919d6dde,2026-01-02 13:26:42,2026-01-02,Sexta,6,13,ecommerce,prd_205f309c1a21,Tapete Persa,Casa,Sony,BASICO,True,cus_8fa04d3a5837,Rafael Porto,RS,Sul,TOP_TIER,1,29.74,29.74,False
sal_3f4e9d7dbd6b,2025-12-21 21:06:28,2025-12-21,Domingo,1,21,ecommerce,prd_645f7859f379,Calça Jeans Skinny,Moda,Asus,BASICO,True,cus_b42a15933072,Heitor Rezende,PE,Nordeste,TOP_TIER,2,486.90,973.80,False
sal_900ca220e747,2026-01-01 22:13:34,2026-01-01,Quinta,5,22,ecommerce,prd_c62100cc281c,Webcam para Stream,Games,Samsung,BASICO,True,cus_a9747473c5c6,Ana Lívia Aparecida,AL,Nordeste,REGULAR,1,48.90,48.90,False
sal_116e01206086,2025-12-21 11:51:20,2025-12-21,Domingo,1,11,ecommerce,prd_334f4a32f979,Persiana Vertical,Casa,Motorola,BASICO,True,cus_25c656241a9a,Amanda Novais,GO,Centro-Oeste,TOP_TIER,1,384.27,384.27,False
sal_33fcff69ba8c,2025-12-16 21:56:52,2025-12-16,Terça,3,21,ecommerce,prd_28cd8ab86936,Porta-moedas,Acessórios,Xiaomi,BASICO,True,cus_8fa04d3a5837,Rafael Porto,RS,Sul,TOP_TIER,2,203.40,406.80,False
sal_9d4803744569,2025-12-16 11:30:34,2025-12-16,Terça,3,11,loja_fisica,prd_385035a5bc20,Notebook Inspiron 15,Eletrônicos,Adidas,BASICO,True,cus_0914bdf6e1fe,Isabelly Câmara,MT,Centro-Oeste,REGULAR,2,219.90,439.80,False
sal_a475186e3730,2025-12-31 08:32:04,2025-12-31,Quarta,4,8,ecommerce,prd_d500fa66507e,Shorts Jeans,Moda,Electrolux,BASICO,True,cus_4e62d52db97a,Josué Souza,RJ,Sudeste,VIP,1,327.24,327.24,False
sal_546a4ee40610,2025-12-19 17:01:18,2025-12-19,Sexta,6,17,ecommerce,prd_651e8d1acbf8,Processador de Alimentos,Cozinha,Brastemp,BASICO,True,cus_66677d443e5e,Cecília Da Luz,AC,Norte,TOP_TIER,1,511.39,511.39,False
sal_f685c0f017fe,2025-12-17 17:04:09,2025-12-17,Quarta,4,17,loja_fisica,prd_84a009f1889d,Cortina Box,Casa,Consul,BASICO,True,cus_0ff4cceccc6f,João Aparecida,CE,Nordeste,TOP_TIER,1,29.61,29.61,False
sal_359456899c98,2025-12-23 16:40:11,2025-12-23,Terça,3,16,ecommerce,prd_9b6e92e0766c,Casaco de Inverno,Moda,Arno,BASICO,True,cus_a2e18141f826,Ísis Leão,CE,Nordeste,REGULAR,1,35.90,35.90,False
sal_3a471e3d2d66,2026-01-09 17:49:29,2026-01-09,Sexta,6,17,loja_fisica,prd_3fb63c4ea3c2,Óculos de Sol,Acessórios,Arno,BASICO,True,cus_fa3a88d1ccef,Benício Gomes,AL,Nordeste,VIP,1,181.49,181.49,False
sal_442e3b170f23,2025-12-16 18:46:11,2025-12-16,Terça,3,18,ecommerce,prd_9b6e92e0766c,Casaco de Inverno,Moda,Arno,BASICO,True,cus_df9e0b31fa20,Yuri Albuquerque,SE,Nordeste,REGULAR,1,35.90,35.90,False
sal_54f67ab25663,2026-01-08 16:24:04,2026-01-08,Quinta,5,16,ecommerce,prd_a4025bac91a7,Óculos de Sol,Acessórios,Xiaomi,BASICO,True,cus_78ab1cf16e12,Beatriz Garcia,SE,Nordeste,TOP_TIER,1,52.90,52.90,False
sal_0e7c02665af9,2025-12-18 18:33:25,2025-12-18,Quinta,5,18,loja_fisica,prd_47a25ae10c23,Soundbar TV,Áudio,Acer,BASICO,True,cus_f1a06ae11717,Gustavo Henrique Rios,AM,Norte,TOP_TIER,1,88.99,88.99,False
sal_bbf59341e2b5,2026-01-10 00:40:11,2026-01-10,Sábado,7,0,ecommerce,prd_8b22fd85d500,Garrafa Térmica 1L,Cozinha,Sony,BASICO,True,cus_3580317ddeab,Bella Borges,AM,Norte,VIP,1,276.24,276.24,False
sal_acd0e2ae9c8b,2025-12-17 15:53:11,2025-12-17,Quarta,4,15,loja_fisica,prd_c9b4024b7b9e,Toca-discos USB,Áudio,Mondial,BASICO,True,cus_cf84750c1fb4,Alana Teixeira,MA,Nordeste,TOP_TIER,1,95.50,95.50,False
sal_b89fe4c1da0a,2025-12-26 18:54:16,2025-12-26,Sexta,6,18,ecommerce,prd_385035a5bc20,Notebook Inspiron 15,Eletrônicos,Adidas,BASICO,True,cus_a2e18141f826,Ísis Leão,CE,Nordeste,REGULAR,1,219.90,219.90,False
sal_f4e5d59a1ba0,2026-01-04 19:52:00,2026-01-04,Domingo,1,19,ecommerce,prd_686e2aab873d,Blusa de Frio,Moda,Philips,BASICO,True,cus_508a15ccf0fa,Zoe Campos,MT,Centro-Oeste,TOP_TIER,1,89.50,89.50,False
sal_65fdbd7af738,2026-01-04 18:34:10,2026-01-04,Domingo,1,18,ecommerce,prd_205f309c1a21,Tapete Persa,Casa,Sony,BASICO,True,cus_25d1cb23f872,Melissa Pastor,AC,Norte,VIP,1,31.49,31.49,False
sal_e4fdba3c75e4,2026-01-04 20:43:25,2026-01-04,Domingo,1,20,ecommerce,prd_6f0a4eefed22,Faqueiro Inox 12 Peças,Cozinha,Apple,BASICO,True,cus_eae005fd3470,Calebe Fogaça,TO,Norte,TOP_TIER,1,33.99,33.99,False
sal_3638e9dabcda,2025-12-13 17:46:01,2025-12-13,Sábado,7,17,loja_fisica,prd_815b38747487,Conjunto de Malha,Moda,Brastemp,BASICO,True,cus_639110db69ed,João Vitor Barros,AP,Norte,REGULAR,1,86.50,86.50,False
sal_4fcfa0b373b8,2025-12-26 08:05:11,2025-12-26,Sexta,6,8,loja_fisica,prd_a4025bac91a7,Óculos de Sol,Acessórios,Xiaomi,BASICO,True,cus_96658dc10aa5,Agatha Silveira,PA,Norte,TOP_TIER,1,52.90,52.90,False
sal_5e71c2200c22,2026-01-09 13:16:54,2026-01-09,Sexta,6,13,loja_fisica,prd_142839b15f63,Vestido Casual,Moda,Xiaomi,BASICO,True,cus_df9e0b31fa20,Yuri Albuquerque,SE,Nordeste,REGULAR,1,99.50,99.50,False
sal_2af6b95812ee,2025-12-15 15:57:49,2025-12-15,Segunda,2,15,ecommerce,prd_645f7859f379,Calça Jeans Skinny,Moda,Asus,BASICO,True,cus_418af67b6b28,Miguel Ramos,TO,Norte,REGULAR,2,462.55,925.10,False
sal_f79cad32f7ac,2025-12-14 19:32:36,2025-12-14,Domingo,1,19,ecommerce,prd_47a25ae10c23,Soundbar TV,Áudio,Acer,BASICO,True,cus_6ff11137142d,Vitor Gabriel Sá,TO,Norte,TOP_TIER,1,88.99,88.99,False
sal_70e992d618b4,2025-12-30 16:01:59,2025-12-30,Terça,3,16,loja_fisica,prd_bf5d8671f7a9,Placa Mãe B450,Informática,Brastemp,BASICO,True,cus_c3944101594c,Murilo Da Mata,RR,Norte,VIP,4,119.90,479.60,False
sal_783137917f1d,2025-12-14 08:14:38,2025-12-14,Domingo,1,8,ecommerce,prd_30518d908a92,Cinto de Couro,Acessórios,Asus,BASICO,True,cus_1a38731e1fbe,Otávio Fernandes,ES,Sudeste,TOP_TIER,3,80.99,242.97,False
sal_ae5d2b3e1c2c,2025-12-17 20:57:07,2025-12-17,Quarta,4,20,ecommerce,prd_a4025bac91a7,Óculos de Sol,Acessórios,Xiaomi,BASICO,True,cus_66677d443e5e,Cecília Da Luz,AC,Norte,TOP_TIER,3,50.25,150.75,False
sal_31bd45dba6e6,2026-01-08 19:54:19,2026-01-08,Quinta,5,19,loja_fisica,prd_380fab5d7131,Porta-retrato,Casa,Philips,BASICO,True,cus_b42a15933072,Heitor Rezende,PE,Nordeste,TOP_TIER,1,142.90,142.90,False
sal_0483eca2b640,2026-01-08 22:25:11,2026-01-08,Quinta,5,22,ecommerce,prd_22f73233f9a5,Notebook Inspiron 15,Eletrônicos,O Boticário,BASICO,True,cus_6ff11137142d,Vitor Gabriel Sá,TO,Norte,TOP_TIER,1,103.90,103.90,False
sal_8096235cab70,2025-12-18 23:48:47,2025-12-18,Quinta,5,23,loja_fisica,prd_92c0ecf60a58,Jogo de Toalhas,Casa,Brastemp,BASICO,True,cus_f1eccf8e0d99,Luiz Miguel Câmara,GO,Centro-Oeste,REGULAR,1,180.90,180.90,False
sal_e59305735ae7,2025-12-15 12:11:42,2025-12-15,Segunda,2,12,loja_fisica,prd_3e42ffcc8dd9,Mochila Escolar,Acessórios,Acer,BASICO,True,cus_7262f4e5ce9f,Sophia Monteiro,SP,Sudeste,TOP_TIER,3,74.69,224.07,False
sal_8bc42817c8d6,2025-12-31 20:11:33,2025-12-31,Quarta,4,20,ecommerce,prd_b76e68fde5cb,Perfume 100ml,Beleza,Nike,BASICO,True,cus_31874cf2d1e5,Nina Moura,SP,Sudeste,TOP_TIER,1,457.90,457.90,False
sal_7a9cd8adb8b7,2025-12-30 17:32:18,2025-12-30,Terça,3,17,ecommerce,prd_205f309c1a21,Tapete Persa,Casa,Sony,BASICO,True,cus_b42a15933072,Heitor Rezende,PE,Nordeste,TOP_TIER,2,33.24,66.48,False
sal_cc5c7f52f58d,2025-12-30 19:35:12,2025-12-30,Terça,3,19,ecommerce,prd_89d76b194110,Travesseiro Ortopédico,Casa,Sony,BASICO,True,cus_25d1cb23f872,Melissa Pastor,AC,Norte,VIP,1,170.99,170.99,False
sal_94eca9e37ce0,2026-01-07 08:51:44,2026-01-07,Quarta,4,8,ecommerce,prd_ff35b88df534,SSD 500GB,Eletrônicos,Acer,BASICO,True,cus_36595eecf105,Bruno Novaes,PA,Norte,REGULAR,1,211.90,211.90,False
sal_46ea6bfb7974,2025-12-15 11:36:57,2025-12-15,Segunda,2,11,ecommerce,prd_82cd17cb589d,Persiana Vertical,Casa,Dell,BASICO,True,cus_6ff11137142d,Vitor Gabriel Sá,TO,Norte,TOP_TIER,1,40.41,40.41,False
sal_d961b71dcfa7,2025-12-21 20:12:45,2025-12-21,Domingo,1,20,loja_fisica,prd_4ee65ed59110,Frigideira Antiaderente,Cozinha,Philips,BASICO,True,cus_79d52b75f259,Elisa Freitas,CE,Nordeste,TOP_TIER,1,41.90,41.90,False
sal_8c943a22df5f,2025-12-13 18:01:47,2025-12-13,Sábado,7,18,ecommerce,prd_6d4e3b1efd0c,Necessaire,Acessórios,Xiaomi,PREMIUM,True,cus_c3944101594c,Murilo Da Mata,RR,Norte,VIP,1,1025.99,1025.99,False
sal_ac19af0e1c8c,2025-12-15 08:10:49,2025-12-15,Segunda,2,8,ecommerce,prd_2293732b7542,Cortina Blackout,Casa,Xiaomi,BASICO,True,cus_a8f8e01eaee8,Elisa Martins,ES,Sudeste,REGULAR,1,62.01,62.01,False
sal_f816183b0a82,2025-12-26 08:52:24,2025-12-26,Sexta,6,8,ecommerce,prd_334f4a32f979,Persiana Vertical,Casa,Motorola,BASICO,True,cus_f1eccf8e0d99,Luiz Miguel Câmara,GO,Centro-Oeste,REGULAR,1,384.27,384.27,False
sal_f3f20532b248,2026-01-01 21:52:57,2026-01-01,Quinta,5,21,loja_fisica,prd_65c60230d4ed,Base Líquida,Beleza,Asus,BASICO,True,cus_fa3a88d1ccef,Benício Gomes,AL,Nordeste,VIP,1,99.90,99.90,False
sal_a29bc11db3f6,2025-12-29 22:50:46,2025-12-29,Segunda,2,22,loja_fisica,prd_645f7859f379,Calça Jeans Skinny,Moda,Asus,BASICO,True,cus_66677d443e5e,Cecília Da Luz,AC,Norte,TOP_TIER,2,486.90,973.80,False
sal_da3ce1b482cd,2025-12-30 20:08:09,2025-12-30,Terça,3,20,loja_fisica,prd_7798c88cc490,Kit Utensílios de Cozinha,Cozinha,Consul,BASICO,True,cus_0914bdf6e1fe,Isabelly Câmara,MT,Centro-Oeste,REGULAR,1,465.50,465.50,False
sal_0779f63df7da,2025-12-20 08:53:40,2025-12-20,Sábado,7,8,ecommerce,prd_7af81d9a08ba,Controle PlayStation,Games,O Boticário,BASICO,True,cus_d4db3db9eccb,Ana Julia Camargo,PB,Nordeste,TOP_TIER,2,49.99,99.98,False
sal_88b40460d993,2026-01-07 09:23:11,2026-01-07,Quarta,4,9,ecommerce,prd_803bcbb7ef84,Porta-temperos,Cozinha,Samsung,BASICO,True,cus_c9cd13d1ae9f,Yasmin Siqueira,PA,Norte,VIP,1,118.00,118.00,False
sal_1cee986ebdf8,2025-12-19 15:29:42,2025-12-19,Sexta,6,15,ecommerce,prd_3dd1d39581ca,Halteres Ajustáveis,Esporte,Asus,BASICO,True,cus_0343c0763f76,Vitor Gabriel Da Luz,RS,Sul,VIP,1,47.69,47.69,False
sal_e8e1bb30f21a,2025-12-22 22:06:37,2025-12-22,Segunda,2,22,ecommerce,prd_2cbafff50c72,Sabonete Facial,Beleza,Nike,BASICO,True,cus_7262f4e5ce9f,Sophia Monteiro,SP,Sudeste,TOP_TIER,1,90.81,90.81,False
sal_17203c8aee8c,2025-12-25 11:47:53,2025-12-25,Quinta,5,11,ecommerce,prd_6d4e3b1efd0c,Necessaire,Acessórios,Xiaomi,PREMIUM,True,cus_fa3a88d1ccef,Benício Gomes,AL,Nordeste,VIP,1,968.99,968.99,False
sal_d742b2641e0b,2026-01-02 15:42:58,2026-01-02,Sexta,6,15,ecommerce,prd_06c19781c3db,Assadeira de Vidro,Cozinha,Nike,BASICO,True,cus_df9e0b31fa20,Yuri Albuquerque,SE,Nordeste,REGULAR,1,90.81,90.81,False
sal_610aff7a01ef,2026-01-10 16:15:50,2026-01-10,Sábado,7,16,ecommerce,prd_d22d1b8b1502,Camisa Social,Moda,Brastemp,PREMIUM,True,cus_8fa04d3a5837,Rafael Porto,RS,Sul,TOP_TIER,2,1034.91,2069.82,False
sal_540d3d49664b,2026-01-07 21:51:29,2026-01-07,Quarta,4,21,ecommerce,prd_2cbafff50c72,Sabonete Facial,Beleza,Nike,BASICO,True,cus_13af118ef4e8,Sarah Teixeira,AM,Norte,TOP_TIER,1,90.81,90.81,False
sal_8fddc2425a2c,2026-01-07 19:08:42,2026-01-07,Quarta,4,19,ecommerce,prd_2293732b7542,Cortina Blackout,Casa,Xiaomi,BASICO,True,cus_13af118ef4e8,Sarah Teixeira,AM,Norte,TOP_TIER,1,68.90,68.90,False
sal_7c4bdf8ab04e,2025-12-16 21:51:15,2025-12-16,Terça,3,21,ecommerce,prd_ae7b2acb6812,Cinto de Couro,Acessórios,Samsung,PREMIUM,True,cus_f50da5532735,João Gabriel Porto,MG,Sudeste,TOP_TIER,2,998.01,1996.02,False
sal_595f9711c983,2025-12-26 13:32:40,2025-12-26,Sexta,6,13,loja_fisica,prd_d92ad43fa137,Smart TV 43 Polegadas,Eletrônicos,Philips,BASICO,True,cus_0ff4cceccc6f,João Aparecida,CE,Nordeste,TOP_TIER,2,66.90,133.80,False
sal_c68f53447bd3,2026-01-06 16:44:46,2026-01-06,Terça,3,16,ecommerce,prd_a3ae425a3edd,Pesos de Pulso,Esporte,Philips,BASICO,True,cus_3580317ddeab,Bella Borges,AM,Norte,VIP,1,92.39,92.39,False
sal_69100876deee,2025-12-23 17:09:01,2025-12-23,Terça,3,17,ecommerce,prd_b09d96e599b3,Marcador de Texto,Acessórios,Asus,BASICO,True,cus_36595eecf105,Bruno Novaes,PA,Norte,REGULAR,1,193.70,193.70,False
sal_7f85b643ccb7,2026-01-10 17:25:30,2026-01-10,Sábado,7,17,loja_fisica,prd_d92ad43fa137,Smart TV 43 Polegadas,Eletrônicos,Philips,BASICO,True,cus_884be6e0ce9a,Emanuel Vieira,PA,Norte,REGULAR,1,66.90,66.90,False
sal_9e3ea9844f6f,2025-12-30 09:40:22,2025-12-30,Terça,3,9,loja_fisica,prd_23664e42a71c,Jogo de Toalhas,Casa,Xiaomi,BASICO,True,cus_36595eecf105,Bruno Novaes,PA,Norte,REGULAR,1,104.41,104.41,False
sal_15810545e9a1,2026-01-11 21:50:56,2026-01-11,Domingo,1,21,loja_fisica,prd_d500fa66507e,Shorts Jeans,Moda,Electrolux,BASICO,True,cus_a8f8e01eaee8,Elisa Martins,ES,Sudeste,REGULAR,1,384.99,384.99,False
sal_521f972df584,2026-01-04 22:35:09,2026-01-04,Domingo,1,22,ecommerce,prd_b7490508211e,Vestido Floral,Moda,Apple,BASICO,True,cus_4209c24e0be2,Maya Castro,TO,Norte,REGULAR,1,198.00,198.00,False
sal_ff5db298ef2a,2026-01-02 19:24:23,2026-01-02,Sexta,6,19,loja_fisica,prd_686e2aab873d,Blusa de Frio,Moda,Philips,BASICO,True,cus_911b23c97589,Heitor Nunes,MS,Centro-Oeste,REGULAR,1,80.55,80.55,False
sal_adb3e650c350,2025-12-14 18:05:40,2025-12-14,Domingo,1,18,ecommerce,prd_56e08463d21c,Tapete Persa,Casa,Brastemp,BASICO,True,cus_a8f8e01eaee8,Elisa Martins,ES,Sudeste,REGULAR,1,223.90,223.90,False
sal_64547b9523cb,2025-12-14 20:41:43,2025-12-14,Domingo,1,20,ecommerce,prd_30518d908a92,Cinto de Couro,Acessórios,Asus,BASICO,True,cus_a2e18141f826,Ísis Leão,CE,Nordeste,REGULAR,1,80.99,80.99,False
sal_8c6c5b5c44cc,2025-12-24 17:36:41,2025-12-24,Quarta,4,17,ecommerce,prd_bf5d8671f7a9,Placa Mãe B450,Informática,Brastemp,BASICO,True,cus_25d1cb23f872,Melissa Pastor,AC,Norte,VIP,2,131.89,263.78,False
sal_396a288685d1,2025-12-21 19:38:28,2025-12-21,Domingo,1,19,loja_fisica,prd_40dc70ce05b2,Assadeira de Vidro,Cozinha,Lenovo,PREMIUM,True,cus_96658dc10aa5,Agatha Silveira,PA,Norte,TOP_TIER,1,1310.50,1310.50,False
sal_7934afedb5e5,2025-12-22 15:44:06,2025-12-22,Segunda,2,15,loja_fisica,prd_38c1b898aecc,Microfone para Stream,Games,Samsung,BASICO,True,cus_418af67b6b28,Miguel Ramos,TO,Norte,REGULAR,2,140.90,281.80,False
sal_bbf2ec4a2e23,2025-12-14 17:16:50,2025-12-14,Domingo,1,17,ecommerce,prd_2293732b7542,Cortina Blackout,Casa,Xiaomi,BASICO,True,cus_f64907d41a69,Henrique Da Conceição,DF,Centro-Oeste,VIP,2,75.79,151.58,False
sal_416328f61ecf,2025-12-27 19:16:37,2025-12-27,Sábado,7,19,ecommerce,prd_30518d908a92,Cinto de Couro,Acessórios,Asus,BASICO,True,cus_f64907d41a69,Henrique Da Conceição,DF,Centro-Oeste,VIP,1,68.84,68.84,False
sal_f6df76eae030,2026-01-04 08:10:04,2026-01-04,Domingo,1,8,loja_fisica,prd_6d4e3b1efd0c,Necessaire,Acessórios,Xiaomi,PREMIUM,True,cus_13af118ef4e8,Sarah Teixeira,AM,Norte,TOP_TIER,1,1025.99,1025.99,False
sal_55fe7709bd00,2025-12-31 22:57:24,2025-12-31,Quarta,4,22,ecommerce,prd_51511e44c92a,Kit Gamer Completo,Games,Mondial,BASICO,True,cus_0914bdf6e1fe,Isabelly Câmara,MT,Centro-Oeste,REGULAR,3,88.90,266.70,False
sal_acb353e73e4c,2025-12-28 14:35:30,2025-12-28,Domingo,1,14,loja_fisica,prd_4a5427b33a63,Mouse Pad Gamer,Informática,Sony,BASICO,True,cus_d36c11b261a6,Cauã Rocha,MA,Nordeste,REGULAR,1,78.90,78.90,False
sal_c0f396b9c580,2026-01-04 21:50:22,2026-01-04,Domingo,1,21,ecommerce,prd_3308eb4d2b62,Cobertor de Lã,Casa,Arno,BASICO,True,cus_f1a06ae11717,Gustavo Henrique Rios,AM,Norte,TOP_TIER,1,32.99,32.99,False
sal_7d4ed079719b,2025-12-30 15:41:05,2025-12-30,Terça,3,15,ecommerce,prd_82cd17cb589d,Persiana Vertical,Casa,Dell,BASICO,True,cus_0ff4cceccc6f,João Aparecida,CE,Nordeste,TOP_TIER,1,40.41,40.41,False
sal_072e98669579,2026-01-05 10:27:12,2026-01-05,Segunda,2,10,ecommerce,prd_f063f46a7ef8,Fone de Ouvido Esportivo,Áudio,Consul,PREMIUM,True,cus_cf84750c1fb4,Alana Teixeira,MA,Nordeste,TOP_TIER,1,1286.09,1286.09,False
sal_6868af0f9daa,2025-12-26 13:57:23,2025-12-26,Sexta,6,13,ecommerce,prd_ab011325c1be,Suporte para Controle,Games,Samsung,BASICO,True,cus_b0026583b709,Mariane Pacheco,MT,Centro-Oeste,VIP,1,30.39,30.39,False
sal_8391f68020d4,2025-12-30 15:15:51,2025-12-30,Terça,3,15,ecommerce,prd_e55f1f3ae9ad,SSD 500GB,Eletrônicos,Arno,BASICO,True,cus_8fa04d3a5837,Rafael Porto,RS,Sul,TOP_TIER,3,71.90,215.70,False
sal_572779ebc3de,2025-12-26 16:26:11,2025-12-26,Sexta,6,16,ecommerce,prd_2cbafff50c72,Sabonete Facial,Beleza,Nike,BASICO,True,cus_fa3a88d1ccef,Benício Gomes,AL,Nordeste,VIP,2,110.99,221.98,False
sal_6bfb2b8115f5,2026-01-08 10:26:40,2026-01-08,Quinta,5,10,ecommerce,prd_2293732b7542,Cortina Blackout,Casa,Xiaomi,BASICO,True,cus_25c656241a9a,Amanda Novais,GO,Centro-Oeste,TOP_TIER,1,65.45,65.45,False
sal_6262e1e6ad1a,2026-01-05 15:18:14,2026-01-05,Segunda,2,15,ecommerce,prd_996db03524ae,Elástico de Resistência,Esporte,Sony,BASICO,True,cus_79d52b75f259,Elisa Freitas,CE,Nordeste,TOP_TIER,1,123.90,123.90,False
sal_81228d59f9cb,2026-01-09 15:19:21,2026-01-09,Sexta,6,15,ecommerce,prd_045813f96891,Cardigan de Lã,Moda,LG,BASICO,True,cus_0914bdf6e1fe,Isabelly Câmara,MT,Centro-Oeste,REGULAR,1,142.99,142.99,False
sal_268f7562f7f9,2026-01-02 11:25:19,2026-01-02,Sexta,6,11,ecommerce,prd_9aa451566556,Jarra de Vidro,Cozinha,Apple,BASICO,True,cus_508a15ccf0fa,Zoe Campos,MT,Centro-Oeste,TOP_TIER,1,376.10,376.10,False
sal_60871cf8c647,2025-12-19 20:11:52,2025-12-19,Sexta,6,20,ecommerce,prd_2293732b7542,Cortina Blackout,Casa,Xiaomi,BASICO,True,cus_0343c0763f76,Vitor Gabriel Da Luz,RS,Sul,VIP,1,68.90,68.90,False
sal_1907e8468a01,2026-01-08 21:40:34,2026-01-08,Quinta,5,21,ecommerce,prd_b7490508211e,Vestido Floral,Moda,Apple,BASICO,True,cus_9d2dd4770a79,Luigi Camargo,GO,Centro-Oeste,TOP_TIER,1,220.00,220.00,False
sal_7fa901f7209d,2026-01-08 12:42:24,2026-01-08,Quinta,5,12,ecommerce,prd_2cbafff50c72,Sabonete Facial,Beleza,Nike,BASICO,True,cus_25c656241a9a,Amanda Novais,GO,Centro-Oeste,TOP_TIER,1,100.90,100.90,False
sal_fde986c51e87,2025-12-18 22:21:44,2025-12-18,Quinta,5,22,ecommerce,prd_f063f46a7ef8,Fone de Ouvido Esportivo,Áudio,Consul,PREMIUM,True,cus_f64907d41a69,Henrique Da Conceição,DF,Centro-Oeste,VIP,1,1428.99,1428.99,False
sal_a4e38f3c4ce7,2025-12-25 12:16:54,2025-12-25,Quinta,5,12,ecommerce,prd_40dc70ce05b2,Assadeira de Vidro,Cozinha,Lenovo,PREMIUM,True,cus_8ad3c8745efb,Eduardo Cunha,AC,Norte,TOP_TIER,1,1244.97,1244.97,False
sal_9821079aec82,2026-01-04 08:07:16,2026-01-04,Domingo,1,8,ecommerce,prd_47a25ae10c23,Soundbar TV,Áudio,Acer,BASICO,True,cus_f64907d41a69,Henrique Da Conceição,DF,Centro-Oeste,VIP,3,75.64,226.92,False
sal_400022956a3d,2025-12-17 21:39:40,2025-12-17,Quarta,4,21,ecommerce,prd_9b4e39e312d9,Carteira de Couro,Acessórios,Asus,PREMIUM,True,cus_f50da5532735,João Gabriel Porto,MG,Sudeste,TOP_TIER,1,1223.59,1223.59,False
sal_08215e535953,2025-12-17 15:21:22,2025-12-17,Quarta,4,15,ecommerce,prd_206eacaa3048,Joystick Arcade,Games,Asus,BASICO,True,cus_ec8d75866856,Luan Vargas,RS,Sul,TOP_TIER,1,116.99,116.99,False
sal_cc03f0595538,2025-12-29 20:50:26,2025-12-29,Segunda,2,20,ecommerce,prd_4ee65ed59110,Frigideira Antiaderente,Cozinha,Philips,BASICO,True,cus_df9e0b31fa20,Yuri Albuquerque,SE,Nordeste,REGULAR,1,39.80,39.80,False
sal_a483cc636466,2026-01-02 09:04:52,2026-01-02,Sexta,6,9,ecommerce,prd_045813f96891,Cardigan de Lã,Moda,LG,BASICO,True,cus_b42a15933072,Heitor Rezende,PE,Nordeste,TOP_TIER,3,142.99,428.97,False
sal_b0a484cf299c,2026-01-08 08:18:05,2026-01-08,Quinta,5,8,ecommerce,prd_305f920b8836,Brincos de Prata,Acessórios,Lenovo,MEDIO,True,cus_f64907d41a69,Henrique Da Conceição,DF,Centro-Oeste,VIP,1,935.50,935.50,False
sal_5c19b8a5ef87,2025-12-24 13:30:59,2025-12-24,Quarta,4,13,ecommerce,prd_385035a5bc20,Notebook Inspiron 15,Eletrônicos,Adidas,BASICO,True,cus_f50da5532735,João Gabriel Porto,MG,Sudeste,TOP_TIER,2,219.90,439.80,False
sal_2d512d420c3e,2025-12-30 14:32:02,2025-12-30,Terça,3,14,loja_fisica,prd_205f309c1a21,Tapete Persa,Casa,Sony,BASICO,True,cus_d4db3db9eccb,Ana Julia Camargo,PB,Nordeste,TOP_TIER,2,29.74,59.48,False
sal_1bd2592bfd49,2025-12-25 15:00:47,2025-12-25,Quinta,5,15,loja_fisica,prd_7798c88cc490,Kit Utensílios de Cozinha,Cozinha,Consul,BASICO,True,cus_0914bdf6e1fe,Isabelly Câmara,MT,Centro-Oeste,REGULAR,5,395.68,1978.40,False
sal_9eee9eed7eec,2025-12-30 17:30:08,2025-12-30,Terça,3,17,loja_fisica,prd_faf3fd1a4155,Cinto de Couro,Acessórios,Dell,BASICO,True,cus_a9747473c5c6,Ana Lívia Aparecida,AL,Nordeste,REGULAR,1,97.75,97.75,False
sal_8a5cd7a5f35d,2026-01-10 13:32:14,2026-01-10,Sábado,7,13,ecommerce,prd_d500fa66507e,Shorts Jeans,Moda,Electrolux,BASICO,True,cus_f64907d41a69,Henrique Da Conceição,DF,Centro-Oeste,VIP,1,327.24,327.24,False
sal_528ac8b33f97,2026-01-06 15:18:24,2026-01-06,Terça,3,15,ecommerce,prd_1f81bf3405b1,Fonte PC 500W,Informática,O Boticário,BASICO,True,cus_b0026583b709,Mariane Pacheco,MT,Centro-Oeste,VIP,2,58.80,117.60,False
sal_941d940a6942,2025-12-24 22:01:00,2025-12-24,Quarta,4,22,loja_fisica,prd_c62100cc281c,Webcam para Stream,Games,Samsung,BASICO,True,cus_b0026583b709,Mariane Pacheco,MT,Centro-Oeste,VIP,1,46.45,46.45,False
sal_9b40c8572ad1,2026-01-09 19:05:58,2026-01-09,Sexta,6,19,ecommerce,prd_a4ee2d52d1c5,Suporte para Controle,Games,Arno,BASICO,True,cus_d36c11b261a6,Cauã Rocha,MA,Nordeste,REGULAR,1,203.20,203.20,False
sal_9d0e85811fa1,2025-12-16 21:11:47,2025-12-16,Terça,3,21,ecommerce,prd_e66747c9b59e,Cesto de Vime,Casa,Brastemp,BASICO,True,cus_66677d443e5e,Cecília Da Luz,AC,Norte,TOP_TIER,1,174.60,174.60,False
sal_0e2e488e4e47,2025-12-19 12:48:41,2025-12-19,Sexta,6,12,ecommerce,prd_645f7859f379,Calça Jeans Skinny,Moda,Asus,BASICO,True,cus_4209c24e0be2,Maya Castro,TO,Norte,REGULAR,1,486.90,486.90,False
sal_2cbca08a0e7a,2026-01-06 11:12:51,2026-01-06,Terça,3,11,ecommerce,prd_4a5427b33a63,Mouse Pad Gamer,Informática,Sony,BASICO,True,cus_c9cd13d1ae9f,Yasmin Siqueira,PA,Norte,VIP,2,67.06,134.12,False
sal_21a063f3e6f9,2026-01-07 14:20:18,2026-01-07,Quarta,4,14,ecommerce,prd_d22d1b8b1502,Camisa Social,Moda,Brastemp,PREMIUM,True,cus_3580317ddeab,Bella Borges,AM,Norte,VIP,1,1149.90,1149.90,False
sal_799a04540e0a,2025-12-25 13:41:44,2025-12-25,Quinta,5,13,ecommerce,prd_2365af16d827,Tela Mosquiteira,Casa,Brastemp,BASICO,True,cus_d2762f5968fe,Aurora Pastor,SE,Nordeste,REGULAR,1,151.00,151.00,False
sal_01007107d94a,2025-12-31 21:28:59,2025-12-31,Quarta,4,21,loja_fisica,prd_2293732b7542,Cortina Blackout,Casa,Xiaomi,BASICO,True,cus_7262f4e5ce9f,Sophia Monteiro,SP,Sudeste,TOP_TIER,1,75.79,75.79,False
sal_9ac8e8be578c,2025-12-21 09:25:02,2025-12-21,Domingo,1,9,ecommerce,prd_6d4e3b1efd0c,Necessaire,Acessórios,Xiaomi,PREMIUM,True,cus_eae005fd3470,Calebe Fogaça,TO,Norte,TOP_TIER,1,1139.99,1139.99,False
sal_05bd13e4f09a,2025-12-22 00:10:33,2025-12-22,Segunda,2,0,ecommerce,prd_d205de276c20,Raquete de Tênis,Esporte,Sony,BASICO,True,cus_b0026583b709,Mariane Pacheco,MT,Centro-Oeste,VIP,1,64.99,64.99,False
sal_cb8f28b8f21b,2025-12-24 21:57:59,2025-12-24,Quarta,4,21,ecommerce,prd_4ee65ed59110,Frigideira Antiaderente,Cozinha,Philips,BASICO,True,cus_0914bdf6e1fe,Isabelly Câmara,MT,Centro-Oeste,REGULAR,1,41.90,41.90,False
sal_d13bef48d759,2025-12-14 21:10:23,2025-12-14,Domingo,1,21,ecommerce,prd_c29b93111bd9,Colar de Ouro,Acessórios,Arno,BASICO,True,cus_25c656241a9a,Amanda Novais,GO,Centro-Oeste,TOP_TIER,2,186.21,372.42,False
sal_9d4762e53bbb,2025-12-30 16:04:36,2025-12-30,Terça,3,16,loja_fisica,prd_2cbafff50c72,Sabonete Facial,Beleza,Nike,BASICO,True,cus_25c656241a9a,Amanda Novais,GO,Centro-Oeste,TOP_TIER,2,110.99,221.98,False
sal_2f01a5b3774b,2025-12-31 10:37:36,2025-12-31,Quarta,4,10,ecommerce,prd_08611917c0ae,Relógio de Parede,Casa,Adidas,BASICO,True,cus_6ff11137142d,Vitor Gabriel Sá,TO,Norte,TOP_TIER,1,95.39,95.39,False
sal_326303793f92,2025-12-24 13:08:52,2025-12-24,Quarta,4,13,ecommerce,prd_a4025bac91a7,Óculos de Sol,Acessórios,Xiaomi,BASICO,True,cus_b0026583b709,Mariane Pacheco,MT,Centro-Oeste,VIP,1,47.61,47.61,False
sal_ee4e6c5f437d,2026-01-04 14:51:11,2026-01-04,Domingo,1,14,ecommerce,prd_30518d908a92,Cinto de Couro,Acessórios,Asus,BASICO,True,cus_0343c0763f76,Vitor Gabriel Da Luz,RS,Sul,VIP,2,80.99,161.98,False
sal_022df7306219,2026-01-05 10:34:36,2026-01-05,Segunda,2,10,ecommerce,prd_2cbafff50c72,Sabonete Facial,Beleza,Nike,BASICO,True,cus_6ff11137142d,Vitor Gabriel Sá,TO,Norte,TOP_TIER,1,110.99,110.99,False
sal_5eb0aa5afb39,2026-01-08 21:35:16,2026-01-08,Quinta,5,21,ecommerce,prd_df1e44c528e0,Fone de Ouvido Esportivo,Áudio,O Boticário,BASICO,True,cus_df9e0b31fa20,Yuri Albuquerque,SE,Nordeste,REGULAR,1,192.99,192.99,False
sal_5f4762dfa114,2026-01-06 11:02:18,2026-01-06,Terça,3,11,ecommerce,prd_47a25ae10c23,Soundbar TV,Áudio,Acer,BASICO,True,cus_13af118ef4e8,Sarah Teixeira,AM,Norte,TOP_TIER,1,88.99,88.99,False
sal_def888ef174e,2025-12-21 12:52:25,2025-12-21,Domingo,1,12,ecommerce,prd_6d4e3b1efd0c,Necessaire,Acessórios,Xiaomi,PREMIUM,True,cus_66677d443e5e,Cecília Da Luz,AC,Norte,TOP_TIER,1,1139.99,1139.99,False
sal_3d6c99e6b772,2026-01-07 15:06:30,2026-01-07,Quarta,4,15,ecommerce,prd_56e08463d21c,Tapete Persa,Casa,Brastemp,BASICO,True,cus_31874cf2d1e5,Nina Moura,SP,Sudeste,TOP_TIER,1,223.90,223.90,False
sal_68f757c58114,2025-12-24 08:28:51,2025-12-24,Quarta,4,8,ecommerce,prd_51511e44c92a,Kit Gamer Completo,Games,Mondial,BASICO,True,cus_c3944101594c,Murilo Da Mata,RR,Norte,VIP,2,88.90,177.80,False
sal_78e6cb969239,2025-12-19 23:05:25,2025-12-19,Sexta,6,23,loja_fisica,prd_686e2aab873d,Blusa de Frio,Moda,Philips,BASICO,True,cus_3580317ddeab,Bella Borges,AM,Norte,VIP,1,89.50,89.50,False
sal_44e63a5ee31d,2025-12-22 21:50:27,2025-12-22,Segunda,2,21,ecommerce,prd_afd58e5fd09d,Condicionador Hidratante,Beleza,Asus,BASICO,True,cus_96658dc10aa5,Agatha Silveira,PA,Norte,TOP_TIER,1,406.71,406.71,False
sal_a1159e18eefb,2025-12-17 13:51:18,2025-12-17,Quarta,4,13,loja_fisica,prd_84a009f1889d,Cortina Box,Casa,Consul,BASICO,True,cus_0ff4cceccc6f,João Aparecida,CE,Nordeste,TOP_TIER,2,29.61,59.22,False
sal_c53e7ff4aefb,2025-12-31 18:10:54,2025-12-31,Quarta,4,18,ecommerce,prd_045813f96891,Cardigan de Lã,Moda,LG,BASICO,True,cus_cf84750c1fb4,Alana Teixeira,MA,Nordeste,TOP_TIER,4,128.69,514.76,False
sal_f9ee1add1ede,2026-01-07 01:27:04,2026-01-07,Quarta,4,1,loja_fisica,prd_df1e44c528e0,Fone de Ouvido Esportivo,Áudio,O Boticário,BASICO,True,cus_71308b76151a,Amanda Sousa,MS,Centro-Oeste,TOP_TIER,3,192.99,578.97,False
sal_a7d00b17e820,2026-01-08 08:52:54,2026-01-08,Quinta,5,8,ecommerce,prd_205f309c1a21,Tapete Persa,Casa,Sony,BASICO,True,cus_4209c24e0be2,Maya Castro,TO,Norte,REGULAR,2,34.99,69.98,False
sal_d5f2088543b4,2025-12-24 12:09:38,2025-12-24,Quarta,4,12,loja_fisica,prd_206eacaa3048,Joystick Arcade,Games,Asus,BASICO,True,cus_96658dc10aa5,Agatha Silveira,PA,Norte,TOP_TIER,1,128.69,128.69,False
sal_282fa5efb4b9,2026-01-11 22:04:30,2026-01-11,Domingo,1,22,ecommerce,prd_30518d908a92,Cinto de Couro,Acessórios,Asus,BASICO,True,cus_884be6e0ce9a,Emanuel Vieira,PA,Norte,REGULAR,1,80.99,80.99,False
sal_67078832354f,2025-12-31 21:11:17,2025-12-31,Quarta,4,21,loja_fisica,prd_ff56c9132964,Regata Básica,Moda,Xiaomi,BASICO,True,cus_3580317ddeab,Bella Borges,AM,Norte,VIP,1,213.99,213.99,False
sal_4553fd3b9802,2025-12-30 16:59:21,2025-12-30,Terça,3,16,ecommerce,prd_2cbafff50c72,Sabonete Facial,Beleza,Nike,BASICO,True,cus_fa3a88d1ccef,Benício Gomes,AL,Nordeste,VIP,1,95.86,95.86,False
sal_097f9d96ddc8,2026-01-08 08:47:15,2026-01-08,Quinta,5,8,loja_fisica,prd_385035a5bc20,Notebook Inspiron 15,Eletrônicos,Adidas,BASICO,True,cus_79d52b75f259,Elisa Freitas,CE,Nordeste,TOP_TIER,1,219.90,219.90,False
sal_4dfcf65afbfd,2026-01-02 22:11:25,2026-01-02,Sexta,6,22,ecommerce,prd_a4025bac91a7,Óculos de Sol,Acessórios,Xiaomi,BASICO,True,cus_79d52b75f259,Elisa Freitas,CE,Nordeste,TOP_TIER,4,52.90,211.60,False
sal_cd4745a7394d,2026-01-10 14:14:44,2026-01-10,Sábado,7,14,loja_fisica,prd_84a009f1889d,Cortina Box,Casa,Consul,BASICO,True,cus_79d52b75f259,Elisa Freitas,CE,Nordeste,TOP_TIER,1,32.90,32.90,False
sal_1ac54d587472,2025-12-18 17:28:39,2025-12-18,Quinta,5,17,ecommerce,prd_9adbaa3083e1,Jaqueta Jeans,Moda,Sony,BASICO,True,cus_a9747473c5c6,Ana Lívia Aparecida,AL,Nordeste,REGULAR,4,79.47,317.88,False
sal_4d35552984ce,2025-12-31 10:20:27,2025-12-31,Quarta,4,10,ecommerce,prd_d22d1b8b1502,Camisa Social,Moda,Brastemp,PREMIUM,True,cus_31874cf2d1e5,Nina Moura,SP,Sudeste,TOP_TIER,1,1149.90,1149.90,False
sal_c48881bd269b,2025-12-25 08:21:01,2025-12-25,Quinta,5,8,loja_fisica,prd_84a009f1889d,Cortina Box,Casa,Consul,BASICO,True,cus_df9e0b31fa20,Yuri Albuquerque,SE,Nordeste,REGULAR,3,32.90,98.70,False
sal_0e6581579028,2025-12-25 19:12:30,2025-12-25,Quinta,5,19,ecommerce,prd_4ee65ed59110,Frigideira Antiaderente,Cozinha,Philips,BASICO,True,cus_f64907d41a69,Henrique Da Conceição,DF,Centro-Oeste,VIP,1,41.90,41.90,False
sal_e995fa802d73,2025-12-27 16:04:39,2025-12-27,Sábado,7,16,ecommerce,prd_2293732b7542,Cortina Blackout,Casa,Xiaomi,BASICO,True,cus_f64907d41a69,Henrique Da Conceição,DF,Centro-Oeste,VIP,1,68.90,68.90,False
sal_436e18f29262,2025-12-21 21:57:23,2025-12-21,Domingo,1,21,loja_fisica,prd_96fbc500aec1,Edredom Casal,Casa,Asus,BASICO,True,cus_79d52b75f259,Elisa Freitas,CE,Nordeste,TOP_TIER,1,58.90,58.90,False
sal_68cb0e77f46b,2025-12-13 12:05:11,2025-12-13,Sábado,7,12,ecommerce,prd_c62100cc281c,Webcam para Stream,Games,Samsung,BASICO,True,cus_8fa04d3a5837,Rafael Porto,RS,Sul,TOP_TIER,1,48.90,48.90,False
sal_fc585d47945a,2025-12-29 08:27:14,2025-12-29,Segunda,2,8,ecommerce,prd_23664e42a71c,Jogo de Toalhas,Casa,Xiaomi,BASICO,True,cus_66677d443e5e,Cecília Da Luz,AC,Norte,TOP_TIER,1,93.42,93.42,False
sal_1c89d4126a63,2026-01-10 14:49:46,2026-01-10,Sábado,7,14,ecommerce,prd_bf5d8671f7a9,Placa Mãe B450,Informática,Brastemp,BASICO,True,cus_7262f4e5ce9f,Sophia Monteiro,SP,Sudeste,TOP_TIER,1,119.90,119.90,False
sal_6bae5e8f8f9e,2025-12-14 18:35:32,2025-12-14,Domingo,1,18,loja_fisica,prd_dfac11815029,Microfone para Stream,Games,Apple,BASICO,True,cus_f64907d41a69,Henrique Da Conceição,DF,Centro-Oeste,VIP,2,189.00,378.00,False
sal_81b97b6014d3,2025-12-23 08:30:01,2025-12-23,Terça,3,8,ecommerce,prd_645f7859f379,Calça Jeans Skinny,Moda,Asus,BASICO,True,cus_884be6e0ce9a,Emanuel Vieira,PA,Norte,REGULAR,1,486.90,486.90,False
sal_fb7f636c3b70,2025-12-29 01:37:51,2025-12-29,Segunda,2,1,ecommerce,prd_0c113961481f,Vestido Floral,Moda,Apple,BASICO,True,cus_25d1cb23f872,Melissa Pastor,AC,Norte,VIP,1,231.70,231.70,False
sal_2fba6c1e5031,2026-01-07 19:08:50,2026-01-07,Quarta,4,19,ecommerce,prd_334f4a32f979,Persiana Vertical,Casa,Motorola,BASICO,True,cus_fa3a88d1ccef,Benício Gomes,AL,Nordeste,VIP,4,404.50,1618.00,False
sal_a8c490e27ee1,2026-01-10 15:01:41,2026-01-10,Sábado,7,15,ecommerce,prd_8b22fd85d500,Garrafa Térmica 1L,Cozinha,Sony,BASICO,True,cus_cf84750c1fb4,Alana Teixeira,MA,Nordeste,TOP_TIER,1,308.74,308.74,False
sal_e5fae971630e,2025-12-18 10:10:45,2025-12-18,Quinta,5,10,ecommerce,prd_2cbafff50c72,Sabonete Facial,Beleza,Nike,BASICO,True,cus_79d52b75f259,Elisa Freitas,CE,Nordeste,TOP_TIER,4,100.90,403.60,False
sal_3a07c4517169,2025-12-28 15:04:49,2025-12-28,Domingo,1,15,ecommerce,prd_d51f590876b9,Boné Esportivo,Esporte,O Boticário,BASICO,True,cus_f64907d41a69,Henrique Da Conceição,DF,Centro-Oeste,VIP,1,58.90,58.90,False
sal_4306cbf78e39,2026-01-09 10:40:43,2026-01-09,Sexta,6,10,loja_fisica,prd_ff56c9132964,Regata Básica,Moda,Xiaomi,BASICO,True,cus_3580317ddeab,Bella Borges,AM,Norte,VIP,2,203.29,406.58,False
sal_4c66c9f4099c,2025-12-18 10:24:27,2025-12-18,Quinta,5,10,ecommerce,prd_686e2aab873d,Blusa de Frio,Moda,Philips,BASICO,True,cus_1a38731e1fbe,Otávio Fernandes,ES,Sudeste,TOP_TIER,4,89.50,358.00,False
sal_0b5b83a59c7e,2026-01-02 18:19:19,2026-01-02,Sexta,6,18,ecommerce,prd_5ae195cb554b,Microfone para Stream,Games,Samsung,BASICO,True,cus_b0026583b709,Mariane Pacheco,MT,Centro-Oeste,VIP,1,58.50,58.50,False
sal_fc69ad5e91ad,2025-12-17 10:52:50,2025-12-17,Quarta,4,10,loja_fisica,prd_51511e44c92a,Kit Gamer Completo,Games,Mondial,BASICO,True,cus_a01814ad9247,Ana Beatriz Alves,SP,Sudeste,TOP_TIER,1,80.01,80.01,False
sal_884d19822819,2025-12-17 14:45:24,2025-12-17,Quarta,4,14,ecommerce,prd_ebb0865fc95d,Fone Gamer RGB,Áudio,Arno,BASICO,True,cus_0343c0763f76,Vitor Gabriel Da Luz,RS,Sul,VIP,1,167.19,167.19,False
sal_486627769c4b,2025-12-25 10:35:33,2025-12-25,Quinta,5,10,ecommerce,prd_22f73233f9a5,Notebook Inspiron 15,Eletrônicos,O Boticário,BASICO,True,cus_d4db3db9eccb,Ana Julia Camargo,PB,Nordeste,TOP_TIER,2,88.31,176.62,False
sal_532e7176a708,2026-01-05 11:16:24,2026-01-05,Segunda,2,11,ecommerce,prd_76ede0cece8f,Óculos de Natação,Esporte,Lenovo,BASICO,True,cus_f64907d41a69,Henrique Da Conceição,DF,Centro-Oeste,VIP,2,58.00,116.00,False
sal_8ecd0231cd31,2025-12-27 13:07:06,2025-12-27,Sábado,7,13,ecommerce,prd_d500fa66507e,Shorts Jeans,Moda,Electrolux,BASICO,True,cus_3580317ddeab,Bella Borges,AM,Norte,VIP,1,327.24,327.24,False
sal_3260fca85b9a,2026-01-07 20:14:40,2026-01-07,Quarta,4,20,ecommerce,prd_359246d9ed10,SSD 500GB,Eletrônicos,Dell,BASICO,True,cus_96658dc10aa5,Agatha Silveira,PA,Norte,TOP_TIER,1,118.99,118.99,False
sal_f5aa063db811,2025-12-18 11:23:29,2025-12-18,Quinta,5,11,ecommerce,prd_9239eec8982d,HD Externo 2TB,Informática,Arno,BASICO,True,cus_c3944101594c,Murilo Da Mata,RR,Norte,VIP,1,51.99,51.99,False
sal_6d7b47e97220,2025-12-25 14:26:57,2025-12-25,Quinta,5,14,loja_fisica,prd_92c0ecf60a58,Jogo de Toalhas,Casa,Brastemp,BASICO,True,cus_f1a06ae11717,Gustavo Henrique Rios,AM,Norte,TOP_TIER,1,180.90,180.90,False
sal_a5183053975a,2025-12-24 21:17:35,2025-12-24,Quarta,4,21,ecommerce,prd_385035a5bc20,Notebook Inspiron 15,Eletrônicos,Adidas,BASICO,True,cus_c8d383cfde0c,Maria Cecília Oliveira,AM,Norte,TOP_TIER,1,208.91,208.91,False
sal_9315c79ff9eb,2025-12-29 19:33:56,2025-12-29,Segunda,2,19,loja_fisica,prd_8b22fd85d500,Garrafa Térmica 1L,Cozinha,Sony,BASICO,True,cus_1a38731e1fbe,Otávio Fernandes,ES,Sudeste,TOP_TIER,1,276.24,276.24,False
sal_74c7dc085681,2025-12-21 22:48:21,2025-12-21,Domingo,1,22,ecommerce,prd_385035a5bc20,Notebook Inspiron 15,Eletrônicos,Adidas,BASICO,True,cus_c3944101594c,Murilo Da Mata,RR,Norte,VIP,1,219.90,219.90,False
sal_a400ec87d6b7,2025-12-27 15:22:06,2025-12-27,Sábado,7,15,ecommerce,prd_92c0ecf60a58,Jogo de Toalhas,Casa,Brastemp,BASICO,True,cus_d2762f5968fe,Aurora Pastor,SE,Nordeste,REGULAR,1,180.90,180.90,False
sal_724264eb7f7a,2026-01-07 11:17:47,2026-01-07,Quarta,4,11,ecommerce,prd_c9ce9d378723,Processador Intel i5,Informática,Electrolux,BASICO,True,cus_9d2dd4770a79,Luigi Camargo,GO,Centro-Oeste,TOP_TIER,1,41.90,41.90,False
sal_9af9ca00a2ef,2025-12-21 12:43:38,2025-12-21,Domingo,1,12,ecommerce,prd_82cd17cb589d,Persiana Vertical,Casa,Dell,BASICO,True,cus_78ab1cf16e12,Beatriz Garcia,SE,Nordeste,TOP_TIER,1,44.90,44.90,False
sal_e47b7969581c,2025-12-26 09:36:12,2025-12-26,Sexta,6,9,loja_fisica,prd_d0368e440753,Batom Matte,Beleza,Adidas,BASICO,True,cus_4209c24e0be2,Maya Castro,TO,Norte,REGULAR,1,34.90,34.90,False
sal_21c5f1e28fa0,2025-12-23 19:09:57,2025-12-23,Terça,3,19,ecommerce,prd_51511e44c92a,Kit Gamer Completo,Games,Mondial,BASICO,True,cus_71308b76151a,Amanda Sousa,MS,Centro-Oeste,TOP_TIER,1,88.90,88.90,False
sal_dd353f1b733c,2026-01-05 17:55:08,2026-01-05,Segunda,2,17,ecommerce,prd_4ee65ed59110,Frigideira Antiaderente,Cozinha,Philips,BASICO,True,cus_a2e18141f826,Ísis Leão,CE,Nordeste,REGULAR,1,41.90,41.90,False
sal_01e22af5c46c,2026-01-07 16:34:25,2026-01-07,Quarta,4,16,ecommerce,prd_206eacaa3048,Joystick Arcade,Games,Asus,BASICO,True,cus_0ff4cceccc6f,João Aparecida,CE,Nordeste,TOP_TIER,1,99.44,99.44,False
sal_f4126df0a49d,2025-12-19 21:44:43,2025-12-19,Sexta,6,21,loja_fisica,prd_40dc70ce05b2,Assadeira de Vidro,Cozinha,Lenovo,PREMIUM,True,cus_96658dc10aa5,Agatha Silveira,PA,Norte,TOP_TIER,1,1310.50,1310.50,False
sal_55a317592985,2025-12-25 22:02:38,2025-12-25,Quinta,5,22,ecommerce,prd_032c166122f7,Controle Xbox,Games,Xiaomi,BASICO,True,cus_f64907d41a69,Henrique Da Conceição,DF,Centro-Oeste,VIP,1,219.90,219.90,False
sal_ff5f055037d2,2026-01-09 20:39:45,2026-01-09,Sexta,6,20,ecommerce,prd_2293732b7542,Cortina Blackout,Casa,Xiaomi,BASICO,True,cus_71308b76151a,Amanda Sousa,MS,Centro-Oeste,TOP_TIER,1,68.90,68.90,False
sal_b8d70359f451,2026-01-11 21:39:35,2026-01-11,Domingo,1,21,ecommerce,prd_e3934c71bd0c,Meia Esportiva,Esporte,Sony,BASICO,True,cus_508a15ccf0fa,Zoe Campos,MT,Centro-Oeste,TOP_TIER,1,352.71,352.71,False
sal_315584e6ae36,2026-01-02 17:42:56,2026-01-02,Sexta,6,17,loja_fisica,prd_d0368e440753,Batom Matte,Beleza,Adidas,BASICO,True,cus_f50da5532735,João Gabriel Porto,MG,Sudeste,TOP_TIER,2,34.90,69.80,False
sal_7504a1413d30,2025-12-13 18:59:04,2025-12-13,Sábado,7,18,ecommerce,prd_c62100cc281c,Webcam para Stream,Games,Samsung,BASICO,True,cus_0ff4cceccc6f,João Aparecida,CE,Nordeste,TOP_TIER,2,46.45,92.90,False
sal_de84b6105cb8,2025-12-20 18:25:47,2025-12-20,Sábado,7,18,ecommerce,prd_d22d1b8b1502,Camisa Social,Moda,Brastemp,PREMIUM,True,cus_a9747473c5c6,Ana Lívia Aparecida,AL,Nordeste,REGULAR,1,1149.90,1149.90,False
sal_347f80bc4c85,2025-12-24 23:58:52,2025-12-24,Quarta,4,23,loja_fisica,prd_28cd8ab86936,Porta-moedas,Acessórios,Xiaomi,BASICO,True,cus_6ff11137142d,Vitor Gabriel Sá,TO,Norte,TOP_TIER,1,226.00,226.00,False
sal_7264b21c73fa,2025-12-23 22:55:27,2025-12-23,Terça,3,22,loja_fisica,prd_c9ce9d378723,Processador Intel i5,Informática,Electrolux,BASICO,True,cus_7262f4e5ce9f,Sophia Monteiro,SP,Sudeste,TOP_TIER,2,39.80,79.60,False
sal_364e07e460f3,2025-12-19 14:05:07,2025-12-19,Sexta,6,14,loja_fisica,prd_30518d908a92,Cinto de Couro,Acessórios,Asus,BASICO,True,cus_a2e18141f826,Ísis Leão,CE,Nordeste,REGULAR,2,72.89,145.78,False
sal_1324f7655f41,2025-12-13 17:18:29,2025-12-13,Sábado,7,17,ecommerce,prd_c62100cc281c,Webcam para Stream,Games,Samsung,BASICO,True,cus_13af118ef4e8,Sarah Teixeira,AM,Norte,TOP_TIER,3,41.56,124.68,False
sal_791cc6ee9575,2025-12-16 15:29:41,2025-12-16,Terça,3,15,ecommerce,prd_38c1b898aecc,Microfone para Stream,Games,Samsung,BASICO,True,cus_4209c24e0be2,Maya Castro,TO,Norte,REGULAR,1,119.77,119.77,False
sal_8291f6124a5e,2025-12-24 15:25:49,2025-12-24,Quarta,4,15,ecommerce,prd_9239eec8982d,HD Externo 2TB,Informática,Arno,BASICO,True,cus_8ad3c8745efb,Eduardo Cunha,AC,Norte,TOP_TIER,1,51.99,51.99,False
sal_98c407eb2409,2026-01-10 09:33:54,2026-01-10,Sábado,7,9,ecommerce,prd_2cbafff50c72,Sabonete Facial,Beleza,Nike,BASICO,True,cus_66677d443e5e,Cecília Da Luz,AC,Norte,TOP_TIER,1,100.90,100.90,False
sal_38581f4e7ebf,2025-12-15 19:55:43,2025-12-15,Segunda,2,19,loja_fisica,prd_a17c779dd289,Gravador de Voz,Áudio,Asus,BASICO,True,cus_31874cf2d1e5,Nina Moura,SP,Sudeste,TOP_TIER,1,64.90,64.90,False
sal_0374172b064b,2025-12-29 12:50:36,2025-12-29,Segunda,2,12,ecommerce,prd_84a009f1889d,Cortina Box,Casa,Consul,BASICO,True,cus_a9747473c5c6,Ana Lívia Aparecida,AL,Nordeste,REGULAR,1,32.90,32.90,False
sal_f0e97add28c8,2026-01-11 09:10:42,2026-01-11,Domingo,1,9,ecommerce,prd_47a25ae10c23,Soundbar TV,Áudio,Acer,BASICO,True,cus_3580317ddeab,Bella Borges,AM,Norte,VIP,1,88.99,88.99,False
sal_274a3b067ce5,2025-12-18 22:57:18,2025-12-18,Quinta,5,22,loja_fisica,prd_c708b046fef8,Halteres Ajustáveis,Esporte,Mondial,BASICO,True,cus_96658dc10aa5,Agatha Silveira,PA,Norte,TOP_TIER,1,41.40,41.40,False
sal_9aa628f51534,2025-12-19 23:19:05,2025-12-19,Sexta,6,23,ecommerce,prd_2bf8388221ea,Mouse Gamer RGB,Games,Asus,BASICO,True,cus_9d2dd4770a79,Luigi Camargo,GO,Centro-Oeste,TOP_TIER,2,49.99,99.98,False
sal_5c7b1b1d46d9,2026-01-03 09:07:33,2026-01-03,Sábado,7,9,loja_fisica,prd_4ee65ed59110,Frigideira Antiaderente,Cozinha,Philips,BASICO,True,cus_1a38731e1fbe,Otávio Fernandes,ES,Sudeste,TOP_TIER,1,41.90,41.90,False
sal_9970842da94b,2025-12-22 18:14:10,2025-12-22,Segunda,2,18,loja_fisica,prd_9a3dfc23b7a3,Relógio Analógico,Acessórios,Mondial,BASICO,True,cus_a01814ad9247,Ana Beatriz Alves,SP,Sudeste,TOP_TIER,2,105.50,211.00,False
sal_96c7a074b719,2026-01-01 10:40:39,2026-01-01,Quinta,5,10,loja_fisica,prd_803bcbb7ef84,Porta-temperos,Cozinha,Samsung,BASICO,True,cus_6ff11137142d,Vitor Gabriel Sá,TO,Norte,TOP_TIER,1,112.10,112.10,False
sal_4ab9cb6eea39,2025-12-24 20:55:54,2025-12-24,Quarta,4,20,loja_fisica,prd_d92ad43fa137,Smart TV 43 Polegadas,Eletrônicos,Philips,BASICO,True,cus_25c656241a9a,Amanda Novais,GO,Centro-Oeste,TOP_TIER,1,63.55,63.55,False
sal_9edc129c4f03,2025-12-29 12:30:55,2025-12-29,Segunda,2,12,loja_fisica,prd_c62100cc281c,Webcam para Stream,Games,Samsung,BASICO,True,cus_418af67b6b28,Miguel Ramos,TO,Norte,REGULAR,1,48.90,48.90,False
sal_251f7fd814ae,2026-01-01 21:46:49,2026-01-01,Quinta,5,21,ecommerce,prd_ff56c9132964,Regata Básica,Moda,Xiaomi,BASICO,True,cus_4209c24e0be2,Maya Castro,TO,Norte,REGULAR,1,235.39,235.39,False
sal_1f3b55e1f0c1,2026-01-07 20:42:28,2026-01-07,Quarta,4,20,loja_fisica,prd_d22d1b8b1502,Camisa Social,Moda,Brastemp,PREMIUM,True,cus_8ad3c8745efb,Eduardo Cunha,AC,Norte,TOP_TIER,2,1149.90,2299.80,False
sal_67820a7fc1de,2025-12-15 14:55:49,2025-12-15,Segunda,2,14,ecommerce,prd_645f7859f379,Calça Jeans Skinny,Moda,Asus,BASICO,True,cus_31874cf2d1e5,Nina Moura,SP,Sudeste,TOP_TIER,1,438.21,438.21,False
sal_6c640e30ebb1,2025-12-14 14:32:41,2025-12-14,Domingo,1,14,ecommerce,prd_eda682ecfacb,Organizador de Gaveta,Casa,Electrolux,BASICO,True,cus_2b1b3e2a1515,Ana Sophia Pereira,MG,Sudeste,VIP,2,171.00,342.00,False
sal_ef2e4754c10b,2025-12-21 09:54:46,2025-12-21,Domingo,1,9,loja_fisica,prd_686e2aab873d,Blusa de Frio,Moda,Philips,BASICO,True,cus_9d2dd4770a79,Luigi Camargo,GO,Centro-Oeste,TOP_TIER,3,80.55,241.65,False
sal_e4ed8707c564,2025-12-28 15:32:32,2025-12-28,Domingo,1,15,ecommerce,prd_d500fa66507e,Shorts Jeans,Moda,Electrolux,BASICO,True,cus_df9e0b31fa20,Yuri Albuquerque,SE,Nordeste,REGULAR,1,346.49,346.49,False
sal_f665d6ef6546,2026-01-01 17:17:43,2026-01-01,Quinta,5,17,loja_fisica,prd_651e8d1acbf8,Processador de Alimentos,Cozinha,Brastemp,BASICO,True,cus_a2e18141f826,Ísis Leão,CE,Nordeste,REGULAR,1,511.39,511.39,False
sal_9425facbdc38,2026-01-10 12:06:57,2026-01-10,Sábado,7,12,ecommerce,prd_f1f39e56f84d,Bermuda Tactel,Moda,Motorola,BASICO,True,cus_f50da5532735,João Gabriel Porto,MG,Sudeste,TOP_TIER,1,54.99,54.99,False
sal_43668c1a4be4,2025-12-21 20:25:52,2025-12-21,Domingo,1,20,loja_fisica,prd_d500fa66507e,Shorts Jeans,Moda,Electrolux,BASICO,True,cus_4e62d52db97a,Josué Souza,RJ,Sudeste,VIP,2,384.99,769.98,False
sal_a4902a368838,2025-12-19 23:26:25,2025-12-19,Sexta,6,23,loja_fisica,prd_e561d57f2a21,Caixa de Som 2.1,Áudio,Acer,BASICO,True,cus_df9e0b31fa20,Yuri Albuquerque,SE,Nordeste,REGULAR,2,116.99,233.98,False
sal_1d1d617d5278,2026-01-01 22:59:45,2026-01-01,Quinta,5,22,ecommerce,prd_30518d908a92,Cinto de Couro,Acessórios,Asus,BASICO,True,cus_f1eccf8e0d99,Luiz Miguel Câmara,GO,Centro-Oeste,REGULAR,1,80.99,80.99,False
sal_f27f4d687795,2026-01-05 18:19:52,2026-01-05,Segunda,2,18,loja_fisica,prd_0c5fb549e1c2,Edredom Casal,Casa,Dell,BASICO,True,cus_71308b76151a,Amanda Sousa,MS,Centro-Oeste,TOP_TIER,2,266.31,532.62,False
sal_4870a276766b,2025-12-25 16:44:05,2025-12-25,Quinta,5,16,loja_fisica,prd_3e585d1aaf6c,Gabinete ATX,Informática,LG,BASICO,True,cus_b42a15933072,Heitor Rezende,PE,Nordeste,TOP_TIER,1,230.89,230.89,False
sal_c6c47364d713,2026-01-02 13:17:01,2026-01-02,Sexta,6,13,ecommerce,prd_9adbaa3083e1,Jaqueta Jeans,Moda,Sony,BASICO,True,cus_ec8d75866856,Luan Vargas,RS,Sul,TOP_TIER,1,102.85,102.85,False
sal_90b4a42aa90d,2025-12-21 20:55:51,2025-12-21,Domingo,1,20,ecommerce,prd_2293732b7542,Cortina Blackout,Casa,Xiaomi,BASICO,True,cus_8ad3c8745efb,Eduardo Cunha,AC,Norte,TOP_TIER,4,68.90,275.60,False
sal_57ac110f9f03,2025-12-19 13:57:33,2025-12-19,Sexta,6,13,ecommerce,prd_b7490508211e,Vestido Floral,Moda,Apple,BASICO,True,cus_c3944101594c,Murilo Da Mata,RR,Norte,VIP,1,187.00,187.00,False
sal_f77813f625ab,2025-12-15 15:18:42,2025-12-15,Segunda,2,15,loja_fisica,prd_4ee65ed59110,Frigideira Antiaderente,Cozinha,Philips,BASICO,True,cus_d2762f5968fe,Aurora Pastor,SE,Nordeste,REGULAR,1,41.90,41.90,False
sal_45cd24a77f77,2025-12-18 13:41:10,2025-12-18,Quinta,5,13,ecommerce,prd_51511e44c92a,Kit Gamer Completo,Games,Mondial,BASICO,True,cus_3580317ddeab,Bella Borges,AM,Norte,VIP,1,88.90,88.90,False
sal_c072cb3da45d,2025-12-29 22:46:40,2025-12-29,Segunda,2,22,loja_fisica,prd_b76e68fde5cb,Perfume 100ml,Beleza,Nike,BASICO,True,cus_884be6e0ce9a,Emanuel Vieira,PA,Norte,REGULAR,4,435.00,1740.00,False
sal_fd6ee8e14609,2025-12-30 20:58:23,2025-12-30,Terça,3,20,ecommerce,prd_295160cbf171,Controle Xbox,Games,Apple,BASICO,True,cus_0ff4cceccc6f,João Aparecida,CE,Nordeste,TOP_TIER,1,279.81,279.81,False
sal_791539eda0f9,2025-12-28 14:54:02,2025-12-28,Domingo,1,14,ecommerce,prd_3053916502fb,Cabo USB-C,Eletrônicos,Electrolux,BASICO,True,cus_d4db3db9eccb,Ana Julia Camargo,PB,Nordeste,TOP_TIER,1,448.50,448.50,False
sal_fcf3d20a0a42,2025-12-26 22:36:50,2025-12-26,Sexta,6,22,ecommerce,prd_b7490508211e,Vestido Floral,Moda,Apple,BASICO,True,cus_d4db3db9eccb,Ana Julia Camargo,PB,Nordeste,TOP_TIER,1,198.00,198.00,False
sal_bdbcc6404c61,2026-01-08 22:53:30,2026-01-08,Quinta,5,22,ecommerce,prd_afd58e5fd09d,Condicionador Hidratante,Beleza,Asus,BASICO,True,cus_b42a15933072,Heitor Rezende,PE,Nordeste,TOP_TIER,1,451.90,451.90,False
sal_fd9c74491d9d,2026-01-05 12:37:31,2026-01-05,Segunda,2,12,ecommerce,prd_0c5fb549e1c2,Edredom Casal,Casa,Dell,BASICO,True,cus_eae005fd3470,Calebe Fogaça,TO,Norte,TOP_TIER,1,266.31,266.31,False
sal_ad8e0bd2b0de,2025-12-13 23:20:24,2025-12-13,Sábado,7,23,ecommerce,prd_e580cb77e94a,Máscara Facial,Beleza,Mondial,BASICO,True,cus_0ff4cceccc6f,João Aparecida,CE,Nordeste,TOP_TIER,3,107.90,323.70,False
sal_2e938ba2a0e6,2025-12-25 13:54:29,2025-12-25,Quinta,5,13,loja_fisica,prd_30518d908a92,Cinto de Couro,Acessórios,Asus,BASICO,True,cus_ec8d75866856,Luan Vargas,RS,Sul,TOP_TIER,2,76.94,153.88,False
sal_e4ad0db8c597,2026-01-09 19:02:22,2026-01-09,Sexta,6,19,ecommerce,prd_ef0b5e05efef,Creme Hidratante,Beleza,Electrolux,BASICO,True,cus_66677d443e5e,Cecília Da Luz,AC,Norte,TOP_TIER,2,247.90,495.80,False
sal_f71324abeb41,2026-01-08 15:18:21,2026-01-08,Quinta,5,15,ecommerce,prd_645f7859f379,Calça Jeans Skinny,Moda,Asus,BASICO,True,cus_a9747473c5c6,Ana Lívia Aparecida,AL,Nordeste,REGULAR,1,486.90,486.90,False
sal_5ab67f191c7a,2025-12-17 23:36:08,2025-12-17,Quarta,4,23,ecommerce,prd_359246d9ed10,SSD 500GB,Eletrônicos,Dell,BASICO,True,cus_a01814ad9247,Ana Beatriz Alves,SP,Sudeste,TOP_TIER,1,118.99,118.99,False
sal_37183456354c,2026-01-01 15:42:38,2026-01-01,Quinta,5,15,loja_fisica,prd_686e2aab873d,Blusa de Frio,Moda,Philips,BASICO,True,cus_f64907d41a69,Henrique Da Conceição,DF,Centro-Oeste,VIP,5,89.50,447.50,False
sal_b0486d5866df,2026-01-11 15:46:11,2026-01-11,Domingo,1,15,ecommerce,prd_045813f96891,Cardigan de Lã,Moda,LG,BASICO,True,cus_ec8d75866856,Luan Vargas,RS,Sul,TOP_TIER,1,142.99,142.99,False
sal_a33327f7ee2c,2025-12-28 11:13:46,2025-12-28,Domingo,1,11,loja_fisica,prd_4ee65ed59110,Frigideira Antiaderente,Cozinha,Philips,BASICO,True,cus_25d1cb23f872,Melissa Pastor,AC,Norte,VIP,1,41.90,41.90,False
sal_1cfb570fde45,2026-01-04 15:53:19,2026-01-04,Domingo,1,15,ecommerce,prd_92c0ecf60a58,Jogo de Toalhas,Casa,Brastemp,BASICO,True,cus_c9cd13d1ae9f,Yasmin Siqueira,PA,Norte,VIP,1,180.90,180.90,False
sal_1582c447db7d,2025-12-30 22:05:22,2025-12-30,Terça,3,22,ecommerce,prd_686e2aab873d,Blusa de Frio,Moda,Philips,BASICO,True,cus_9d2dd4770a79,Luigi Camargo,GO,Centro-Oeste,TOP_TIER,1,89.50,89.50,False
sal_391479cebe47,2025-12-14 21:14:42,2025-12-14,Domingo,1,21,ecommerce,prd_045813f96891,Cardigan de Lã,Moda,LG,BASICO,True,cus_644bf6820c61,Heloísa Andrade,PR,Sul,REGULAR,1,142.99,142.99,False
sal_811ec5231a80,2025-12-27 11:23:29,2025-12-27,Sábado,7,11,ecommerce,prd_e3934c71bd0c,Meia Esportiva,Esporte,Sony,BASICO,True,cus_13af118ef4e8,Sarah Teixeira,AM,Norte,TOP_TIER,1,333.11,333.11,False
sal_c00501215db7,2026-01-08 20:36:57,2026-01-08,Quinta,5,20,ecommerce,prd_c9b4024b7b9e,Toca-discos USB,Áudio,Mondial,BASICO,True,cus_0343c0763f76,Vitor Gabriel Da Luz,RS,Sul,VIP,1,90.72,90.72,False
sal_f3f7368c7ed3,2026-01-03 18:20:10,2026-01-03,Sábado,7,18,ecommerce,prd_9b4e39e312d9,Carteira de Couro,Acessórios,Asus,PREMIUM,True,cus_a01814ad9247,Ana Beatriz Alves,SP,Sudeste,TOP_TIER,1,1287.99,1287.99,False
sal_0b05a2a6d1a2,2025-12-14 21:52:04,2025-12-14,Domingo,1,21,ecommerce,prd_334f4a32f979,Persiana Vertical,Casa,Motorola,BASICO,True,cus_ec8d75866856,Luan Vargas,RS,Sul,TOP_TIER,1,404.50,404.50,False
sal_71b8f02720f7,2025-12-17 08:49:12,2025-12-17,Quarta,4,8,ecommerce,prd_645f7859f379,Calça Jeans Skinny,Moda,Asus,BASICO,True,cus_6ff11137142d,Vitor Gabriel Sá,TO,Norte,TOP_TIER,1,486.90,486.90,False
sal_0bddf28552d4,2025-12-27 12:19:28,2025-12-27,Sábado,7,12,ecommerce,prd_2cbafff50c72,Sabonete Facial,Beleza,Nike,BASICO,True,cus_639110db69ed,João Vitor Barros,AP,Norte,REGULAR,1,100.90,100.90,False
sal_30ea1a638f07,2026-01-02 09:28:58,2026-01-02,Sexta,6,9,ecommerce,prd_92c0ecf60a58,Jogo de Toalhas,Casa,Brastemp,BASICO,True,cus_2b1b3e2a1515,Ana Sophia Pereira,MG,Sudeste,VIP,3,171.85,515.55,False
sal_21bf47c9da1f,2025-12-21 18:31:43,2025-12-21,Domingo,1,18,ecommerce,prd_2293732b7542,Cortina Blackout,Casa,Xiaomi,BASICO,True,cus_f1eccf8e0d99,Luiz Miguel Câmara,GO,Centro-Oeste,REGULAR,3,65.45,196.35,False
sal_6788f5a1c13e,2025-12-26 20:00:18,2025-12-26,Sexta,6,20,ecommerce,prd_2293732b7542,Cortina Blackout,Casa,Xiaomi,BASICO,True,cus_3580317ddeab,Bella Borges,AM,Norte,VIP,2,68.90,137.80,False
sal_af85b5398b00,2025-12-23 17:18:42,2025-12-23,Terça,3,17,ecommerce,prd_2cbafff50c72,Sabonete Facial,Beleza,Nike,BASICO,True,cus_f64907d41a69,Henrique Da Conceição,DF,Centro-Oeste,VIP,1,100.90,100.90,False
sal_eecc85c04054,2025-12-31 12:55:12,2025-12-31,Quarta,4,12,ecommerce,prd_4ee65ed59110,Frigideira Antiaderente,Cozinha,Philips,BASICO,True,cus_fa3a88d1ccef,Benício Gomes,AL,Nordeste,VIP,1,35.61,35.61,False
sal_0f60d56c3180,2025-12-16 09:37:34,2025-12-16,Terça,3,9,ecommerce,prd_afd58e5fd09d,Condicionador Hidratante,Beleza,Asus,BASICO,True,cus_66677d443e5e,Cecília Da Luz,AC,Norte,TOP_TIER,1,384.11,384.11,False
sal_8f56392aa660,2026-01-01 10:08:02,2026-01-01,Quinta,5,10,ecommerce,prd_645f7859f379,Calça Jeans Skinny,Moda,Asus,BASICO,True,cus_31874cf2d1e5,Nina Moura,SP,Sudeste,TOP_TIER,1,438.21,438.21,False
sal_e5f47e3b5a78,2026-01-07 08:21:35,2026-01-07,Quarta,4,8,ecommerce,prd_f8e027f417be,Placa Mãe B450,Informática,O Boticário,BASICO,True,cus_a9747473c5c6,Ana Lívia Aparecida,AL,Nordeste,REGULAR,1,162.81,162.81,False
sal_dbc318ed7264,2026-01-06 08:38:44,2026-01-06,Terça,3,8,loja_fisica,prd_c62100cc281c,Webcam para Stream,Games,Samsung,BASICO,True,cus_c3944101594c,Murilo Da Mata,RR,Norte,VIP,1,41.56,41.56,False
sal_dc5d8bfd1306,2025-12-14 08:02:54,2025-12-14,Domingo,1,8,ecommerce,prd_a4025bac91a7,Óculos de Sol,Acessórios,Xiaomi,BASICO,True,cus_31874cf2d1e5,Nina Moura,SP,Sudeste,TOP_TIER,1,52.90,52.90,False
sal_50f05dcd5ffd,2025-12-31 16:34:29,2025-12-31,Quarta,4,16,ecommerce,prd_30518d908a92,Cinto de Couro,Acessórios,Asus,BASICO,True,cus_96658dc10aa5,Agatha Silveira,PA,Norte,TOP_TIER,1,80.99,80.99,False
sal_1e5e7bcb7d5c,2025-12-27 16:49:39,2025-12-27,Sábado,7,16,loja_fisica,prd_b7490508211e,Vestido Floral,Moda,Apple,BASICO,True,cus_df9e0b31fa20,Yuri Albuquerque,SE,Nordeste,REGULAR,1,209.00,209.00,False
sal_eefb0f954832,2025-12-31 20:52:34,2025-12-31,Quarta,4,20,ecommerce,prd_22f73233f9a5,Notebook Inspiron 15,Eletrônicos,O Boticário,BASICO,True,cus_31874cf2d1e5,Nina Moura,SP,Sudeste,TOP_TIER,1,103.90,103.90,False
sal_1cac4a4f06d7,2025-12-28 08:39:00,2025-12-28,Domingo,1,8,ecommerce,prd_6d4e3b1efd0c,Necessaire,Acessórios,Xiaomi,PREMIUM,True,cus_884be6e0ce9a,Emanuel Vieira,PA,Norte,REGULAR,1,1253.99,1253.99,False
sal_244b888f28f7,2025-12-30 19:18:49,2025-12-30,Terça,3,19,ecommerce,prd_84a009f1889d,Cortina Box,Casa,Consul,BASICO,True,cus_7262f4e5ce9f,Sophia Monteiro,SP,Sudeste,TOP_TIER,1,31.25,31.25,False
sal_28bb24feca2e,2026-01-01 14:14:57,2026-01-01,Quinta,5,14,ecommerce,prd_7798c88cc490,Kit Utensílios de Cozinha,Cozinha,Consul,BASICO,True,cus_96658dc10aa5,Agatha Silveira,PA,Norte,TOP_TIER,1,465.50,465.50,False
sal_8c749072154b,2026-01-10 17:38:17,2026-01-10,Sábado,7,17,loja_fisica,prd_380fab5d7131,Porta-retrato,Casa,Philips,BASICO,True,cus_31874cf2d1e5,Nina Moura,SP,Sudeste,TOP_TIER,2,142.90,285.80,False
sal_6d1afbd38e30,2025-12-16 18:57:37,2025-12-16,Terça,3,18,ecommerce,prd_f063f46a7ef8,Fone de Ouvido Esportivo,Áudio,Consul,PREMIUM,True,cus_31874cf2d1e5,Nina Moura,SP,Sudeste,TOP_TIER,1,1286.09,1286.09,False
sal_79aaa4c86e9d,2025-12-23 17:55:03,2025-12-23,Terça,3,17,ecommerce,prd_2cbafff50c72,Sabonete Facial,Beleza,Nike,BASICO,True,cus_25c656241a9a,Amanda Novais,GO,Centro-Oeste,TOP_TIER,1,90.81,90.81,False
sal_1792e41b24d6,2025-12-27 18:14:45,2025-12-27,Sábado,7,18,loja_fisica,prd_e561d57f2a21,Caixa de Som 2.1,Áudio,Acer,BASICO,True,cus_79d52b75f259,Elisa Freitas,CE,Nordeste,TOP_TIER,1,116.99,116.99,False
sal_a2b25b670e62,2025-12-23 08:58:23,2025-12-23,Terça,3,8,ecommerce,prd_51511e44c92a,Kit Gamer Completo,Games,Mondial,BASICO,True,cus_b42a15933072,Heitor Rezende,PE,Nordeste,TOP_TIER,1,84.45,84.45,False
sal_ac668c846982,2025-12-14 08:12:38,2025-12-14,Domingo,1,8,ecommerce,prd_91cfa7eada76,Produto não cadastrado,Não cadastrado,Não cadastrado,,False,cus_884be6e0ce9a,Emanuel Vieira,PA,Norte,REGULAR,1,100.99,100.99,False
sal_b553e113b695,2025-12-18 14:48:24,2025-12-18,Quinta,5,14,loja_fisica,prd_d92ad43fa137,Smart TV 43 Polegadas,Eletrônicos,Philips,BASICO,True,cus_a01814ad9247,Ana Beatriz Alves,SP,Sudeste,TOP_TIER,1,63.55,63.55,False
sal_ced8844d2831,2025-12-16 22:58:49,2025-12-16,Terça,3,22,loja_fisica,prd_f7ed5522d23e,Macacão Feminino,Moda,Samsung,BASICO,True,cus_a2e18141f826,Ísis Leão,CE,Nordeste,REGULAR,1,230.75,230.75,False
sal_fb4dc9728dc0,2025-12-29 16:25:37,2025-12-29,Segunda,2,16,ecommerce,prd_c62100cc281c,Webcam para Stream,Games,Samsung,BASICO,True,cus_f1eccf8e0d99,Luiz Miguel Câmara,GO,Centro-Oeste,REGULAR,1,48.90,48.90,False
sal_eaaffaa345cd,2026-01-02 17:51:11,2026-01-02,Sexta,6,17,loja_fisica,prd_07ff67746d02,Faqueiro Inox 12 Peças,Cozinha,Mondial,BASICO,True,cus_eae005fd3470,Calebe Fogaça,TO,Norte,TOP_TIER,1,316.99,316.99,False
sal_007c5f118db2,2025-12-15 14:57:41,2025-12-15,Segunda,2,14,loja_fisica,prd_b7490508211e,Vestido Floral,Moda,Apple,BASICO,True,cus_0ff4cceccc6f,João Aparecida,CE,Nordeste,TOP_TIER,2,198.00,396.00,False
sal_85d85fa10221,2025-12-17 21:25:39,2025-12-17,Quarta,4,21,ecommerce,prd_2cbafff50c72,Sabonete Facial,Beleza,Nike,BASICO,True,cus_9d2dd4770a79,Luigi Camargo,GO,Centro-Oeste,TOP_TIER,1,90.81,90.81,False
sal_96ba77e62305,2026-01-04 20:18:34,2026-01-04,Domingo,1,20,ecommerce,prd_d22d1b8b1502,Camisa Social,Moda,Brastemp,PREMIUM,True,cus_fa3a88d1ccef,Benício Gomes,AL,Nordeste,VIP,1,977.42,977.42,False
sal_0b76ee738124,2025-12-17 19:47:07,2025-12-17,Quarta,4,19,loja_fisica,prd_e66747c9b59e,Cesto de Vime,Casa,Brastemp,BASICO,True,cus_c3944101594c,Murilo Da Mata,RR,Norte,VIP,1,194.00,194.00,False
sal_a26bcd670be7,2025-12-19 11:29:44,2025-12-19,Sexta,6,11,loja_fisica,prd_6343e70ed4b9,Sérum Vitamina C,Beleza,Xiaomi,BASICO,True,cus_78ab1cf16e12,Beatriz Garcia,SE,Nordeste,TOP_TIER,2,152.00,304.00,False
sal_b97771a7a4af,2025-12-23 15:11:09,2025-12-23,Terça,3,15,ecommerce,prd_6343e70ed4b9,Sérum Vitamina C,Beleza,Xiaomi,BASICO,True,cus_d4db3db9eccb,Ana Julia Camargo,PB,Nordeste,TOP_TIER,2,152.00,304.00,False
sal_821b8cad4393,2026-01-09 10:18:25,2026-01-09,Sexta,6,10,loja_fisica,prd_385035a5bc20,Notebook Inspiron 15,Eletrônicos,Adidas,BASICO,True,cus_f64907d41a69,Henrique Da Conceição,DF,Centro-Oeste,VIP,1,186.91,186.91,False
sal_1a538938e5ce,2026-01-10 19:13:24,2026-01-10,Sábado,7,19,ecommerce,prd_6ae727ee4463,Placa Mãe B450,Informática,Xiaomi,BASICO,True,cus_f50da5532735,João Gabriel Porto,MG,Sudeste,TOP_TIER,1,74.00,74.00,False
sal_60c9d78a1422,2026-01-01 21:25:58,2026-01-01,Quinta,5,21,ecommerce,prd_ff35b88df534,SSD 500GB,Eletrônicos,Acer,BASICO,True,cus_25c656241a9a,Amanda Novais,GO,Centro-Oeste,TOP_TIER,1,211.90,211.90,False
sal_79c8ff906fc0,2025-12-26 19:13:36,2025-12-26,Sexta,6,19,ecommerce,prd_55776d3e5c2a,Garrafa Esportiva,Esporte,Adidas,BASICO,True,cus_cf84750c1fb4,Alana Teixeira,MA,Nordeste,TOP_TIER,1,183.90,183.90,False
sal_f648c0fd3f2d,2026-01-10 09:43:46,2026-01-10,Sábado,7,9,ecommerce,prd_5a6fd66e1c00,Vestido Casual,Moda,Philips,BASICO,True,cus_d2762f5968fe,Aurora Pastor,SE,Nordeste,REGULAR,1,101.61,101.61,False
sal_c1403de6ff3d,2026-01-11 13:22:12,2026-01-11,Domingo,1,13,loja_fisica,prd_38c1b898aecc,Microfone para Stream,Games,Samsung,BASICO,True,cus_0ff4cceccc6f,João Aparecida,CE,Nordeste,TOP_TIER,2,133.85,267.70,False
sal_62995866e650,2026-01-10 22:38:08,2026-01-10,Sábado,7,22,ecommerce,prd_c29b93111bd9,Colar de Ouro,Acessórios,Arno,BASICO,True,cus_639110db69ed,João Vitor Barros,AP,Norte,REGULAR,1,206.90,206.90,False
sal_3321a59857a4,2025-12-18 08:04:01,2025-12-18,Quinta,5,8,ecommerce,prd_2bf8388221ea,Mouse Gamer RGB,Games,Asus,BASICO,True,cus_f1eccf8e0d99,Luiz Miguel Câmara,GO,Centro-Oeste,REGULAR,1,44.99,44.99,False
sal_aa21fd569f07,2025-12-28 18:42:39,2025-12-28,Domingo,1,18,loja_fisica,prd_4ee65ed59110,Frigideira Antiaderente,Cozinha,Philips,BASICO,True,cus_eae005fd3470,Calebe Fogaça,TO,Norte,TOP_TIER,1,41.90,41.90,False
sal_5484b434a6ce,2026-01-02 12:07:24,2026-01-02,Sexta,6,12,ecommerce,prd_651e8d1acbf8,Processador de Alimentos,Cozinha,Brastemp,BASICO,True,cus_25d1cb23f872,Melissa Pastor,AC,Norte,VIP,1,395.16,395.16,False
sal_3e990bfc578b,2026-01-06 13:40:37,2026-01-06,Terça,3,13,ecommerce,prd_84a009f1889d,Cortina Box,Casa,Consul,BASICO,True,cus_4209c24e0be2,Maya Castro,TO,Norte,REGULAR,1,31.25,31.25,False
sal_15d0770bbb06,2025-12-22 17:58:36,2025-12-22,Segunda,2,17,ecommerce,prd_abc44b46bee1,Sabonete Facial,Beleza,Asus,BASICO,True,cus_c9cd13d1ae9f,Yasmin Siqueira,PA,Norte,VIP,1,164.89,164.89,False
sal_32e60ece14f3,2025-12-18 22:50:29,2025-12-18,Quinta,5,22,ecommerce,prd_c1f6dcbed826,Descascador de Legumes,Cozinha,Adidas,BASICO,True,cus_1a38731e1fbe,Otávio Fernandes,ES,Sudeste,TOP_TIER,1,192.90,192.90,False
sal_244766e2330a,2025-12-21 08:11:33,2025-12-21,Domingo,1,8,loja_fisica,prd_205f309c1a21,Tapete Persa,Casa,Sony,BASICO,True,cus_0343c0763f76,Vitor Gabriel Da Luz,RS,Sul,VIP,1,34.99,34.99,False
sal_76cbcca0963a,2026-01-10 18:53:00,2026-01-10,Sábado,7,18,ecommerce,prd_2cbafff50c72,Sabonete Facial,Beleza,Nike,BASICO,True,cus_8ad3c8745efb,Eduardo Cunha,AC,Norte,TOP_TIER,1,85.77,85.77,False
sal_4563977a9861,2025-12-16 11:12:33,2025-12-16,Terça,3,11,ecommerce,prd_5437b387f602,Webcam 1080p,Informática,LG,BASICO,True,cus_66677d443e5e,Cecília Da Luz,AC,Norte,TOP_TIER,1,227.90,227.90,False
sal_0fc51f5b7d5f,2025-12-27 20:11:07,2025-12-27,Sábado,7,20,loja_fisica,prd_359246d9ed10,SSD 500GB,Eletrônicos,Dell,BASICO,True,cus_d36c11b261a6,Cauã Rocha,MA,Nordeste,REGULAR,2,118.99,237.98,False
sal_3310ca9497e4,2026-01-03 09:31:26,2026-01-03,Sábado,7,9,loja_fisica,prd_334f4a32f979,Persiana Vertical,Casa,Motorola,BASICO,True,cus_1a38731e1fbe,Otávio Fernandes,ES,Sudeste,TOP_TIER,2,404.50,809.00,False
sal_c35a7d5b326c,2026-01-03 12:56:52,2026-01-03,Sábado,7,12,ecommerce,prd_2255432fabe7,Marcador de Texto,Acessórios,Nike,BASICO,True,cus_0914bdf6e1fe,Isabelly Câmara,MT,Centro-Oeste,REGULAR,2,107.99,215.98,False
sal_481ec8f558d3,2025-12-24 20:17:17,2025-12-24,Quarta,4,20,ecommerce,prd_11a9489c4c86,Porta-retrato,Casa,Asus,BASICO,True,cus_f1a06ae11717,Gustavo Henrique Rios,AM,Norte,TOP_TIER,1,74.99,74.99,False
sal_cbc8d5c73aae,2025-12-15 17:00:57,2025-12-15,Segunda,2,17,ecommerce,prd_c9b4024b7b9e,Toca-discos USB,Áudio,Mondial,BASICO,True,cus_36595eecf105,Bruno Novaes,PA,Norte,REGULAR,1,90.72,90.72,False
sal_2b92c99b77f3,2025-12-17 10:03:41,2025-12-17,Quarta,4,10,ecommerce,prd_b4a98acf1a5f,Cardigan de Lã,Moda,LG,BASICO,True,cus_eae005fd3470,Calebe Fogaça,TO,Norte,TOP_TIER,1,35.90,35.90,True
sal_50ff24ff9503,2025-12-25 10:33:38,2025-12-25,Quinta,5,10,ecommerce,prd_c62100cc281c,Webcam para Stream,Games,Samsung,BASICO,True,cus_f1eccf8e0d99,Luiz Miguel Câmara,GO,Centro-Oeste,REGULAR,1,48.90,48.90,False
sal_b1ff243d9284,2025-12-14 17:34:43,2025-12-14,Domingo,1,17,loja_fisica,prd_f063f46a7ef8,Fone de Ouvido Esportivo,Áudio,Consul,PREMIUM,True,cus_25d1cb23f872,Melissa Pastor,AC,Norte,VIP,1,1357.54,1357.54,False
sal_bcc39345b0e7,2025-12-17 14:51:18,2025-12-17,Quarta,4,14,ecommerce,prd_045813f96891,Cardigan de Lã,Moda,LG,BASICO,True,cus_ec8d75866856,Luan Vargas,RS,Sul,TOP_TIER,2,142.99,285.98,False
sal_950deeac4d83,2025-12-13 11:17:26,2025-12-13,Sábado,7,11,ecommerce,prd_c29b93111bd9,Colar de Ouro,Acessórios,Arno,BASICO,True,cus_0ff4cceccc6f,João Aparecida,CE,Nordeste,TOP_TIER,3,186.21,558.63,False
sal_615765ece0b0,2025-12-21 11:40:53,2025-12-21,Domingo,1,11,loja_fisica,prd_bf5d8671f7a9,Placa Mãe B450,Informática,Brastemp,BASICO,True,cus_1a38731e1fbe,Otávio Fernandes,ES,Sudeste,TOP_TIER,1,107.91,107.91,False
sal_e343497cc4a8,2026-01-07 16:53:20,2026-01-07,Quarta,4,16,loja_fisica,prd_694bd92302c1,Gabinete ATX,Informática,Mondial,BASICO,True,cus_884be6e0ce9a,Emanuel Vieira,PA,Norte,REGULAR,1,102.19,102.19,False
sal_fde20152c7c3,2026-01-10 22:25:32,2026-01-10,Sábado,7,22,ecommerce,prd_b2fdb7f36a3f,Blusa de Algodão,Moda,LG,BASICO,True,cus_d2762f5968fe,Aurora Pastor,SE,Nordeste,REGULAR,1,52.99,52.99,False
sal_cfc4b36d7c50,2026-01-07 13:42:59,2026-01-07,Quarta,4,13,ecommerce,prd_d500fa66507e,Shorts Jeans,Moda,Electrolux,BASICO,True,cus_a8f8e01eaee8,Elisa Martins,ES,Sudeste,REGULAR,2,327.24,654.48,False
sal_83b0323f73c1,2025-12-19 09:22:19,2025-12-19,Sexta,6,9,ecommerce,prd_e580cb77e94a,Máscara Facial,Beleza,Mondial,BASICO,True,cus_0ff4cceccc6f,João Aparecida,CE,Nordeste,TOP_TIER,1,97.11,97.11,False
sal_d709dbe9b31e,2026-01-09 11:33:04,2026-01-09,Sexta,6,11,loja_fisica,prd_f6a0a3346af9,Carteira de Couro,Acessórios,LG,BASICO,True,cus_c8d383cfde0c,Maria Cecília Oliveira,AM,Norte,TOP_TIER,1,273.90,273.90,False
sal_f05e7d9aaadd,2026-01-02 17:24:25,2026-01-02,Sexta,6,17,ecommerce,prd_bf5d8671f7a9,Placa Mãe B450,Informática,Brastemp,BASICO,True,cus_b0026583b709,Mariane Pacheco,MT,Centro-Oeste,VIP,1,107.91,107.91,False
sal_bf98e65318fb,2025-12-21 18:09:40,2025-12-21,Domingo,1,18,ecommerce,prd_a4025bac91a7,Óculos de Sol,Acessórios,Xiaomi,BASICO,True,cus_0343c0763f76,Vitor Gabriel Da Luz,RS,Sul,VIP,1,52.90,52.90,False
sal_a16dd11a224d,2025-12-16 17:43:25,2025-12-16,Terça,3,17,loja_fisica,prd_d92ad43fa137,Smart TV 43 Polegadas,Eletrônicos,Philips,BASICO,True,cus_b0026583b709,Mariane Pacheco,MT,Centro-Oeste,VIP,1,66.90,66.90,False
sal_649508743714,2026-01-01 09:46:18,2026-01-01,Quinta,5,9,ecommerce,prd_9d7b9035daa0,Forma de Bolo Redonda,Cozinha,O Boticário,BASICO,True,cus_4209c24e0be2,Maya Castro,TO,Norte,REGULAR,1,191.90,191.90,False
sal_a57e06127745,2026-01-03 21:57:21,2026-01-03,Sábado,7,21,ecommerce,prd_2cbafff50c72,Sabonete Facial,Beleza,Nike,BASICO,True,cus_d36c11b261a6,Cauã Rocha,MA,Nordeste,REGULAR,1,100.90,100.90,False
sal_7c780e9c53ed,2025-12-27 12:13:38,2025-12-27,Sábado,7,12,ecommerce,prd_bf94f6ee7033,Mochila Esportiva,Esporte,Sony,BASICO,True,cus_7262f4e5ce9f,Sophia Monteiro,SP,Sudeste,TOP_TIER,1,78.90,78.90,False
sal_60d4b054d715,2025-12-23 20:55:02,2025-12-23,Terça,3,20,ecommerce,prd_2293732b7542,Cortina Blackout,Casa,Xiaomi,BASICO,True,cus_884be6e0ce9a,Emanuel Vieira,PA,Norte,REGULAR,1,68.90,68.90,False
sal_86fe2cb4334e,2025-12-23 16:40:36,2025-12-23,Terça,3,16,ecommerce,prd_6d4e3b1efd0c,Necessaire,Acessórios,Xiaomi,PREMIUM,True,cus_f50da5532735,João Gabriel Porto,MG,Sudeste,TOP_TIER,1,1139.99,1139.99,False
sal_4d79517c990c,2025-12-15 18:23:32,2025-12-15,Segunda,2,18,loja_fisica,prd_686e2aab873d,Blusa de Frio,Moda,Philips,BASICO,True,cus_71308b76151a,Amanda Sousa,MS,Centro-Oeste,TOP_TIER,4,85.02,340.08,False
sal_98f8ee38f349,2026-01-01 18:03:07,2026-01-01,Quinta,5,18,ecommerce,prd_a3ae425a3edd,Pesos de Pulso,Esporte,Philips,BASICO,True,cus_2b1b3e2a1515,Ana Sophia Pereira,MG,Sudeste,VIP,1,75.59,75.59,False
sal_60d297025214,2025-12-27 13:48:40,2025-12-27,Sábado,7,13,loja_fisica,prd_2293732b7542,Cortina Blackout,Casa,Xiaomi,BASICO,True,cus_418af67b6b28,Miguel Ramos,TO,Norte,REGULAR,1,65.45,65.45,False
sal_50de5925b428,2026-01-07 18:45:39,2026-01-07,Quarta,4,18,ecommerce,prd_23664e42a71c,Jogo de Toalhas,Casa,Xiaomi,BASICO,True,cus_b0026583b709,Mariane Pacheco,MT,Centro-Oeste,VIP,1,93.42,93.42,False
sal_b9b818b8fa37,2025-12-18 14:21:33,2025-12-18,Quinta,5,14,ecommerce,prd_d92ad43fa137,Smart TV 43 Polegadas,Eletrônicos,Philips,BASICO,True,cus_0914bdf6e1fe,Isabelly Câmara,MT,Centro-Oeste,REGULAR,3,66.90,200.70,False
sal_c50d42fcac15,2025-12-20 21:00:10,2025-12-20,Sábado,7,21,ecommerce,prd_2293732b7542,Cortina Blackout,Casa,Xiaomi,BASICO,True,cus_d4db3db9eccb,Ana Julia Camargo,PB,Nordeste,TOP_TIER,1,68.90,68.90,False
sal_9d7eb2c95c5c,2026-01-10 18:11:04,2026-01-10,Sábado,7,18,ecommerce,prd_0c5fb549e1c2,Edredom Casal,Casa,Dell,BASICO,True,cus_d36c11b261a6,Cauã Rocha,MA,Nordeste,REGULAR,1,295.90,295.90,False
sal_f0e5de94b2d0,2026-01-10 16:27:56,2026-01-10,Sábado,7,16,loja_fisica,prd_686e2aab873d,Blusa de Frio,Moda,Philips,BASICO,True,cus_c3944101594c,Murilo Da Mata,RR,Norte,VIP,2,85.02,170.04,False
sal_de6a29cd9295,2025-12-18 19:55:57,2025-12-18,Quinta,5,19,loja_fisica,prd_51511e44c92a,Kit Gamer Completo,Games,Mondial,BASICO,True,cus_a01814ad9247,Ana Beatriz Alves,SP,Sudeste,TOP_TIER,3,88.90,266.70,False
sal_ef2584fa140c,2026-01-07 17:10:18,2026-01-07,Quarta,4,17,loja_fisica,prd_b17460641fb4,Garrafa Térmica 1L,Cozinha,Xiaomi,BASICO,True,cus_31874cf2d1e5,Nina Moura,SP,Sudeste,TOP_TIER,3,239.99,719.97,False
sal_7d0a98fe9325,2026-01-02 11:24:47,2026-01-02,Sexta,6,11,ecommerce,prd_afd58e5fd09d,Condicionador Hidratante,Beleza,Asus,BASICO,True,cus_3580317ddeab,Bella Borges,AM,Norte,VIP,1,451.90,451.90,False
sal_b42469289c78,2025-12-18 21:26:37,2025-12-18,Quinta,5,21,ecommerce,prd_08fc82e8b75d,Persiana Vertical,Casa,Acer,BASICO,True,cus_c8d383cfde0c,Maria Cecília Oliveira,AM,Norte,TOP_TIER,1,131.00,131.00,False
sal_316b3b6722cf,2026-01-10 19:40:47,2026-01-10,Sábado,7,19,loja_fisica,prd_142839b15f63,Vestido Casual,Moda,Xiaomi,BASICO,True,cus_fa3a88d1ccef,Benício Gomes,AL,Nordeste,VIP,2,84.58,169.16,False
sal_1ec1d6b37bc7,2025-12-17 12:32:45,2025-12-17,Quarta,4,12,ecommerce,prd_d22d1b8b1502,Camisa Social,Moda,Brastemp,PREMIUM,True,cus_9d2dd4770a79,Luigi Camargo,GO,Centro-Oeste,TOP_TIER,2,1034.91,2069.82,False
sal_b041f45c2c09,2025-12-24 10:38:21,2025-12-24,Quarta,4,10,ecommerce,prd_d500fa66507e,Shorts Jeans,Moda,Electrolux,BASICO,True,cus_2b1b3e2a1515,Ana Sophia Pereira,MG,Sudeste,VIP,3,384.99,1154.97,False
sal_f850301a641d,2025-12-23 22:26:52,2025-12-23,Terça,3,22,ecommerce,prd_84a009f1889d,Cortina Box,Casa,Consul,BASICO,True,cus_8fa04d3a5837,Rafael Porto,RS,Sul,TOP_TIER,1,32.90,32.90,False
sal_4aacf4df928c,2026-01-09 16:11:27,2026-01-09,Sexta,6,16,loja_fisica,prd_645f7859f379,Calça Jeans Skinny,Moda,Asus,BASICO,True,cus_8fa04d3a5837,Rafael Porto,RS,Sul,TOP_TIER,1,462.55,462.55,False
sal_644942dc7533,2025-12-19 13:31:01,2025-12-19,Sexta,6,13,ecommerce,prd_b7490508211e,Vestido Floral,Moda,Apple,BASICO,True,cus_7262f4e5ce9f,Sophia Monteiro,SP,Sudeste,TOP_TIER,1,187.00,187.00,False
sal_eec4ad570ca9,2026-01-04 18:02:31,2026-01-04,Domingo,1,18,ecommerce,prd_84adbd000991,Produto não cadastrado,Não cadastrado,Não cadastrado,,False,cus_d36c11b261a6,Cauã Rocha,MA,Nordeste,REGULAR,1,106.00,106.00,False
sal_bd3b532c423b,2025-12-19 15:45:33,2025-12-19,Sexta,6,15,ecommerce,prd_64000b956cf3,Tapete Persa,Casa,Motorola,BASICO,True,cus_8fa04d3a5837,Rafael Porto,RS,Sul,TOP_TIER,1,258.90,258.90,False
sal_7aee27a58b72,2025-12-16 15:11:26,2025-12-16,Terça,3,15,loja_fisica,prd_08611917c0ae,Relógio de Parede,Casa,Adidas,BASICO,True,cus_2b1b3e2a1515,Ana Sophia Pereira,MG,Sudeste,VIP,1,95.39,95.39,False
sal_36f7e603a50d,2026-01-06 16:38:50,2026-01-06,Terça,3,16,ecommerce,prd_b7490508211e,Vestido Floral,Moda,Apple,BASICO,True,cus_66677d443e5e,Cecília Da Luz,AC,Norte,TOP_TIER,1,220.00,220.00,False
sal_082d830ffafd,2025-12-20 23:13:46,2025-12-20,Sábado,7,23,ecommerce,prd_f063f46a7ef8,Fone de Ouvido Esportivo,Áudio,Consul,PREMIUM,True,cus_a01814ad9247,Ana Beatriz Alves,SP,Sudeste,TOP_TIER,1,1428.99,1428.99,False
sal_21308298cc3a,2025-12-21 22:06:08,2025-12-21,Domingo,1,22,loja_fisica,prd_11a9489c4c86,Porta-retrato,Casa,Asus,BASICO,True,cus_36595eecf105,Bruno Novaes,PA,Norte,REGULAR,1,63.74,63.74,False
sal_904cf6e08981,2025-12-28 10:10:33,2025-12-28,Domingo,1,10,ecommerce,prd_30518d908a92,Cinto de Couro,Acessórios,Asus,BASICO,True,cus_d4db3db9eccb,Ana Julia Camargo,PB,Nordeste,TOP_TIER,3,76.94,230.82,False
sal_a1c2f135679e,2025-12-26 10:04:46,2025-12-26,Sexta,6,10,loja_fisica,prd_a4025bac91a7,Óculos de Sol,Acessórios,Xiaomi,BASICO,True,cus_eae005fd3470,Calebe Fogaça,TO,Norte,TOP_TIER,1,50.25,50.25,False
sal_fb800bc37c28,2025-12-25 12:16:21,2025-12-25,Quinta,5,12,ecommerce,prd_d22d1b8b1502,Camisa Social,Moda,Brastemp,PREMIUM,True,cus_d4db3db9eccb,Ana Julia Camargo,PB,Nordeste,TOP_TIER,1,1092.40,1092.40,False
sal_b90fae3dd526,2026-01-08 23:00:46,2026-01-08,Quinta,5,23,loja_fisica,prd_df1e44c528e0,Fone de Ouvido Esportivo,Áudio,O Boticário,BASICO,True,cus_79d52b75f259,Elisa Freitas,CE,Nordeste,TOP_TIER,1,192.99,192.99,False
sal_b98a11b9f20c,2025-12-18 11:47:26,2025-12-18,Quinta,5,11,loja_fisica,prd_bf5d8671f7a9,Placa Mãe B450,Informática,Brastemp,BASICO,True,cus_d4db3db9eccb,Ana Julia Camargo,PB,Nordeste,TOP_TIER,4,119.90,479.60,False
sal_c5fd12d62b23,2025-12-31 20:18:00,2025-12-31,Quarta,4,20,ecommerce,prd_c62100cc281c,Webcam para Stream,Games,Samsung,BASICO,True,cus_d4db3db9eccb,Ana Julia Camargo,PB,Nordeste,TOP_TIER,1,41.56,41.56,False
sal_ad9e986c3b5d,2025-12-22 09:12:43,2025-12-22,Segunda,2,9,loja_fisica,prd_2293732b7542,Cortina Blackout,Casa,Xiaomi,BASICO,True,cus_ec8d75866856,Luan Vargas,RS,Sul,TOP_TIER,1,58.57,58.57,False
sal_c49152ba9d99,2026-01-04 14:14:11,2026-01-04,Domingo,1,14,ecommerce,prd_385035a5bc20,Notebook Inspiron 15,Eletrônicos,Adidas,BASICO,True,cus_d36c11b261a6,Cauã Rocha,MA,Nordeste,REGULAR,1,219.90,219.90,False
sal_b54df1f24ddb,2025-12-25 16:23:10,2025-12-25,Quinta,5,16,ecommerce,prd_23664e42a71c,Jogo de Toalhas,Casa,Xiaomi,BASICO,True,cus_f64907d41a69,Henrique Da Conceição,DF,Centro-Oeste,VIP,1,98.91,98.91,False
sal_8f8ca7375503,2025-12-26 15:33:53,2025-12-26,Sexta,6,15,ecommerce,prd_ef0b5e05efef,Creme Hidratante,Beleza,Electrolux,BASICO,True,cus_d36c11b261a6,Cauã Rocha,MA,Nordeste,REGULAR,1,210.72,210.72,False
sal_39984b5defa7,2026-01-10 16:25:46,2026-01-10,Sábado,7,16,loja_fisica,prd_289cf61bbd5e,Porta-moedas,Acessórios,Consul,BASICO,True,cus_8ad3c8745efb,Eduardo Cunha,AC,Norte,TOP_TIER,1,100.50,100.50,False
sal_3c495f52258c,2025-12-16 10:23:54,2025-12-16,Terça,3,10,ecommerce,prd_82cd17cb589d,Persiana Vertical,Casa,Dell,BASICO,True,cus_78ab1cf16e12,Beatriz Garcia,SE,Nordeste,TOP_TIER,4,42.65,170.60,False
sal_7d6141e5ea02,2025-12-27 15:02:12,2025-12-27,Sábado,7,15,ecommerce,prd_afd58e5fd09d,Condicionador Hidratante,Beleza,Asus,BASICO,True,cus_644bf6820c61,Heloísa Andrade,PR,Sul,REGULAR,1,406.71,406.71,False
sal_934ef6fd6d45,2025-12-26 16:25:08,2025-12-26,Sexta,6,16,loja_fisica,prd_9239eec8982d,HD Externo 2TB,Informática,Arno,BASICO,True,cus_fa3a88d1ccef,Benício Gomes,AL,Nordeste,VIP,1,51.99,51.99,False
sal_e43ba7b37962,2026-01-10 20:38:43,2026-01-10,Sábado,7,20,ecommerce,prd_9f5272275347,Marcador de Texto,Acessórios,Sony,BASICO,True,cus_71308b76151a,Amanda Sousa,MS,Centro-Oeste,TOP_TIER,2,59.50,119.00,False
sal_80ef78b8dc08,2026-01-08 15:31:53,2026-01-08,Quinta,5,15,ecommerce,prd_51511e44c92a,Kit Gamer Completo,Games,Mondial,BASICO,True,cus_9d2dd4770a79,Luigi Camargo,GO,Centro-Oeste,TOP_TIER,1,88.90,88.90,False
sal_7d11e4aa6366,2025-12-22 14:56:51,2025-12-22,Segunda,2,14,loja_fisica,prd_38c1b898aecc,Microfone para Stream,Games,Samsung,BASICO,True,cus_fa3a88d1ccef,Benício Gomes,AL,Nordeste,VIP,1,126.81,126.81,False
sal_37857af1aa86,2025-12-22 17:33:46,2025-12-22,Segunda,2,17,loja_fisica,prd_82cd17cb589d,Persiana Vertical,Casa,Dell,BASICO,True,cus_71308b76151a,Amanda Sousa,MS,Centro-Oeste,TOP_TIER,1,44.90,44.90,False
sal_df032f168f52,2025-12-25 17:01:52,2025-12-25,Quinta,5,17,ecommerce,prd_afd58e5fd09d,Condicionador Hidratante,Beleza,Asus,BASICO,True,cus_4e62d52db97a,Josué Souza,RJ,Sudeste,VIP,1,451.90,451.90,False
sal_51320353b8f8,2025-12-29 18:05:56,2025-12-29,Segunda,2,18,loja_fisica,prd_b7490508211e,Vestido Floral,Moda,Apple,BASICO,True,cus_a8f8e01eaee8,Elisa Martins,ES,Sudeste,REGULAR,1,209.00,209.00,False
sal_f46ce0378b50,2025-12-27 09:16:29,2025-12-27,Sábado,7,9,loja_fisica,prd_07ff67746d02,Faqueiro Inox 12 Peças,Cozinha,Mondial,BASICO,True,cus_9d2dd4770a79,Luigi Camargo,GO,Centro-Oeste,TOP_TIER,1,269.44,269.44,False
sal_e3b5c558a827,2025-12-29 16:55:37,2025-12-29,Segunda,2,16,ecommerce,prd_a3ae425a3edd,Pesos de Pulso,Esporte,Philips,BASICO,True,cus_4209c24e0be2,Maya Castro,TO,Norte,REGULAR,1,83.99,83.99,False
sal_ff38874ab650,2026-01-05 22:08:43,2026-01-05,Segunda,2,22,ecommerce,prd_0c113961481f,Vestido Floral,Moda,Apple,BASICO,True,cus_31874cf2d1e5,Nina Moura,SP,Sudeste,TOP_TIER,3,207.31,621.93,False
sal_5cf8ac931ada,2026-01-03 20:37:55,2026-01-03,Sábado,7,20,ecommerce,prd_645f7859f379,Calça Jeans Skinny,Moda,Asus,BASICO,True,cus_c3944101594c,Murilo Da Mata,RR,Norte,VIP,1,462.55,462.55,False
sal_7c56773f389f,2025-12-16 17:35:28,2025-12-16,Terça,3,17,ecommerce,prd_9d1aea4d28ae,Pesos de Pulso,Esporte,Sony,PREMIUM,True,cus_25c656241a9a,Amanda Novais,GO,Centro-Oeste,TOP_TIER,1,1324.90,1324.90,False
sal_1247a0916ad2,2025-12-31 17:59:42,2025-12-31,Quarta,4,17,loja_fisica,prd_815b38747487,Conjunto de Malha,Moda,Brastemp,BASICO,True,cus_c9cd13d1ae9f,Yasmin Siqueira,PA,Norte,VIP,4,73.52,294.08,False
sal_a804ead879a6,2025-12-25 18:25:51,2025-12-25,Quinta,5,18,ecommerce,prd_ff35b88df534,SSD 500GB,Eletrônicos,Acer,BASICO,True,cus_2b1b3e2a1515,Ana Sophia Pereira,MG,Sudeste,VIP,3,211.90,635.70,False
sal_798174189b54,2025-12-20 19:07:04,2025-12-20,Sábado,7,19,ecommerce,prd_c62100cc281c,Webcam para Stream,Games,Samsung,BASICO,True,cus_a9747473c5c6,Ana Lívia Aparecida,AL,Nordeste,REGULAR,1,48.90,48.90,False
sal_1bade1fbdb73,2025-12-26 16:37:40,2025-12-26,Sexta,6,16,ecommerce,prd_4e1abbd002eb,Mochila Esportiva,Esporte,Samsung,BASICO,True,cus_96658dc10aa5,Agatha Silveira,PA,Norte,TOP_TIER,1,42.65,42.65,False
sal_6b2ae9362977,2025-12-30 22:14:10,2025-12-30,Terça,3,22,loja_fisica,prd_bf5d8671f7a9,Placa Mãe B450,Informática,Brastemp,BASICO,True,cus_d4db3db9eccb,Ana Julia Camargo,PB,Nordeste,TOP_TIER,1,119.90,119.90,False
sal_6f99d1ded05b,2026-01-03 23:36:11,2026-01-03,Sábado,7,23,loja_fisica,prd_30518d908a92,Cinto de Couro,Acessórios,Asus,BASICO,True,cus_25d1cb23f872,Melissa Pastor,AC,Norte,VIP,3,80.99,242.97,False
sal_1abe893f251e,2025-12-20 09:40:48,2025-12-20,Sábado,7,9,loja_fisica,prd_205f309c1a21,Tapete Persa,Casa,Sony,BASICO,True,cus_df9e0b31fa20,Yuri Albuquerque,SE,Nordeste,REGULAR,1,34.99,34.99,False
sal_98c7d888c4a1,2025-12-14 11:05:46,2025-12-14,Domingo,1,11,ecommerce,prd_dfac11815029,Microfone para Stream,Games,Apple,BASICO,True,cus_d4db3db9eccb,Ana Julia Camargo,PB,Nordeste,TOP_TIER,1,189.00,189.00,False
sal_b5e321548521,2025-12-28 08:16:05,2025-12-28,Domingo,1,8,ecommerce,prd_a4025bac91a7,Óculos de Sol,Acessórios,Xiaomi,BASICO,True,cus_a8f8e01eaee8,Elisa Martins,ES,Sudeste,REGULAR,1,52.90,52.90,False
sal_1b2a3e37fe2d,2025-12-23 11:59:22,2025-12-23,Terça,3,11,ecommerce,prd_651e8d1acbf8,Processador de Alimentos,Cozinha,Brastemp,BASICO,True,cus_3580317ddeab,Bella Borges,AM,Norte,VIP,1,395.16,395.16,False
sal_ba873290f337,2025-12-25 08:36:05,2025-12-25,Quinta,5,8,ecommerce,prd_c29b93111bd9,Colar de Ouro,Acessórios,Arno,BASICO,True,cus_96658dc10aa5,Agatha Silveira,PA,Norte,TOP_TIER,2,186.21,372.42,False
sal_a9b12c4e2c12,2025-12-20 19:50:08,2025-12-20,Sábado,7,19,ecommerce,prd_359246d9ed10,SSD 500GB,Eletrônicos,Dell,BASICO,True,cus_d2762f5968fe,Aurora Pastor,SE,Nordeste,REGULAR,1,118.99,118.99,False
sal_68b81b527946,2025-12-22 16:49:25,2025-12-22,Segunda,2,16,ecommerce,prd_bf5d8671f7a9,Placa Mãe B450,Informática,Brastemp,BASICO,True,cus_cf84750c1fb4,Alana Teixeira,MA,Nordeste,TOP_TIER,1,101.92,101.92,False
sal_8b124a2d1e14,2026-01-11 09:54:06,2026-01-11,Domingo,1,9,loja_fisica,prd_205f309c1a21,Tapete Persa,Casa,Sony,BASICO,True,cus_644bf6820c61,Heloísa Andrade,PR,Sul,REGULAR,1,34.99,34.99,False
sal_50a7e059fbd3,2026-01-06 23:59:25,2026-01-06,Terça,3,23,loja_fisica,prd_56e08463d21c,Tapete Persa,Casa,Brastemp,BASICO,True,cus_a2e18141f826,Ísis Leão,CE,Nordeste,REGULAR,1,201.51,201.51,False
sal_6f0fcea4ac7f,2025-12-22 12:44:43,2025-12-22,Segunda,2,12,loja_fisica,prd_d92ad43fa137,Smart TV 43 Polegadas,Eletrônicos,Philips,BASICO,True,cus_a01814ad9247,Ana Beatriz Alves,SP,Sudeste,TOP_TIER,1,60.21,60.21,False
sal_ef05cee6b2be,2025-12-19 20:13:55,2025-12-19,Sexta,6,20,ecommerce,prd_a3ae425a3edd,Pesos de Pulso,Esporte,Philips,BASICO,True,cus_d36c11b261a6,Cauã Rocha,MA,Nordeste,REGULAR,1,83.99,83.99,False
sal_20a3b20d4369,2025-12-23 18:40:28,2025-12-23,Terça,3,18,loja_fisica,prd_645f7859f379,Calça Jeans Skinny,Moda,Asus,BASICO,True,cus_b0026583b709,Mariane Pacheco,MT,Centro-Oeste,VIP,1,438.21,438.21,False
sal_d6adc0daa82b,2025-12-31 21:34:08,2025-12-31,Quarta,4,21,loja_fisica,prd_334f4a32f979,Persiana Vertical,Casa,Motorola,BASICO,True,cus_25d1cb23f872,Melissa Pastor,AC,Norte,VIP,2,404.50,809.00,False
sal_926ad2f72023,2026-01-05 15:29:10,2026-01-05,Segunda,2,15,ecommerce,prd_30518d908a92,Cinto de Couro,Acessórios,Asus,BASICO,True,cus_78ab1cf16e12,Beatriz Garcia,SE,Nordeste,TOP_TIER,1,80.99,80.99,False
sal_53ee55f56029,2026-01-06 19:25:25,2026-01-06,Terça,3,19,ecommerce,prd_d0368e440753,Batom Matte,Beleza,Adidas,BASICO,True,cus_9d2dd4770a79,Luigi Camargo,GO,Centro-Oeste,TOP_TIER,2,34.90,69.80,False
sal_a0143635b4f9,2025-12-20 18:58:42,2025-12-20,Sábado,7,18,ecommerce,prd_2cbafff50c72,Sabonete Facial,Beleza,Nike,BASICO,True,cus_cf84750c1fb4,Alana Teixeira,MA,Nordeste,TOP_TIER,3,100.90,302.70,False
sal_965326941727,2025-12-22 17:03:28,2025-12-22,Segunda,2,17,ecommerce,prd_4ee65ed59110,Frigideira Antiaderente,Cozinha,Philips,BASICO,True,cus_eae005fd3470,Calebe Fogaça,TO,Norte,TOP_TIER,2,41.90,83.80,False
sal_09095fb1c5b2,2025-12-14 15:50:18,2025-12-14,Domingo,1,15,loja_fisica,prd_0347eab01a6c,Memória RAM 8GB,Informática,Mondial,MEDIO,True,cus_31874cf2d1e5,Nina Moura,SP,Sudeste,TOP_TIER,1,594.70,594.70,False
sal_56ed8e440edc,2025-12-25 16:41:21,2025-12-25,Quinta,5,16,ecommerce,prd_f1f39e56f84d,Bermuda Tactel,Moda,Motorola,BASICO,True,cus_d2762f5968fe,Aurora Pastor,SE,Nordeste,REGULAR,1,52.24,52.24,False
sal_ff2bab851c67,2025-12-30 17:36:00,2025-12-30,Terça,3,17,ecommerce,prd_3053916502fb,Cabo USB-C,Eletrônicos,Electrolux,BASICO,True,cus_508a15ccf0fa,Zoe Campos,MT,Centro-Oeste,TOP_TIER,1,448.50,448.50,False
sal_8ee4f4d57971,2025-12-14 17:52:11,2025-12-14,Domingo,1,17,ecommerce,prd_d500fa66507e,Shorts Jeans,Moda,Electrolux,BASICO,True,cus_0914bdf6e1fe,Isabelly Câmara,MT,Centro-Oeste,REGULAR,2,384.99,769.98,False
sal_2b1198b587f2,2025-12-27 15:02:31,2025-12-27,Sábado,7,15,ecommerce,prd_f063f46a7ef8,Fone de Ouvido Esportivo,Áudio,Consul,PREMIUM,True,cus_8fa04d3a5837,Rafael Porto,RS,Sul,TOP_TIER,1,1214.64,1214.64,False
sal_3ee6f70e568a,2025-12-23 00:55:46,2025-12-23,Terça,3,0,ecommerce,prd_ff35b88df534,SSD 500GB,Eletrônicos,Acer,BASICO,True,cus_3580317ddeab,Bella Borges,AM,Norte,VIP,1,211.90,211.90,False
sal_7686db1ce890,2025-12-24 10:26:28,2025-12-24,Quarta,4,10,ecommerce,prd_c1f6dcbed826,Descascador de Legumes,Cozinha,Adidas,BASICO,True,cus_36595eecf105,Bruno Novaes,PA,Norte,REGULAR,1,192.90,192.90,False
sal_7e627a0128e9,2026-01-04 19:46:32,2026-01-04,Domingo,1,19,ecommerce,prd_2cbafff50c72,Sabonete Facial,Beleza,Nike,BASICO,True,cus_3580317ddeab,Bella Borges,AM,Norte,VIP,4,100.90,403.60,False
sal_3d0ac4d9678a,2026-01-11 17:27:34,2026-01-11,Domingo,1,17,loja_fisica,prd_65c60230d4ed,Base Líquida,Beleza,Asus,BASICO,True,cus_0343c0763f76,Vitor Gabriel Da Luz,RS,Sul,VIP,1,99.90,99.90,False
sal_bb67dbfcd1d1,2025-12-15 22:43:30,2025-12-15,Segunda,2,22,ecommerce,prd_51511e44c92a,Kit Gamer Completo,Games,Mondial,BASICO,True,cus_f1a06ae11717,Gustavo Henrique Rios,AM,Norte,TOP_TIER,1,88.90,88.90,False
sal_84627981a402,2025-12-16 17:54:23,2025-12-16,Terça,3,17,loja_fisica,prd_3bee9877eb80,Rádio AM/FM,Áudio,Lenovo,BASICO,True,cus_78ab1cf16e12,Beatriz Garcia,SE,Nordeste,TOP_TIER,1,45.50,45.50,False
sal_3c23a43db6a9,2026-01-11 21:52:26,2026-01-11,Domingo,1,21,loja_fisica,prd_51511e44c92a,Kit Gamer Completo,Games,Mondial,BASICO,True,cus_d2762f5968fe,Aurora Pastor,SE,Nordeste,REGULAR,1,84.45,84.45,False
sal_a8d6d50907b4,2025-12-16 15:07:42,2025-12-16,Terça,3,15,ecommerce,prd_9239eec8982d,HD Externo 2TB,Informática,Arno,BASICO,True,cus_78ab1cf16e12,Beatriz Garcia,SE,Nordeste,TOP_TIER,1,49.39,49.39,False
sal_a16313c68d2c,2025-12-24 14:54:19,2025-12-24,Quarta,4,14,loja_fisica,prd_d92ad43fa137,Smart TV 43 Polegadas,Eletrônicos,Philips,BASICO,True,cus_7262f4e5ce9f,Sophia Monteiro,SP,Sudeste,TOP_TIER,1,66.90,66.90,False
sal_380e599daed3,2025-12-23 23:05:48,2025-12-23,Terça,3,23,loja_fisica,prd_6442b103f637,Adaptador HDMI-VGA,Informática,Arno,BASICO,True,cus_a2e18141f826,Ísis Leão,CE,Nordeste,REGULAR,1,299.90,299.90,False
sal_643ef0861b2f,2026-01-06 17:28:55,2026-01-06,Terça,3,17,loja_fisica,prd_2bf8388221ea,Mouse Gamer RGB,Games,Asus,BASICO,True,cus_b42a15933072,Heitor Rezende,PE,Nordeste,TOP_TIER,1,49.99,49.99,False
sal_796aad2cddb3,2025-12-16 14:14:09,2025-12-16,Terça,3,14,ecommerce,prd_d0368e440753,Batom Matte,Beleza,Adidas,BASICO,True,cus_d36c11b261a6,Cauã Rocha,MA,Nordeste,REGULAR,1,33.15,33.15,False
sal_90d7bf16f15b,2025-12-28 12:39:54,2025-12-28,Domingo,1,12,ecommerce,prd_ea6b930ce9ac,Gravador de Voz,Áudio,Lenovo,BASICO,True,cus_df9e0b31fa20,Yuri Albuquerque,SE,Nordeste,REGULAR,1,156.99,156.99,False
sal_3ec9d57a8048,2025-12-23 21:49:35,2025-12-23,Terça,3,21,ecommerce,prd_fd4be5bad76d,Colchonete Yoga,Esporte,Sony,BASICO,True,cus_0ff4cceccc6f,João Aparecida,CE,Nordeste,TOP_TIER,1,133.85,133.85,False
sal_ec91d8411da0,2026-01-03 10:39:38,2026-01-03,Sábado,7,10,ecommerce,prd_f063f46a7ef8,Fone de Ouvido Esportivo,Áudio,Consul,PREMIUM,True,cus_8fa04d3a5837,Rafael Porto,RS,Sul,TOP_TIER,1,1428.99,1428.99,False
sal_df455a31f923,2025-12-17 15:05:49,2025-12-17,Quarta,4,15,ecommerce,prd_9239eec8982d,HD Externo 2TB,Informática,Arno,BASICO,True,cus_0ff4cceccc6f,João Aparecida,CE,Nordeste,TOP_TIER,1,51.99,51.99,False
sal_81301c9fc8a3,2025-12-16 11:12:12,2025-12-16,Terça,3,11,ecommerce,prd_a4025bac91a7,Óculos de Sol,Acessórios,Xiaomi,BASICO,True,cus_a8f8e01eaee8,Elisa Martins,ES,Sudeste,REGULAR,1,47.61,47.61,False
sal_1c59cba75779,2025-12-18 19:26:29,2025-12-18,Quinta,5,19,ecommerce,prd_dfac11815029,Microfone para Stream,Games,Apple,BASICO,True,cus_6ff11137142d,Vitor Gabriel Sá,TO,Norte,TOP_TIER,1,189.00,189.00,False
sal_d54f0f6284c2,2026-01-10 10:23:02,2026-01-10,Sábado,7,10,ecommerce,prd_b7490508211e,Vestido Floral,Moda,Apple,BASICO,True,cus_fa3a88d1ccef,Benício Gomes,AL,Nordeste,VIP,2,220.00,440.00,False
sal_fa857489fcd4,2026-01-04 12:12:45,2026-01-04,Domingo,1,12,loja_fisica,prd_8dcaa6bdfbb9,Produto não cadastrado,Não cadastrado,Não cadastrado,,False,cus_f1eccf8e0d99,Luiz Miguel Câmara,GO,Centro-Oeste,REGULAR,1,238.99,238.99,False
sal_73ecb2572ce2,2025-12-18 15:23:32,2025-12-18,Quinta,5,15,ecommerce,prd_2293732b7542,Cortina Blackout,Casa,Xiaomi,BASICO,True,cus_0343c0763f76,Vitor Gabriel Da Luz,RS,Sul,VIP,1,68.90,68.90,False
sal_81d10b5f73dd,2025-12-17 18:44:20,2025-12-17,Quarta,4,18,ecommerce,prd_07ff67746d02,Faqueiro Inox 12 Peças,Cozinha,Mondial,BASICO,True,cus_31874cf2d1e5,Nina Moura,SP,Sudeste,TOP_TIER,2,301.14,602.28,False
sal_909267c21f02,2026-01-04 08:01:30,2026-01-04,Domingo,1,8,ecommerce,prd_c62100cc281c,Webcam para Stream,Games,Samsung,BASICO,True,cus_9d2dd4770a79,Luigi Camargo,GO,Centro-Oeste,TOP_TIER,2,48.90,97.80,False
sal_f8c18e05af43,2026-01-05 16:41:16,2026-01-05,Segunda,2,16,loja_fisica,prd_30518d908a92,Cinto de Couro,Acessórios,Asus,BASICO,True,cus_36595eecf105,Bruno Novaes,PA,Norte,REGULAR,1,80.99,80.99,False
sal_812db75e76dc,2025-12-16 21:16:35,2025-12-16,Terça,3,21,ecommerce,prd_ff35b88df534,SSD 500GB,Eletrônicos,Acer,BASICO,True,cus_fa3a88d1ccef,Benício Gomes,AL,Nordeste,VIP,1,211.90,211.90,False
sal_13be5a293130,2025-12-22 21:53:35,2025-12-22,Segunda,2,21,ecommerce,prd_92c0ecf60a58,Jogo de Toalhas,Casa,Brastemp,BASICO,True,cus_a2e18141f826,Ísis Leão,CE,Nordeste,REGULAR,1,180.90,180.90,False
sal_fe3323895fc2,2025-12-22 08:16:56,2025-12-22,Segunda,2,8,loja_fisica,prd_dfac11815029,Microfone para Stream,Games,Apple,BASICO,True,cus_7262f4e5ce9f,Sophia Monteiro,SP,Sudeste,TOP_TIER,1,189.00,189.00,False
sal_f6ce7337cab3,2025-12-20 15:29:33,2025-12-20,Sábado,7,15,ecommerce,prd_6d4e3b1efd0c,Necessaire,Acessórios,Xiaomi,PREMIUM,True,cus_36595eecf105,Bruno Novaes,PA,Norte,REGULAR,1,1139.99,1139.99,False
sal_70bd8185c87a,2026-01-02 08:37:21,2026-01-02,Sexta,6,8,loja_fisica,prd_334f4a32f979,Persiana Vertical,Casa,Motorola,BASICO,True,cus_c9cd13d1ae9f,Yasmin Siqueira,PA,Norte,VIP,2,404.50,809.00,False
sal_0e1ad3d43765,2025-12-21 20:07:12,2025-12-21,Domingo,1,20,ecommerce,prd_334f4a32f979,Persiana Vertical,Casa,Motorola,BASICO,True,cus_0ff4cceccc6f,João Aparecida,CE,Nordeste,TOP_TIER,1,404.50,404.50,False
sal_8198008e6358,2025-12-28 17:36:35,2025-12-28,Domingo,1,17,loja_fisica,prd_142839b15f63,Vestido Casual,Moda,Xiaomi,BASICO,True,cus_f50da5532735,João Gabriel Porto,MG,Sudeste,TOP_TIER,1,99.50,99.50,False
sal_50907888aa51,2025-12-27 11:51:00,2025-12-27,Sábado,7,11,ecommerce,prd_84a009f1889d,Cortina Box,Casa,Consul,BASICO,True,cus_13af118ef4e8,Sarah Teixeira,AM,Norte,TOP_TIER,2,31.25,62.50,False
sal_4b999161064a,2025-12-30 08:51:44,2025-12-30,Terça,3,8,ecommerce,prd_92c0ecf60a58,Jogo de Toalhas,Casa,Brastemp,BASICO,True,cus_8fa04d3a5837,Rafael Porto,RS,Sul,TOP_TIER,2,153.77,307.54,False
sal_ff4b7129beba,2026-01-08 18:43:56,2026-01-08,Quinta,5,18,ecommerce,prd_afd58e5fd09d,Condicionador Hidratante,Beleza,Asus,BASICO,True,cus_f50da5532735,João Gabriel Porto,MG,Sudeste,TOP_TIER,1,451.90,451.90,False
sal_19cc1534c041,2026-01-04 18:19:09,2026-01-04,Domingo,1,18,ecommerce,prd_205f309c1a21,Tapete Persa,Casa,Sony,BASICO,True,cus_25c656241a9a,Amanda Novais,GO,Centro-Oeste,TOP_TIER,1,34.99,34.99,False
sal_b4f4e8e1ed2a,2025-12-19 15:52:35,2025-12-19,Sexta,6,15,ecommerce,prd_dfac11815029,Microfone para Stream,Games,Apple,BASICO,True,cus_d36c11b261a6,Cauã Rocha,MA,Nordeste,REGULAR,2,160.65,321.30,False
sal_2264b59d785b,2025-12-30 19:36:26,2025-12-30,Terça,3,19,ecommerce,prd_4ee65ed59110,Frigideira Antiaderente,Cozinha,Philips,BASICO,True,cus_13af118ef4e8,Sarah Teixeira,AM,Norte,TOP_TIER,1,39.80,39.80,False
sal_cbb1830a4808,2025-12-25 15:37:27,2025-12-25,Quinta,5,15,loja_fisica,prd_dfac11815029,Microfone para Stream,Games,Apple,BASICO,True,cus_31874cf2d1e5,Nina Moura,SP,Sudeste,TOP_TIER,2,189.00,378.00,False
sal_eb4bbedc65c2,2025-12-21 18:42:17,2025-12-21,Domingo,1,18,ecommerce,prd_d22d1b8b1502,Camisa Social,Moda,Brastemp,PREMIUM,True,cus_f64907d41a69,Henrique Da Conceição,DF,Centro-Oeste,VIP,1,1149.90,1149.90,False
sal_d6c6decf2b87,2025-12-14 21:27:57,2025-12-14,Domingo,1,21,ecommerce,prd_385035a5bc20,Notebook Inspiron 15,Eletrônicos,Adidas,BASICO,True,cus_a9747473c5c6,Ana Lívia Aparecida,AL,Nordeste,REGULAR,1,208.91,208.91,False
sal_76c16ff2344c,2025-12-16 15:47:59,2025-12-16,Terça,3,15,ecommerce,prd_334f4a32f979,Persiana Vertical,Casa,Motorola,BASICO,True,cus_f50da5532735,João Gabriel Porto,MG,Sudeste,TOP_TIER,1,404.50,404.50,False
sal_fa5fd56c2c80,2025-12-25 09:31:00,2025-12-25,Quinta,5,9,ecommerce,prd_9d7b9035daa0,Forma de Bolo Redonda,Cozinha,O Boticário,BASICO,True,cus_508a15ccf0fa,Zoe Campos,MT,Centro-Oeste,TOP_TIER,1,191.90,191.90,False
sal_70035890fd63,2025-12-31 09:17:34,2025-12-31,Quarta,4,9,ecommerce,prd_db8fc9e6fa53,Paleta de Sombras,Beleza,LG,PREMIUM,True,cus_78ab1cf16e12,Beatriz Garcia,SE,Nordeste,TOP_TIER,1,1420.99,1420.99,False
sal_3fde7416515f,2026-01-08 16:14:09,2026-01-08,Quinta,5,16,ecommerce,prd_045813f96891,Cardigan de Lã,Moda,LG,BASICO,True,cus_f50da5532735,João Gabriel Porto,MG,Sudeste,TOP_TIER,1,142.99,142.99,False
sal_6f3733315423,2025-12-13 15:52:42,2025-12-13,Sábado,7,15,ecommerce,prd_2293732b7542,Cortina Blackout,Casa,Xiaomi,BASICO,True,cus_d36c11b261a6,Cauã Rocha,MA,Nordeste,REGULAR,1,68.90,68.90,False
sal_b6403ff93482,2025-12-26 14:54:50,2025-12-26,Sexta,6,14,ecommerce,prd_ea6b930ce9ac,Gravador de Voz,Áudio,Lenovo,BASICO,True,cus_8fa04d3a5837,Rafael Porto,RS,Sul,TOP_TIER,1,156.99,156.99,False
sal_8226d0155634,2026-01-11 13:20:48,2026-01-11,Domingo,1,13,loja_fisica,prd_08fc82e8b75d,Persiana Vertical,Casa,Acer,BASICO,True,cus_6ff11137142d,Vitor Gabriel Sá,TO,Norte,TOP_TIER,1,124.11,124.11,False
sal_95333b8c60fa,2025-12-20 13:29:27,2025-12-20,Sábado,7,13,ecommerce,prd_359246d9ed10,SSD 500GB,Eletrônicos,Dell,BASICO,True,cus_78ab1cf16e12,Beatriz Garcia,SE,Nordeste,TOP_TIER,1,118.99,118.99,False
sal_a40b7e0fc7a2,2025-12-17 22:24:43,2025-12-17,Quarta,4,22,loja_fisica,prd_30518d908a92,Cinto de Couro,Acessórios,Asus,BASICO,True,cus_508a15ccf0fa,Zoe Campos,MT,Centro-Oeste,TOP_TIER,1,80.99,80.99,False
sal_965377171709,2025-12-28 19:08:53,2025-12-28,Domingo,1,19,loja_fisica,prd_30518d908a92,Cinto de Couro,Acessórios,Asus,BASICO,True,cus_a01814ad9247,Ana Beatriz Alves,SP,Sudeste,TOP_TIER,1,80.99,80.99,False
sal_e983352fb4f9,2026-01-08 21:22:58,2026-01-08,Quinta,5,21,ecommerce,prd_8b22fd85d500,Garrafa Térmica 1L,Cozinha,Sony,BASICO,True,cus_2b1b3e2a1515,Ana Sophia Pereira,MG,Sudeste,VIP,1,324.99,324.99,False
sal_bfdf2de9cd70,2025-12-31 18:30:45,2025-12-31,Quarta,4,18,ecommerce,prd_c62100cc281c,Webcam para Stream,Games,Samsung,BASICO,True,cus_2b1b3e2a1515,Ana Sophia Pereira,MG,Sudeste,VIP,1,46.45,46.45,False
sal_3d82fffd2677,2026-01-03 20:52:28,2026-01-03,Sábado,7,20,loja_fisica,prd_9aa451566556,Jarra de Vidro,Cozinha,Apple,BASICO,True,cus_96658dc10aa5,Agatha Silveira,PA,Norte,TOP_TIER,1,395.90,395.90,False
sal_fedd602f644e,2026-01-07 17:49:09,2026-01-07,Quarta,4,17,loja_fisica,prd_1f81bf3405b1,Fonte PC 500W,Informática,O Boticário,BASICO,True,cus_df9e0b31fa20,Yuri Albuquerque,SE,Nordeste,REGULAR,1,61.90,61.90,False
sal_3850e87d7c0e,2026-01-04 10:06:35,2026-01-04,Domingo,1,10,ecommerce,prd_d92ad43fa137,Smart TV 43 Polegadas,Eletrônicos,Philips,BASICO,True,cus_f64907d41a69,Henrique Da Conceição,DF,Centro-Oeste,VIP,1,63.55,63.55,False
sal_7dfaa8522b6c,2025-12-17 09:04:51,2025-12-17,Quarta,4,9,loja_fisica,prd_385035a5bc20,Notebook Inspiron 15,Eletrônicos,Adidas,BASICO,True,cus_1a38731e1fbe,Otávio Fernandes,ES,Sudeste,TOP_TIER,2,219.90,439.80,False
sal_0682dba70e41,2026-01-05 23:34:14,2026-01-05,Segunda,2,23,ecommerce,prd_84a009f1889d,Cortina Box,Casa,Consul,BASICO,True,cus_4209c24e0be2,Maya Castro,TO,Norte,REGULAR,3,32.90,98.70,False
sal_47c039dcc637,2026-01-02 18:55:22,2026-01-02,Sexta,6,18,ecommerce,prd_51511e44c92a,Kit Gamer Completo,Games,Mondial,BASICO,True,cus_a8f8e01eaee8,Elisa Martins,ES,Sudeste,REGULAR,1,84.45,84.45,False
sal_94772c8ad0e0,2026-01-04 16:14:46,2026-01-04,Domingo,1,16,loja_fisica,prd_b7490508211e,Vestido Floral,Moda,Apple,BASICO,True,cus_639110db69ed,João Vitor Barros,AP,Norte,REGULAR,1,198.00,198.00,False
sal_d07773c0f6c0,2025-12-21 15:27:30,2025-12-21,Domingo,1,15,loja_fisica,prd_d22d1b8b1502,Camisa Social,Moda,Brastemp,PREMIUM,True,cus_0ff4cceccc6f,João Aparecida,CE,Nordeste,TOP_TIER,1,1149.90,1149.90,False
sal_35f8833fabf0,2025-12-27 14:31:01,2025-12-27,Sábado,7,14,loja_fisica,prd_223c9b6a0a76,Luminária de Mesa,Casa,Mondial,BASICO,True,cus_a9747473c5c6,Ana Lívia Aparecida,AL,Nordeste,REGULAR,1,81.99,81.99,False
sal_82541f2d7cc6,2026-01-04 14:40:09,2026-01-04,Domingo,1,14,ecommerce,prd_b7490508211e,Vestido Floral,Moda,Apple,BASICO,True,cus_884be6e0ce9a,Emanuel Vieira,PA,Norte,REGULAR,3,198.00,594.00,False
sal_92c5c4233dce,2025-12-17 18:01:02,2025-12-17,Quarta,4,18,loja_fisica,prd_385035a5bc20,Notebook Inspiron 15,Eletrônicos,Adidas,BASICO,True,cus_36595eecf105,Bruno Novaes,PA,Norte,REGULAR,1,219.90,219.90,False
sal_cfc208235a73,2025-12-29 10:53:06,2025-12-29,Segunda,2,10,loja_fisica,prd_30518d908a92,Cinto de Couro,Acessórios,Asus,BASICO,True,cus_639110db69ed,João Vitor Barros,AP,Norte,REGULAR,3,72.89,218.67,False
sal_b0ac0bae7c83,2026-01-04 12:50:24,2026-01-04,Domingo,1,12,ecommerce,prd_9259039bf9b2,Tábua de Corte,Cozinha,Sony,BASICO,True,cus_c3944101594c,Murilo Da Mata,RR,Norte,VIP,2,240.99,481.98,False
sal_a62e2911525c,2025-12-18 11:16:39,2025-12-18,Quinta,5,11,ecommerce,prd_9adbaa3083e1,Jaqueta Jeans,Moda,Sony,BASICO,True,cus_c9cd13d1ae9f,Yasmin Siqueira,PA,Norte,VIP,2,88.83,177.66,False
sal_f80b0d1414fc,2025-12-20 20:46:10,2025-12-20,Sábado,7,20,loja_fisica,prd_30518d908a92,Cinto de Couro,Acessórios,Asus,BASICO,True,cus_d36c11b261a6,Cauã Rocha,MA,Nordeste,REGULAR,1,76.94,76.94,False
sal_6a154c2f02df,2025-12-20 16:03:15,2025-12-20,Sábado,7,16,loja_fisica,prd_c9b4024b7b9e,Toca-discos USB,Áudio,Mondial,BASICO,True,cus_c9cd13d1ae9f,Yasmin Siqueira,PA,Norte,VIP,1,95.50,95.50,False
sal_a1b52e0e2d76,2025-12-25 11:39:41,2025-12-25,Quinta,5,11,loja_fisica,prd_5a6fd66e1c00,Vestido Casual,Moda,Philips,BASICO,True,cus_13af118ef4e8,Sarah Teixeira,AM,Norte,TOP_TIER,1,112.90,112.90,False
sal_06434eb3b8dc,2026-01-11 22:28:20,2026-01-11,Domingo,1,22,ecommerce,prd_032c166122f7,Controle Xbox,Games,Xiaomi,BASICO,True,cus_f1eccf8e0d99,Luiz Miguel Câmara,GO,Centro-Oeste,REGULAR,2,208.91,417.82,False
sal_79fdc85ca571,2026-01-09 18:40:10,2026-01-09,Sexta,6,18,ecommerce,prd_bf94f6ee7033,Mochila Esportiva,Esporte,Sony,BASICO,True,cus_fa3a88d1ccef,Benício Gomes,AL,Nordeste,VIP,4,71.01,284.04,False
sal_e1d6313a916b,2026-01-05 21:03:12,2026-01-05,Segunda,2,21,ecommerce,prd_dfac11815029,Microfone para Stream,Games,Apple,BASICO,True,cus_25d1cb23f872,Melissa Pastor,AC,Norte,VIP,1,189.00,189.00,False
sal_6b96289bbd33,2025-12-19 19:44:13,2025-12-19,Sexta,6,19,ecommerce,prd_84a009f1889d,Cortina Box,Casa,Consul,BASICO,True,cus_79d52b75f259,Elisa Freitas,CE,Nordeste,TOP_TIER,1,27.96,27.96,False
sal_c97d54aaceb9,2026-01-03 11:58:46,2026-01-03,Sábado,7,11,ecommerce,prd_fd4be5bad76d,Colchonete Yoga,Esporte,Sony,BASICO,True,cus_6ff11137142d,Vitor Gabriel Sá,TO,Norte,TOP_TIER,1,119.77,119.77,False
sal_0825860da62f,2025-12-26 13:51:53,2025-12-26,Sexta,6,13,loja_fisica,prd_ea6b930ce9ac,Gravador de Voz,Áudio,Lenovo,BASICO,True,cus_6ff11137142d,Vitor Gabriel Sá,TO,Norte,TOP_TIER,1,156.99,156.99,False
sal_15a15d7080ae,2026-01-09 20:44:34,2026-01-09,Sexta,6,20,loja_fisica,prd_d22d1b8b1502,Camisa Social,Moda,Brastemp,PREMIUM,True,cus_c3944101594c,Murilo Da Mata,RR,Norte,VIP,1,1149.90,1149.90,False
sal_cfd9e9edb684,2026-01-09 14:13:13,2026-01-09,Sexta,6,14,loja_fisica,prd_afd58e5fd09d,Condicionador Hidratante,Beleza,Asus,BASICO,True,cus_13af118ef4e8,Sarah Teixeira,AM,Norte,TOP_TIER,1,451.90,451.90,False
sal_7564aad9df41,2026-01-05 11:02:08,2026-01-05,Segunda,2,11,loja_fisica,prd_2293732b7542,Cortina Blackout,Casa,Xiaomi,BASICO,True,cus_78ab1cf16e12,Beatriz Garcia,SE,Nordeste,TOP_TIER,2,62.01,124.02,False
sal_b54750557d44,2026-01-09 10:58:26,2026-01-09,Sexta,6,10,ecommerce,prd_fce914504522,Headset Gamer 7.1,Games,Brastemp,BASICO,True,cus_eae005fd3470,Calebe Fogaça,TO,Norte,TOP_TIER,2,74.99,149.98,False
sal_45e590cd837a,2025-12-20 22:48:35,2025-12-20,Sábado,7,22,loja_fisica,prd_9239eec8982d,HD Externo 2TB,Informática,Arno,BASICO,True,cus_25c656241a9a,Amanda Novais,GO,Centro-Oeste,TOP_TIER,1,46.79,46.79,False
sal_47aa23ab705b,2025-12-13 18:34:02,2025-12-13,Sábado,7,18,loja_fisica,prd_9239eec8982d,HD Externo 2TB,Informática,Arno,BASICO,True,cus_7262f4e5ce9f,Sophia Monteiro,SP,Sudeste,TOP_TIER,1,49.39,49.39,False
sal_3aff3d5c140e,2025-12-16 13:43:47,2025-12-16,Terça,3,13,loja_fisica,prd_38c1b898aecc,Microfone para Stream,Games,Samsung,BASICO,True,cus_884be6e0ce9a,Emanuel Vieira,PA,Norte,REGULAR,1,140.90,140.90,False
sal_31e45aa57ab3,2025-12-26 10:59:18,2025-12-26,Sexta,6,10,ecommerce,prd_65c60230d4ed,Base Líquida,Beleza,Asus,BASICO,True,cus_f64907d41a69,Henrique Da Conceição,DF,Centro-Oeste,VIP,1,99.90,99.90,False
sal_94b8ebe82581,2025-12-24 13:22:37,2025-12-24,Quarta,4,13,ecommerce,prd_6eca734f2e84,Edredom Casal,Casa,Electrolux,BASICO,True,cus_a9747473c5c6,Ana Lívia Aparecida,AL,Nordeste,REGULAR,2,216.59,433.18,False
sal_85e4b1c62693,2025-12-31 22:37:51,2025-12-31,Quarta,4,22,ecommerce,prd_ebdebaf4cd37,Edredom Casal,Casa,Xiaomi,BASICO,True,cus_fa3a88d1ccef,Benício Gomes,AL,Nordeste,VIP,1,37.90,37.90,False
sal_c0933457816d,2026-01-01 15:58:03,2026-01-01,Quinta,5,15,ecommerce,prd_82cd17cb589d,Persiana Vertical,Casa,Dell,BASICO,True,cus_f50da5532735,João Gabriel Porto,MG,Sudeste,TOP_TIER,1,44.90,44.90,False
sal_9379b2a72f82,2025-12-25 11:02:32,2025-12-25,Quinta,5,11,ecommerce,prd_92c0ecf60a58,Jogo de Toalhas,Casa,Brastemp,BASICO,True,cus_31874cf2d1e5,Nina Moura,SP,Sudeste,TOP_TIER,1,180.90,180.90,False
sal_0135fc94eb66,2025-12-31 11:40:24,2025-12-31,Quarta,4,11,ecommerce,prd_c62100cc281c,Webcam para Stream,Games,Samsung,BASICO,True,cus_4209c24e0be2,Maya Castro,TO,Norte,REGULAR,1,44.01,44.01,False
sal_dec3443c88cc,2026-01-08 00:06:25,2026-01-08,Quinta,5,0,ecommerce,prd_bf5d8671f7a9,Placa Mãe B450,Informática,Brastemp,BASICO,True,cus_71308b76151a,Amanda Sousa,MS,Centro-Oeste,TOP_TIER,1,113.91,113.91,False
sal_b63db861bc23,2026-01-07 18:33:33,2026-01-07,Quarta,4,18,ecommerce,prd_1f81bf3405b1,Fonte PC 500W,Informática,O Boticário,BASICO,True,cus_f1a06ae11717,Gustavo Henrique Rios,AM,Norte,TOP_TIER,1,58.80,58.80,False
sal_c5401d3d4e75,2025-12-15 19:30:10,2025-12-15,Segunda,2,19,ecommerce,prd_334f4a32f979,Persiana Vertical,Casa,Motorola,BASICO,True,cus_a8f8e01eaee8,Elisa Martins,ES,Sudeste,REGULAR,2,404.50,809.00,False
sal_43bb5864d404,2026-01-04 14:50:25,2026-01-04,Domingo,1,14,ecommerce,prd_ae7b2acb6812,Cinto de Couro,Acessórios,Samsung,PREMIUM,True,cus_4209c24e0be2,Maya Castro,TO,Norte,REGULAR,1,942.57,942.57,False
sal_9c9db49f923a,2025-12-15 22:49:37,2025-12-15,Segunda,2,22,ecommerce,prd_84a009f1889d,Cortina Box,Casa,Consul,BASICO,True,cus_1a38731e1fbe,Otávio Fernandes,ES,Sudeste,TOP_TIER,2,32.90,65.80,False
sal_bcd1c1cb7cc5,2025-12-29 14:47:38,2025-12-29,Segunda,2,14,ecommerce,prd_b7490508211e,Vestido Floral,Moda,Apple,BASICO,True,cus_0914bdf6e1fe,Isabelly Câmara,MT,Centro-Oeste,REGULAR,1,220.00,220.00,False
sal_d18042c72ec2,2025-12-17 22:33:48,2025-12-17,Quarta,4,22,ecommerce,prd_ff35b88df534,SSD 500GB,Eletrônicos,Acer,BASICO,True,cus_911b23c97589,Heitor Nunes,MS,Centro-Oeste,REGULAR,1,211.90,211.90,False
sal_480d657bfe10,2026-01-09 19:26:08,2026-01-09,Sexta,6,19,ecommerce,prd_c90040774892,Tênis de Corrida,Esporte,Sony,BASICO,True,cus_36595eecf105,Bruno Novaes,PA,Norte,REGULAR,1,147.99,147.99,False
sal_c3bdd71d519a,2025-12-14 19:52:45,2025-12-14,Domingo,1,19,ecommerce,prd_a17c779dd289,Gravador de Voz,Áudio,Asus,BASICO,True,cus_418af67b6b28,Miguel Ramos,TO,Norte,REGULAR,1,64.90,64.90,False
sal_220cf38410e5,2025-12-18 15:30:07,2025-12-18,Quinta,5,15,ecommerce,prd_84a009f1889d,Cortina Box,Casa,Consul,BASICO,True,cus_6ff11137142d,Vitor Gabriel Sá,TO,Norte,TOP_TIER,1,32.90,32.90,False
sal_58b45379fa17,2025-12-23 15:31:19,2025-12-23,Terça,3,15,loja_fisica,prd_9239eec8982d,HD Externo 2TB,Informática,Arno,BASICO,True,cus_71308b76151a,Amanda Sousa,MS,Centro-Oeste,TOP_TIER,1,51.99,51.99,False
sal_a4a08d8d13c5,2025-12-19 22:08:56,2025-12-19,Sexta,6,22,loja_fisica,prd_f79cf82f8ee0,Caixa de Som JBL,Eletrônicos,Mondial,BASICO,True,cus_0ff4cceccc6f,João Aparecida,CE,Nordeste,TOP_TIER,2,208.91,417.82,False
sal_ade2de12e983,2025-12-28 20:40:25,2025-12-28,Domingo,1,20,ecommerce,prd_223c9b6a0a76,Luminária de Mesa,Casa,Mondial,BASICO,True,cus_418af67b6b28,Miguel Ramos,TO,Norte,REGULAR,1,81.99,81.99,False
sal_89c1590d6a91,2025-12-18 17:52:54,2025-12-18,Quinta,5,17,ecommerce,prd_205f309c1a21,Tapete Persa,Casa,Sony,BASICO,True,cus_66677d443e5e,Cecília Da Luz,AC,Norte,TOP_TIER,1,34.99,34.99,False
sal_e1faf0686be9,2025-12-27 09:43:45,2025-12-27,Sábado,7,9,ecommerce,prd_d22d1b8b1502,Camisa Social,Moda,Brastemp,PREMIUM,True,cus_7262f4e5ce9f,Sophia Monteiro,SP,Sudeste,TOP_TIER,2,1149.90,2299.80,False
sal_2355205b9db2,2026-01-09 21:07:49,2026-01-09,Sexta,6,21,loja_fisica,prd_11bf1703f8e9,Caixa de Som Portátil,Áudio,O Boticário,BASICO,True,cus_79d52b75f259,Elisa Freitas,CE,Nordeste,TOP_TIER,1,45.60,45.60,False
sal_3423156b83f1,2025-12-16 21:12:02,2025-12-16,Terça,3,21,ecommerce,prd_d22d1b8b1502,Camisa Social,Moda,Brastemp,PREMIUM,True,cus_7262f4e5ce9f,Sophia Monteiro,SP,Sudeste,TOP_TIER,1,1092.40,1092.40,False
sal_0b1fe5937f38,2026-01-07 11:51:07,2026-01-07,Quarta,4,11,ecommerce,prd_c62100cc281c,Webcam para Stream,Games,Samsung,BASICO,True,cus_d36c11b261a6,Cauã Rocha,MA,Nordeste,REGULAR,1,48.90,48.90,False
sal_cd127dd76f2d,2026-01-04 17:58:00,2026-01-04,Domingo,1,17,loja_fisica,prd_4ee65ed59110,Frigideira Antiaderente,Cozinha,Philips,BASICO,True,cus_911b23c97589,Heitor Nunes,MS,Centro-Oeste,REGULAR,1,41.90,41.90,False
sal_dacb721bfb66,2026-01-06 18:12:13,2026-01-06,Terça,3,18,loja_fisica,prd_6d4e3b1efd0c,Necessaire,Acessórios,Xiaomi,PREMIUM,True,cus_79d52b75f259,Elisa Freitas,CE,Nordeste,TOP_TIER,2,968.99,1937.98,False
sal_b0fbb0f58cf0,2025-12-14 19:35:51,2025-12-14,Domingo,1,19,ecommerce,prd_d8ec0b81e223,Toca-discos USB,Áudio,O Boticário,BASICO,True,cus_6ff11137142d,Vitor Gabriel Sá,TO,Norte,TOP_TIER,1,371.90,371.90,False
sal_9b3d043b9872,2026-01-07 08:31:51,2026-01-07,Quarta,4,8,ecommerce,prd_c62100cc281c,Webcam para Stream,Games,Samsung,BASICO,True,cus_f50da5532735,João Gabriel Porto,MG,Sudeste,TOP_TIER,1,48.90,48.90,False
sal_4987fc392027,2026-01-03 12:49:14,2026-01-03,Sábado,7,12,ecommerce,prd_b2fdb7f36a3f,Blusa de Algodão,Moda,LG,BASICO,True,cus_71308b76151a,Amanda Sousa,MS,Centro-Oeste,TOP_TIER,1,50.34,50.34,False
sal_daff980cb49f,2025-12-31 14:40:24,2025-12-31,Quarta,4,14,loja_fisica,prd_2293732b7542,Cortina Blackout,Casa,Xiaomi,BASICO,True,cus_13af118ef4e8,Sarah Teixeira,AM,Norte,TOP_TIER,1,68.90,68.90,False
sal_7e29006bd174,2026-01-01 21:52:09,2026-01-01,Quinta,5,21,ecommerce,prd_28cd8ab86936,Porta-moedas,Acessórios,Xiaomi,BASICO,True,cus_d4db3db9eccb,Ana Julia Camargo,PB,Nordeste,TOP_TIER,3,226.00,678.00,False
sal_c224ba3b75fa,2025-12-31 17:07:04,2025-12-31,Quarta,4,17,loja_fisica,prd_d92ad43fa137,Smart TV 43 Polegadas,Eletrônicos,Philips,BASICO,True,cus_f1a06ae11717,Gustavo Henrique Rios,AM,Norte,TOP_TIER,1,63.55,63.55,False
sal_bddb1c49a91d,2026-01-04 22:16:30,2026-01-04,Domingo,1,22,loja_fisica,prd_11a9489c4c86,Porta-retrato,Casa,Asus,BASICO,True,cus_f50da5532735,João Gabriel Porto,MG,Sudeste,TOP_TIER,1,74.99,74.99,False
sal_08fd730bd9ca,2026-01-04 20:46:19,2026-01-04,Domingo,1,20,ecommerce,prd_b7490508211e,Vestido Floral,Moda,Apple,BASICO,True,cus_2b1b3e2a1515,Ana Sophia Pereira,MG,Sudeste,VIP,1,220.00,220.00,False
sal_5999327550b0,2025-12-15 19:47:43,2025-12-15,Segunda,2,19,ecommerce,prd_82cd17cb589d,Persiana Vertical,Casa,Dell,BASICO,True,cus_a2e18141f826,Ísis Leão,CE,Nordeste,REGULAR,1,44.90,44.90,False
sal_2a53bf7a9daa,2025-12-22 13:11:38,2025-12-22,Segunda,2,13,ecommerce,prd_51511e44c92a,Kit Gamer Completo,Games,Mondial,BASICO,True,cus_eae005fd3470,Calebe Fogaça,TO,Norte,TOP_TIER,1,88.90,88.90,False
sal_02b7857fd366,2025-12-19 18:05:05,2025-12-19,Sexta,6,18,ecommerce,prd_90725b7ac0e8,Espelho de Parede,Casa,Adidas,BASICO,True,cus_d2762f5968fe,Aurora Pastor,SE,Nordeste,REGULAR,1,78.99,78.99,False
sal_3101f1de9c25,2025-12-26 17:56:59,2025-12-26,Sexta,6,17,loja_fisica,prd_2cbafff50c72,Sabonete Facial,Beleza,Nike,BASICO,True,cus_8fa04d3a5837,Rafael Porto,RS,Sul,TOP_TIER,1,100.90,100.90,False
sal_ee7a61d7e559,2026-01-11 19:28:35,2026-01-11,Domingo,1,19,loja_fisica,prd_bf94f6ee7033,Mochila Esportiva,Esporte,Sony,BASICO,True,cus_c3944101594c,Murilo Da Mata,RR,Norte,VIP,2,78.90,157.80,False
sal_e6ca28caa9e2,2025-12-15 17:19:43,2025-12-15,Segunda,2,17,loja_fisica,prd_38c1b898aecc,Microfone para Stream,Games,Samsung,BASICO,True,cus_f64907d41a69,Henrique Da Conceição,DF,Centro-Oeste,VIP,1,119.77,119.77,False
sal_61285c5786e5,2026-01-08 11:52:30,2026-01-08,Quinta,5,11,ecommerce,prd_76ede0cece8f,Óculos de Natação,Esporte,Lenovo,BASICO,True,cus_4209c24e0be2,Maya Castro,TO,Norte,REGULAR,2,58.00,116.00,False
sal_203b89dcf7b7,2025-12-17 08:28:29,2025-12-17,Quarta,4,8,loja_fisica,prd_84a009f1889d,Cortina Box,Casa,Consul,BASICO,True,cus_884be6e0ce9a,Emanuel Vieira,PA,Norte,REGULAR,1,32.90,32.90,False
sal_0fe503717dee,2025-12-22 14:06:04,2025-12-22,Segunda,2,14,loja_fisica,prd_2293732b7542,Cortina Blackout,Casa,Xiaomi,BASICO,True,cus_1a38731e1fbe,Otávio Fernandes,ES,Sudeste,TOP_TIER,1,68.90,68.90,False
sal_a1decbfc11c4,2025-12-31 10:14:47,2025-12-31,Quarta,4,10,ecommerce,prd_f063f46a7ef8,Fone de Ouvido Esportivo,Áudio,Consul,PREMIUM,True,cus_b0026583b709,Mariane Pacheco,MT,Centro-Oeste,VIP,1,1357.54,1357.54,False
sal_c5cd1d5bfae4,2026-01-08 16:01:50,2026-01-08,Quinta,5,16,loja_fisica,prd_c62100cc281c,Webcam para Stream,Games,Samsung,BASICO,True,cus_ec8d75866856,Luan Vargas,RS,Sul,TOP_TIER,1,48.90,48.90,False
sal_b27241c81e48,2026-01-10 15:37:14,2026-01-10,Sábado,7,15,ecommerce,prd_4ee65ed59110,Frigideira Antiaderente,Cozinha,Philips,BASICO,True,cus_36595eecf105,Bruno Novaes,PA,Norte,REGULAR,3,41.90,125.70,False
sal_0561b40603ca,2026-01-10 10:24:13,2026-01-10,Sábado,7,10,ecommerce,prd_51511e44c92a,Kit Gamer Completo,Games,Mondial,BASICO,True,cus_f1eccf8e0d99,Luiz Miguel Câmara,GO,Centro-Oeste,REGULAR,2,88.90,177.80,False
sal_ee5e580924d8,2026-01-06 15:49:48,2026-01-06,Terça,3,15,ecommerce,prd_6212ac3178f2,Óculos de Natação,Esporte,Samsung,BASICO,True,cus_c3944101594c,Murilo Da Mata,RR,Norte,VIP,4,137.66,550.64,False
sal_b448fcc9c850,2025-12-22 11:25:25,2025-12-22,Segunda,2,11,loja_fisica,prd_fb32df842fbd,Vestido Floral,Moda,Consul,BASICO,True,cus_f64907d41a69,Henrique Da Conceição,DF,Centro-Oeste,VIP,1,92.90,92.90,False
sal_941bc53d5e6b,2026-01-10 18:01:43,2026-01-10,Sábado,7,18,ecommerce,prd_d22d1b8b1502,Camisa Social,Moda,Brastemp,PREMIUM,True,cus_a01814ad9247,Ana Beatriz Alves,SP,Sudeste,TOP_TIER,1,1034.91,1034.91,False
sal_1593164569c5,2025-12-15 16:41:42,2025-12-15,Segunda,2,16,loja_fisica,prd_385035a5bc20,Notebook Inspiron 15,Eletrônicos,Adidas,BASICO,True,cus_79d52b75f259,Elisa Freitas,CE,Nordeste,TOP_TIER,2,197.91,395.82,False
sal_bb39a16a9a02,2025-12-27 08:07:03,2025-12-27,Sábado,7,8,ecommerce,prd_c62100cc281c,Webcam para Stream,Games,Samsung,BASICO,True,cus_31874cf2d1e5,Nina Moura,SP,Sudeste,TOP_TIER,1,44.01,44.01,False
sal_c05009f3e290,2025-12-30 21:33:17,2025-12-30,Terça,3,21,ecommerce,prd_6d4e3b1efd0c,Necessaire,Acessórios,Xiaomi,PREMIUM,True,cus_2b1b3e2a1515,Ana Sophia Pereira,MG,Sudeste,VIP,1,1139.99,1139.99,False
sal_c65867d7cf99,2025-12-27 11:24:20,2025-12-27,Sábado,7,11,ecommerce,prd_045813f96891,Cardigan de Lã,Moda,LG,BASICO,True,cus_f64907d41a69,Henrique Da Conceição,DF,Centro-Oeste,VIP,2,142.99,285.98,False
sal_5050253e9334,2025-12-21 17:40:34,2025-12-21,Domingo,1,17,ecommerce,prd_9b4e39e312d9,Carteira de Couro,Acessórios,Asus,PREMIUM,True,cus_25c656241a9a,Amanda Novais,GO,Centro-Oeste,TOP_TIER,1,1287.99,1287.99,False
sal_aaf579e7a40a,2025-12-14 20:10:13,2025-12-14,Domingo,1,20,ecommerce,prd_334f4a32f979,Persiana Vertical,Casa,Motorola,BASICO,True,cus_d4db3db9eccb,Ana Julia Camargo,PB,Nordeste,TOP_TIER,4,404.50,1618.00,False
sal_7a5cd2785387,2025-12-17 22:22:14,2025-12-17,Quarta,4,22,ecommerce,prd_51511e44c92a,Kit Gamer Completo,Games,Mondial,BASICO,True,cus_cf84750c1fb4,Alana Teixeira,MA,Nordeste,TOP_TIER,2,88.90,177.80,False
sal_ed00eefd7235,2025-12-26 16:25:13,2025-12-26,Sexta,6,16,ecommerce,prd_205f309c1a21,Tapete Persa,Casa,Sony,BASICO,True,cus_418af67b6b28,Miguel Ramos,TO,Norte,REGULAR,1,34.99,34.99,False
sal_fbef36a36060,2026-01-03 14:12:51,2026-01-03,Sábado,7,14,ecommerce,prd_d22d1b8b1502,Camisa Social,Moda,Brastemp,PREMIUM,True,cus_c3944101594c,Murilo Da Mata,RR,Norte,VIP,1,1149.90,1149.90,False
sal_82e3aa27b347,2025-12-27 08:18:07,2025-12-27,Sábado,7,8,ecommerce,prd_e772a9cda46d,Blusa de Algodão,Moda,LG,BASICO,True,cus_1a38731e1fbe,Otávio Fernandes,ES,Sudeste,TOP_TIER,1,36.90,36.90,False
sal_f64f47f92000,2026-01-08 15:06:36,2026-01-08,Quinta,5,15,ecommerce,prd_686e2aab873d,Blusa de Frio,Moda,Philips,BASICO,True,cus_8ad3c8745efb,Eduardo Cunha,AC,Norte,TOP_TIER,1,85.02,85.02,False
sal_d0accfe0363e,2026-01-05 10:43:38,2026-01-05,Segunda,2,10,ecommerce,prd_ff35b88df534,SSD 500GB,Eletrônicos,Acer,BASICO,True,cus_d4db3db9eccb,Ana Julia Camargo,PB,Nordeste,TOP_TIER,1,211.90,211.90,False
sal_ff1ba304b439,2026-01-07 01:31:40,2026-01-07,Quarta,4,1,ecommerce,prd_afd58e5fd09d,Condicionador Hidratante,Beleza,Asus,BASICO,True,cus_911b23c97589,Heitor Nunes,MS,Centro-Oeste,REGULAR,1,451.90,451.90,False
sal_320c4cd9b1ad,2025-12-22 22:43:15,2025-12-22,Segunda,2,22,ecommerce,prd_e66747c9b59e,Cesto de Vime,Casa,Brastemp,BASICO,True,cus_71308b76151a,Amanda Sousa,MS,Centro-Oeste,TOP_TIER,1,174.60,174.60,False
sal_566d7310a3f1,2025-12-21 09:22:32,2025-12-21,Domingo,1,9,ecommerce,prd_eda682ecfacb,Organizador de Gaveta,Casa,Electrolux,BASICO,True,cus_71308b76151a,Amanda Sousa,MS,Centro-Oeste,TOP_TIER,2,171.00,342.00,False
sal_600b6a91524b,2025-12-22 17:40:11,2025-12-22,Segunda,2,17,ecommerce,prd_38c1b898aecc,Microfone para Stream,Games,Samsung,BASICO,True,cus_a01814ad9247,Ana Beatriz Alves,SP,Sudeste,TOP_TIER,1,126.81,126.81,False
sal_8bbd61ae6430,2025-12-26 20:49:13,2025-12-26,Sexta,6,20,ecommerce,prd_84a009f1889d,Cortina Box,Casa,Consul,BASICO,True,cus_0343c0763f76,Vitor Gabriel Da Luz,RS,Sul,VIP,1,27.96,27.96,False
sal_bad799ae023e,2025-12-30 19:44:37,2025-12-30,Terça,3,19,ecommerce,prd_c62100cc281c,Webcam para Stream,Games,Samsung,BASICO,True,cus_a8f8e01eaee8,Elisa Martins,ES,Sudeste,REGULAR,2,44.01,88.02,False
sal_689a5053a607,2025-12-14 20:07:00,2025-12-14,Domingo,1,20,ecommerce,prd_e561d57f2a21,Caixa de Som 2.1,Áudio,Acer,BASICO,True,cus_4e62d52db97a,Josué Souza,RJ,Sudeste,VIP,3,116.99,350.97,False
sal_63c405bdf12a,2025-12-14 22:03:05,2025-12-14,Domingo,1,22,ecommerce,prd_334f4a32f979,Persiana Vertical,Casa,Motorola,BASICO,True,cus_eae005fd3470,Calebe Fogaça,TO,Norte,TOP_TIER,2,404.50,809.00,False
sal_1ec7b2e2a82a,2025-12-14 08:28:16,2025-12-14,Domingo,1,8,ecommerce,prd_815b38747487,Conjunto de Malha,Moda,Brastemp,BASICO,True,cus_c8d383cfde0c,Maria Cecília Oliveira,AM,Norte,TOP_TIER,5,77.85,389.25,False
sal_03355ff590f1,2026-01-01 11:25:12,2026-01-01,Quinta,5,11,ecommerce,prd_51511e44c92a,Kit Gamer Completo,Games,Mondial,BASICO,True,cus_66677d443e5e,Cecília Da Luz,AC,Norte,TOP_TIER,1,88.90,88.90,False
sal_192ac4c51c56,2025-12-23 21:59:48,2025-12-23,Terça,3,21,ecommerce,prd_b2fdb7f36a3f,Blusa de Algodão,Moda,LG,BASICO,True,cus_418af67b6b28,Miguel Ramos,TO,Norte,REGULAR,1,45.04,45.04,False
sal_301fc77d4aee,2026-01-02 20:48:38,2026-01-02,Sexta,6,20,loja_fisica,prd_f8e027f417be,Placa Mãe B450,Informática,O Boticário,BASICO,True,cus_3580317ddeab,Bella Borges,AM,Norte,VIP,1,180.90,180.90,False
sal_e8f20ed12293,2026-01-08 00:25:14,2026-01-08,Quinta,5,0,loja_fisica,prd_b4a98acf1a5f,Cardigan de Lã,Moda,LG,BASICO,True,cus_13af118ef4e8,Sarah Teixeira,AM,Norte,TOP_TIER,4,35.90,143.60,False
sal_d9c9f7d6e1f9,2025-12-14 22:37:06,2025-12-14,Domingo,1,22,loja_fisica,prd_df1e44c528e0,Fone de Ouvido Esportivo,Áudio,O Boticário,BASICO,True,cus_71308b76151a,Amanda Sousa,MS,Centro-Oeste,TOP_TIER,2,183.34,366.68,False
sal_c7c138559f47,2026-01-02 13:10:42,2026-01-02,Sexta,6,13,ecommerce,prd_9f5272275347,Marcador de Texto,Acessórios,Sony,BASICO,True,cus_71308b76151a,Amanda Sousa,MS,Centro-Oeste,TOP_TIER,1,53.55,53.55,False
sal_42746dbf67d4,2026-01-09 10:25:29,2026-01-09,Sexta,6,10,ecommerce,prd_1f81bf3405b1,Fonte PC 500W,Informática,O Boticário,BASICO,True,cus_25d1cb23f872,Melissa Pastor,AC,Norte,VIP,1,61.90,61.90,False
sal_7875d5bc9b63,2026-01-09 15:36:36,2026-01-09,Sexta,6,15,ecommerce,prd_bf94f6ee7033,Mochila Esportiva,Esporte,Sony,BASICO,True,cus_f1a06ae11717,Gustavo Henrique Rios,AM,Norte,TOP_TIER,1,71.01,71.01,False
sal_57338b355dee,2026-01-11 21:25:27,2026-01-11,Domingo,1,21,ecommerce,prd_d0368e440753,Batom Matte,Beleza,Adidas,BASICO,True,cus_d2762f5968fe,Aurora Pastor,SE,Nordeste,REGULAR,1,34.90,34.90,False
sal_f0b3308c758e,2025-12-16 15:38:41,2025-12-16,Terça,3,15,ecommerce,prd_d0368e440753,Batom Matte,Beleza,Adidas,BASICO,True,cus_508a15ccf0fa,Zoe Campos,MT,Centro-Oeste,TOP_TIER,1,34.90,34.90,False
sal_3a7747816341,2026-01-09 22:12:00,2026-01-09,Sexta,6,22,loja_fisica,prd_728d12065bf5,Suporte para Monitor,Informática,Consul,BASICO,True,cus_f64907d41a69,Henrique Da Conceição,DF,Centro-Oeste,VIP,2,430.00,860.00,False
sal_4273c9c817f3,2026-01-01 17:15:00,2026-01-01,Quinta,5,17,ecommerce,prd_142839b15f63,Vestido Casual,Moda,Xiaomi,BASICO,True,cus_a2e18141f826,Ísis Leão,CE,Nordeste,REGULAR,1,99.50,99.50,False
sal_9b79ab5184ac,2026-01-02 23:09:42,2026-01-02,Sexta,6,23,loja_fisica,prd_23664e42a71c,Jogo de Toalhas,Casa,Xiaomi,BASICO,True,cus_c9cd13d1ae9f,Yasmin Siqueira,PA,Norte,VIP,1,109.90,109.90,False
sal_390bdf0c97f1,2025-12-15 08:00:54,2025-12-15,Segunda,2,8,ecommerce,prd_08fc82e8b75d,Persiana Vertical,Casa,Acer,BASICO,True,cus_25c656241a9a,Amanda Novais,GO,Centro-Oeste,TOP_TIER,2,151.69,303.38,False
sal_78c4265b9ab6,2025-12-13 12:45:27,2025-12-13,Sábado,7,12,loja_fisica,prd_38c1b898aecc,Microfone para Stream,Games,Samsung,BASICO,True,cus_7262f4e5ce9f,Sophia Monteiro,SP,Sudeste,TOP_TIER,1,140.90,140.90,False
sal_1829b2af08f5,2026-01-10 14:38:16,2026-01-10,Sábado,7,14,ecommerce,prd_4ee65ed59110,Frigideira Antiaderente,Cozinha,Philips,BASICO,True,cus_c8d383cfde0c,Maria Cecília Oliveira,AM,Norte,TOP_TIER,2,41.90,83.80,False
sal_574a350459c4,2025-12-28 18:17:58,2025-12-28,Domingo,1,18,ecommerce,prd_045813f96891,Cardigan de Lã,Moda,LG,BASICO,True,cus_1a38731e1fbe,Otávio Fernandes,ES,Sudeste,TOP_TIER,1,142.99,142.99,False
sal_f2ed2b26adfa,2026-01-02 23:56:18,2026-01-02,Sexta,6,23,loja_fisica,prd_a4025bac91a7,Óculos de Sol,Acessórios,Xiaomi,BASICO,True,cus_d2762f5968fe,Aurora Pastor,SE,Nordeste,REGULAR,1,47.61,47.61,False
sal_ea4b45efd16c,2025-12-28 20:27:49,2025-12-28,Domingo,1,20,ecommerce,prd_47a25ae10c23,Soundbar TV,Áudio,Acer,BASICO,True,cus_4209c24e0be2,Maya Castro,TO,Norte,REGULAR,1,88.99,88.99,False
sal_56acb2c72eb9,2026-01-08 19:49:59,2026-01-08,Quinta,5,19,ecommerce,prd_3308eb4d2b62,Cobertor de Lã,Casa,Arno,BASICO,True,cus_c3944101594c,Murilo Da Mata,RR,Norte,VIP,1,32.99,32.99,False
sal_1af9acaffa6c,2025-12-23 17:54:58,2025-12-23,Terça,3,17,ecommerce,prd_045813f96891,Cardigan de Lã,Moda,LG,BASICO,True,cus_66677d443e5e,Cecília Da Luz,AC,Norte,TOP_TIER,1,142.99,142.99,False
sal_e7df0f86e801,2026-01-02 17:08:09,2026-01-02,Sexta,6,17,ecommerce,prd_3308eb4d2b62,Cobertor de Lã,Casa,Arno,BASICO,True,cus_1a38731e1fbe,Otávio Fernandes,ES,Sudeste,TOP_TIER,1,32.99,32.99,False
sal_79e1df1f15d0,2026-01-02 18:11:52,2026-01-02,Sexta,6,18,ecommerce,prd_c90040774892,Tênis de Corrida,Esporte,Sony,BASICO,True,cus_df9e0b31fa20,Yuri Albuquerque,SE,Nordeste,REGULAR,1,147.99,147.99,False
sal_fe1e0efe3bb2,2026-01-01 14:39:13,2026-01-01,Quinta,5,14,ecommerce,prd_6eca734f2e84,Edredom Casal,Casa,Electrolux,BASICO,True,cus_96658dc10aa5,Agatha Silveira,PA,Norte,TOP_TIER,1,216.59,216.59,False
sal_666dd6068164,2026-01-10 21:08:41,2026-01-10,Sábado,7,21,loja_fisica,prd_045813f96891,Cardigan de Lã,Moda,LG,BASICO,True,cus_25d1cb23f872,Melissa Pastor,AC,Norte,VIP,1,135.84,135.84,False
sal_35342a6eeb77,2026-01-06 08:11:43,2026-01-06,Terça,3,8,loja_fisica,prd_d8ec0b81e223,Toca-discos USB,Áudio,O Boticário,BASICO,True,cus_79d52b75f259,Elisa Freitas,CE,Nordeste,TOP_TIER,2,371.90,743.80,False
sal_d60ebd2234dc,2025-12-24 16:22:40,2025-12-24,Quarta,4,16,ecommerce,prd_6d4e3b1efd0c,Necessaire,Acessórios,Xiaomi,PREMIUM,True,cus_71308b76151a,Amanda Sousa,MS,Centro-Oeste,TOP_TIER,3,1139.99,3419.97,False
sal_50bc67f87c64,2025-12-24 08:13:40,2025-12-24,Quarta,4,8,loja_fisica,prd_4ee65ed59110,Frigideira Antiaderente,Cozinha,Philips,BASICO,True,cus_a9747473c5c6,Ana Lívia Aparecida,AL,Nordeste,REGULAR,1,37.71,37.71,False
sal_a6cdd490fedd,2026-01-11 08:50:02,2026-01-11,Domingo,1,8,loja_fisica,prd_ff35b88df534,SSD 500GB,Eletrônicos,Acer,BASICO,True,cus_b42a15933072,Heitor Rezende,PE,Nordeste,TOP_TIER,2,190.71,381.42,False
sal_4b1522d1962a,2026-01-11 12:25:59,2026-01-11,Domingo,1,12,ecommerce,prd_2255432fabe7,Marcador de Texto,Acessórios,Nike,BASICO,True,cus_66677d443e5e,Cecília Da Luz,AC,Norte,TOP_TIER,1,113.99,113.99,False
sal_6dc907d53b58,2026-01-08 13:06:54,2026-01-08,Quinta,5,13,ecommerce,prd_4ee65ed59110,Frigideira Antiaderente,Cozinha,Philips,BASICO,True,cus_4e62d52db97a,Josué Souza,RJ,Sudeste,VIP,1,41.90,41.90,False
sal_f2b8f0c358a6,2025-12-30 12:53:52,2025-12-30,Terça,3,12,ecommerce,prd_e561d57f2a21,Caixa de Som 2.1,Áudio,Acer,BASICO,True,cus_644bf6820c61,Heloísa Andrade,PR,Sul,REGULAR,4,105.29,421.16,False
sal_98223759f501,2026-01-01 13:02:14,2026-01-01,Quinta,5,13,ecommerce,prd_686e2aab873d,Blusa de Frio,Moda,Philips,BASICO,True,cus_4209c24e0be2,Maya Castro,TO,Norte,REGULAR,2,80.55,161.10,False
sal_35ab86da5436,2026-01-07 19:14:50,2026-01-07,Quarta,4,19,ecommerce,prd_032c166122f7,Controle Xbox,Games,Xiaomi,BASICO,True,cus_f1eccf8e0d99,Luiz Miguel Câmara,GO,Centro-Oeste,REGULAR,1,186.91,186.91,False
sal_eead9f97836f,2025-12-17 11:53:59,2025-12-17,Quarta,4,11,ecommerce,prd_d92ad43fa137,Smart TV 43 Polegadas,Eletrônicos,Philips,BASICO,True,cus_a9747473c5c6,Ana Lívia Aparecida,AL,Nordeste,REGULAR,2,66.90,133.80,False
sal_77a6bb1d0f38,2026-01-06 08:42:55,2026-01-06,Terça,3,8,ecommerce,prd_92c0ecf60a58,Jogo de Toalhas,Casa,Brastemp,BASICO,True,cus_6ff11137142d,Vitor Gabriel Sá,TO,Norte,TOP_TIER,3,180.90,542.70,False
sal_322b5a08f51a,2025-12-31 09:15:02,2025-12-31,Quarta,4,9,ecommerce,prd_92c0ecf60a58,Jogo de Toalhas,Casa,Brastemp,BASICO,True,cus_6ff11137142d,Vitor Gabriel Sá,TO,Norte,TOP_TIER,1,162.81,162.81,False
sal_7456540f8ae4,2025-12-22 15:44:31,2025-12-22,Segunda,2,15,ecommerce,prd_82cd17cb589d,Persiana Vertical,Casa,Dell,BASICO,True,cus_b42a15933072,Heitor Rezende,PE,Nordeste,TOP_TIER,1,44.90,44.90,False
sal_91eb97a0bbca,2025-12-19 08:59:28,2025-12-19,Sexta,6,8,loja_fisica,prd_223c9b6a0a76,Luminária de Mesa,Casa,Mondial,BASICO,True,cus_7262f4e5ce9f,Sophia Monteiro,SP,Sudeste,TOP_TIER,4,73.79,295.16,False
sal_be85fe781d39,2025-12-19 18:48:42,2025-12-19,Sexta,6,18,ecommerce,prd_1e4ccab8af1a,Máscara Facial,Beleza,Apple,BASICO,True,cus_79d52b75f259,Elisa Freitas,CE,Nordeste,TOP_TIER,3,100.71,302.13,False
sal_99c742f01c67,2025-12-31 17:38:25,2025-12-31,Quarta,4,17,ecommerce,prd_f1f39e56f84d,Bermuda Tactel,Moda,Motorola,BASICO,True,cus_a01814ad9247,Ana Beatriz Alves,SP,Sudeste,TOP_TIER,1,46.74,46.74,False
sal_1ac1f16cf37e,2026-01-01 20:45:28,2026-01-01,Quinta,5,20,ecommerce,prd_e55f1f3ae9ad,SSD 500GB,Eletrônicos,Arno,BASICO,True,cus_2b1b3e2a1515,Ana Sophia Pereira,MG,Sudeste,VIP,2,71.90,143.80,False
sal_33d9bfdc4274,2026-01-07 18:19:08,2026-01-07,Quarta,4,18,ecommerce,prd_82cd17cb589d,Persiana Vertical,Casa,Dell,BASICO,True,cus_36595eecf105,Bruno Novaes,PA,Norte,REGULAR,1,42.65,42.65,False
sal_4139be1b02fa,2025-12-14 16:53:54,2025-12-14,Domingo,1,16,ecommerce,prd_4ee65ed59110,Frigideira Antiaderente,Cozinha,Philips,BASICO,True,cus_36595eecf105,Bruno Novaes,PA,Norte,REGULAR,1,41.90,41.90,False
sal_1ad038bc3f56,2026-01-01 08:26:43,2026-01-01,Quinta,5,8,loja_fisica,prd_1b8a6057bb97,Shampoo Anticaspa,Beleza,Sony,BASICO,True,cus_df9e0b31fa20,Yuri Albuquerque,SE,Nordeste,REGULAR,1,315.99,315.99,False
sal_1365b279bb31,2025-12-29 21:25:34,2025-12-29,Segunda,2,21,loja_fisica,prd_2cbafff50c72,Sabonete Facial,Beleza,Nike,BASICO,True,cus_a2e18141f826,Ísis Leão,CE,Nordeste,REGULAR,2,100.90,201.80,False
sal_acf9e084dd44,2026-01-08 10:55:48,2026-01-08,Quinta,5,10,loja_fisica,prd_9259039bf9b2,Tábua de Corte,Cozinha,Sony,BASICO,True,cus_25c656241a9a,Amanda Novais,GO,Centro-Oeste,TOP_TIER,1,228.94,228.94,False
sal_5d4b457a869c,2026-01-02 09:37:20,2026-01-02,Sexta,6,9,ecommerce,prd_9aa451566556,Jarra de Vidro,Cozinha,Apple,BASICO,True,cus_508a15ccf0fa,Zoe Campos,MT,Centro-Oeste,TOP_TIER,1,395.90,395.90,False
sal_03068ba090bb,2025-12-16 19:11:20,2025-12-16,Terça,3,19,ecommerce,prd_b7490508211e,Vestido Floral,Moda,Apple,BASICO,True,cus_884be6e0ce9a,Emanuel Vieira,PA,Norte,REGULAR,1,242.00,242.00,False
sal_4d94f78a6f63,2025-12-27 21:40:58,2025-12-27,Sábado,7,21,ecommerce,prd_f063f46a7ef8,Fone de Ouvido Esportivo,Áudio,Consul,PREMIUM,True,cus_6ff11137142d,Vitor Gabriel Sá,TO,Norte,TOP_TIER,1,1286.09,1286.09,False
sal_fb4f22335701,2026-01-01 21:55:03,2026-01-01,Quinta,5,21,loja_fisica,prd_84c0492c5dd9,Óculos de Natação,Esporte,Samsung,BASICO,True,cus_71308b76151a,Amanda Sousa,MS,Centro-Oeste,TOP_TIER,1,132.00,132.00,False
sal_89758d8e09a1,2025-12-21 09:42:08,2025-12-21,Domingo,1,9,ecommerce,prd_2cbafff50c72,Sabonete Facial,Beleza,Nike,BASICO,True,cus_a2e18141f826,Ísis Leão,CE,Nordeste,REGULAR,3,95.86,287.58,False
sal_9e706207042a,2025-12-25 20:25:52,2025-12-25,Quinta,5,20,ecommerce,prd_df1e44c528e0,Fone de Ouvido Esportivo,Áudio,O Boticário,BASICO,True,cus_4209c24e0be2,Maya Castro,TO,Norte,REGULAR,2,192.99,385.98,False
sal_1f2958e41eb2,2025-12-31 20:03:54,2025-12-31,Quarta,4,20,ecommerce,prd_f063f46a7ef8,Fone de Ouvido Esportivo,Áudio,Consul,PREMIUM,True,cus_66677d443e5e,Cecília Da Luz,AC,Norte,TOP_TIER,1,1428.99,1428.99,False
sal_89927103a44c,2026-01-05 08:34:00,2026-01-05,Segunda,2,8,ecommerce,prd_380fab5d7131,Porta-retrato,Casa,Philips,BASICO,True,cus_418af67b6b28,Miguel Ramos,TO,Norte,REGULAR,2,142.90,285.80,False
sal_5ac9b01b914a,2025-12-21 11:41:44,2025-12-21,Domingo,1,11,ecommerce,prd_2cbafff50c72,Sabonete Facial,Beleza,Nike,BASICO,True,cus_8fa04d3a5837,Rafael Porto,RS,Sul,TOP_TIER,1,85.77,85.77,False
sal_94f35caacef8,2025-12-23 21:38:19,2025-12-23,Terça,3,21,loja_fisica,prd_645f7859f379,Calça Jeans Skinny,Moda,Asus,BASICO,True,cus_25d1cb23f872,Melissa Pastor,AC,Norte,VIP,2,486.90,973.80,False
sal_7f6b8afd09f3,2025-12-30 17:15:27,2025-12-30,Terça,3,17,loja_fisica,prd_c62100cc281c,Webcam para Stream,Games,Samsung,BASICO,True,cus_911b23c97589,Heitor Nunes,MS,Centro-Oeste,REGULAR,2,53.79,107.58,False
sal_bbcb93b0a43b,2025-12-27 16:56:02,2025-12-27,Sábado,7,16,loja_fisica,prd_ff56c9132964,Regata Básica,Moda,Xiaomi,BASICO,True,cus_c8d383cfde0c,Maria Cecília Oliveira,AM,Norte,TOP_TIER,1,213.99,213.99,False
sal_3ea185da43a5,2026-01-08 15:41:26,2026-01-08,Quinta,5,15,ecommerce,prd_0454b1b9fe21,Produto não cadastrado,Não cadastrado,Não cadastrado,,False,cus_78ab1cf16e12,Beatriz Garcia,SE,Nordeste,TOP_TIER,2,238.99,477.98,False
sal_a0f9522ac0fa,2025-12-19 22:50:14,2025-12-19,Sexta,6,22,loja_fisica,prd_645f7859f379,Calça Jeans Skinny,Moda,Asus,BASICO,True,cus_25c656241a9a,Amanda Novais,GO,Centro-Oeste,TOP_TIER,2,535.59,1071.18,False
sal_b938171159a6,2025-12-15 13:51:26,2025-12-15,Segunda,2,13,ecommerce,prd_474405dcce41,Brincos de Prata,Acessórios,Motorola,BASICO,True,cus_b42a15933072,Heitor Rezende,PE,Nordeste,TOP_TIER,1,67.90,67.90,False
sal_8fbfbf259d3f,2025-12-15 11:38:44,2025-12-15,Segunda,2,11,loja_fisica,prd_30518d908a92,Cinto de Couro,Acessórios,Asus,BASICO,True,cus_df9e0b31fa20,Yuri Albuquerque,SE,Nordeste,REGULAR,1,80.99,80.99,False
sal_4c03e8f77253,2026-01-07 16:42:11,2026-01-07,Quarta,4,16,ecommerce,prd_8b22fd85d500,Garrafa Térmica 1L,Cozinha,Sony,BASICO,True,cus_d36c11b261a6,Cauã Rocha,MA,Nordeste,REGULAR,1,308.74,308.74,False
sal_1f9e80f38550,2026-01-08 11:25:18,2026-01-08,Quinta,5,11,loja_fisica,prd_645f7859f379,Calça Jeans Skinny,Moda,Asus,BASICO,True,cus_cf84750c1fb4,Alana Teixeira,MA,Nordeste,TOP_TIER,1,413.86,413.86,False
sal_f5453a39d29f,2026-01-10 09:17:30,2026-01-10,Sábado,7,9,ecommerce,prd_6d4e3b1efd0c,Necessaire,Acessórios,Xiaomi,PREMIUM,True,cus_25c656241a9a,Amanda Novais,GO,Centro-Oeste,TOP_TIER,1,1082.99,1082.99,False
sal_97ce32e66218,2025-12-27 16:45:00,2025-12-27,Sábado,7,16,loja_fisica,prd_3308eb4d2b62,Cobertor de Lã,Casa,Arno,BASICO,True,cus_df9e0b31fa20,Yuri Albuquerque,SE,Nordeste,REGULAR,1,28.04,28.04,False
sal_4368a147d186,2025-12-13 18:32:49,2025-12-13,Sábado,7,18,loja_fisica,prd_f063f46a7ef8,Fone de Ouvido Esportivo,Áudio,Consul,PREMIUM,True,cus_c3944101594c,Murilo Da Mata,RR,Norte,VIP,2,1286.09,2572.18,False
sal_50b4ee2b38c2,2026-01-07 19:18:50,2026-01-07,Quarta,4,19,ecommerce,prd_d500fa66507e,Shorts Jeans,Moda,Electrolux,BASICO,True,cus_a2e18141f826,Ísis Leão,CE,Nordeste,REGULAR,1,384.99,384.99,False
sal_4c322469cbcb,2025-12-24 19:14:56,2025-12-24,Quarta,4,19,ecommerce,prd_e3934c71bd0c,Meia Esportiva,Esporte,Sony,BASICO,True,cus_c3944101594c,Murilo Da Mata,RR,Norte,VIP,1,352.71,352.71,False
sal_fb9980b8dbb3,2026-01-05 22:31:02,2026-01-05,Segunda,2,22,loja_fisica,prd_3bee9877eb80,Rádio AM/FM,Áudio,Lenovo,BASICO,True,cus_8fa04d3a5837,Rafael Porto,RS,Sul,TOP_TIER,1,45.50,45.50,False
sal_547f2d93cb1a,2026-01-08 08:22:43,2026-01-08,Quinta,5,8,ecommerce,prd_045813f96891,Cardigan de Lã,Moda,LG,BASICO,True,cus_3580317ddeab,Bella Borges,AM,Norte,VIP,1,142.99,142.99,False
sal_48447cc7460a,2026-01-02 10:32:42,2026-01-02,Sexta,6,10,ecommerce,prd_dfac11815029,Microfone para Stream,Games,Apple,BASICO,True,cus_6ff11137142d,Vitor Gabriel Sá,TO,Norte,TOP_TIER,1,189.00,189.00,False
sal_acdb524e9277,2025-12-14 08:59:31,2025-12-14,Domingo,1,8,ecommerce,prd_6742b65088d8,Porta-temperos,Cozinha,Adidas,BASICO,True,cus_a2e18141f826,Ísis Leão,CE,Nordeste,REGULAR,4,41.99,167.96,False
sal_9f7c11fcfc51,2025-12-24 20:46:04,2025-12-24,Quarta,4,20,ecommerce,prd_d22d1b8b1502,Camisa Social,Moda,Brastemp,PREMIUM,True,cus_36595eecf105,Bruno Novaes,PA,Norte,REGULAR,1,1149.90,1149.90,False
sal_c8d8ef7c2342,2026-01-06 15:15:24,2026-01-06,Terça,3,15,ecommerce,prd_385035a5bc20,Notebook Inspiron 15,Eletrônicos,Adidas,BASICO,True,cus_7262f4e5ce9f,Sophia Monteiro,SP,Sudeste,TOP_TIER,1,197.91,197.91,False
sal_16f2086e291f,2026-01-08 17:43:25,2026-01-08,Quinta,5,17,ecommerce,prd_5a6fd66e1c00,Vestido Casual,Moda,Philips,BASICO,True,cus_508a15ccf0fa,Zoe Campos,MT,Centro-Oeste,TOP_TIER,4,112.90,451.60,False
sal_7bcb7a956fa9,2025-12-26 21:26:44,2025-12-26,Sexta,6,21,ecommerce,prd_1f81bf3405b1,Fonte PC 500W,Informática,O Boticário,BASICO,True,cus_71308b76151a,Amanda Sousa,MS,Centro-Oeste,TOP_TIER,2,61.90,123.80,False
sal_099948604052,2026-01-07 12:47:51,2026-01-07,Quarta,4,12,loja_fisica,prd_38c1b898aecc,Microfone para Stream,Games,Samsung,BASICO,True,cus_36595eecf105,Bruno Novaes,PA,Norte,REGULAR,1,119.77,119.77,False
sal_862e2b2d4beb,2026-01-11 10:54:33,2026-01-11,Domingo,1,10,ecommerce,prd_c90040774892,Tênis de Corrida,Esporte,Sony,BASICO,True,cus_644bf6820c61,Heloísa Andrade,PR,Sul,REGULAR,1,147.99,147.99,False
sal_13611b827737,2025-12-25 20:59:55,2025-12-25,Quinta,5,20,ecommerce,prd_bf5d8671f7a9,Placa Mãe B450,Informática,Brastemp,BASICO,True,cus_25d1cb23f872,Melissa Pastor,AC,Norte,VIP,1,119.90,119.90,False
sal_7872e2c06ce8,2026-01-05 18:52:52,2026-01-05,Segunda,2,18,ecommerce,prd_ff35b88df534,SSD 500GB,Eletrônicos,Acer,BASICO,True,cus_9d2dd4770a79,Luigi Camargo,GO,Centro-Oeste,TOP_TIER,1,211.90,211.90,False
sal_4c803420ae02,2026-01-02 08:02:18,2026-01-02,Sexta,6,8,ecommerce,prd_a4025bac91a7,Óculos de Sol,Acessórios,Xiaomi,BASICO,True,cus_25d1cb23f872,Melissa Pastor,AC,Norte,VIP,4,52.90,211.60,False
sal_fb45f90b78d5,2026-01-06 16:58:08,2026-01-06,Terça,3,16,ecommerce,prd_f063f46a7ef8,Fone de Ouvido Esportivo,Áudio,Consul,PREMIUM,True,cus_2b1b3e2a1515,Ana Sophia Pereira,MG,Sudeste,VIP,3,1428.99,4286.97,False
sal_6dd43b9583b8,2025-12-13 13:17:50,2025-12-13,Sábado,7,13,ecommerce,prd_8b22fd85d500,Garrafa Térmica 1L,Cozinha,Sony,BASICO,True,cus_639110db69ed,João Vitor Barros,AP,Norte,REGULAR,1,357.49,357.49,False
sal_6f2ed71ad83a,2026-01-08 16:01:24,2026-01-08,Quinta,5,16,loja_fisica,prd_385035a5bc20,Notebook Inspiron 15,Eletrônicos,Adidas,BASICO,True,cus_8ad3c8745efb,Eduardo Cunha,AC,Norte,TOP_TIER,1,197.91,197.91,False
sal_ea3cef021461,2025-12-28 08:10:54,2025-12-28,Domingo,1,8,loja_fisica,prd_a17c779dd289,Gravador de Voz,Áudio,Asus,BASICO,True,cus_0914bdf6e1fe,Isabelly Câmara,MT,Centro-Oeste,REGULAR,1,55.17,55.17,False
sal_2bbb2ec309c0,2025-12-20 13:18:52,2025-12-20,Sábado,7,13,loja_fisica,prd_df1e44c528e0,Fone de Ouvido Esportivo,Áudio,O Boticário,BASICO,True,cus_c8d383cfde0c,Maria Cecília Oliveira,AM,Norte,TOP_TIER,2,173.69,347.38,False
sal_cd78e6f6bd25,2026-01-07 21:31:48,2026-01-07,Quarta,4,21,ecommerce,prd_ab011325c1be,Suporte para Controle,Games,Samsung,BASICO,True,cus_df9e0b31fa20,Yuri Albuquerque,SE,Nordeste,REGULAR,1,30.39,30.39,False
sal_d3b87dc3c2e7,2025-12-30 19:51:20,2025-12-30,Terça,3,19,ecommerce,prd_38c1b898aecc,Microfone para Stream,Games,Samsung,BASICO,True,cus_31874cf2d1e5,Nina Moura,SP,Sudeste,TOP_TIER,1,140.90,140.90,False
sal_0f7f0ed76f2c,2025-12-29 16:46:43,2025-12-29,Segunda,2,16,ecommerce,prd_c62100cc281c,Webcam para Stream,Games,Samsung,BASICO,True,cus_a9747473c5c6,Ana Lívia Aparecida,AL,Nordeste,REGULAR,1,41.56,41.56,False
sal_70042498508b,2025-12-28 21:24:11,2025-12-28,Domingo,1,21,loja_fisica,prd_f063f46a7ef8,Fone de Ouvido Esportivo,Áudio,Consul,PREMIUM,True,cus_d4db3db9eccb,Ana Julia Camargo,PB,Nordeste,TOP_TIER,2,1214.64,2429.28,False
sal_cdeb98e760c1,2025-12-14 19:09:06,2025-12-14,Domingo,1,19,ecommerce,prd_f063f46a7ef8,Fone de Ouvido Esportivo,Áudio,Consul,PREMIUM,True,cus_25d1cb23f872,Melissa Pastor,AC,Norte,VIP,1,1571.89,1571.89,False
sal_02aa605e929b,2025-12-17 22:19:19,2025-12-17,Quarta,4,22,ecommerce,prd_223c9b6a0a76,Luminária de Mesa,Casa,Mondial,BASICO,True,cus_0343c0763f76,Vitor Gabriel Da Luz,RS,Sul,VIP,1,69.69,69.69,False
sal_77104869eb63,2025-12-26 17:05:56,2025-12-26,Sexta,6,17,ecommerce,prd_045813f96891,Cardigan de Lã,Moda,LG,BASICO,True,cus_a9747473c5c6,Ana Lívia Aparecida,AL,Nordeste,REGULAR,1,121.54,121.54,False
sal_e62acc6eeb06,2025-12-19 22:05:51,2025-12-19,Sexta,6,22,ecommerce,prd_92c0ecf60a58,Jogo de Toalhas,Casa,Brastemp,BASICO,True,cus_a8f8e01eaee8,Elisa Martins,ES,Sudeste,REGULAR,1,153.77,153.77,False
sal_1494ff9181c5,2025-12-14 19:37:36,2025-12-14,Domingo,1,19,ecommerce,prd_c1f6dcbed826,Descascador de Legumes,Cozinha,Adidas,BASICO,True,cus_d2762f5968fe,Aurora Pastor,SE,Nordeste,REGULAR,1,163.97,163.97,False
sal_6bac15ef9b70,2025-12-23 08:37:00,2025-12-23,Terça,3,8,loja_fisica,prd_6742b65088d8,Porta-temperos,Cozinha,Adidas,BASICO,True,cus_8ad3c8745efb,Eduardo Cunha,AC,Norte,TOP_TIER,2,39.89,79.78,False
sal_09efc046a5fb,2025-12-28 08:14:03,2025-12-28,Domingo,1,8,ecommerce,prd_305f920b8836,Brincos de Prata,Acessórios,Lenovo,MEDIO,True,cus_eae005fd3470,Calebe Fogaça,TO,Norte,TOP_TIER,1,795.17,795.17,False
sal_6faadfafccf1,2026-01-09 16:09:01,2026-01-09,Sexta,6,16,ecommerce,prd_3e585d1aaf6c,Gabinete ATX,Informática,LG,BASICO,True,cus_31874cf2d1e5,Nina Moura,SP,Sudeste,TOP_TIER,1,209.90,209.90,False
sal_9d0ae22b2e34,2025-12-15 20:29:52,2025-12-15,Segunda,2,20,ecommerce,prd_96fbc500aec1,Edredom Casal,Casa,Asus,BASICO,True,cus_7262f4e5ce9f,Sophia Monteiro,SP,Sudeste,TOP_TIER,1,50.06,50.06,False
sal_780af431a71f,2025-12-23 22:17:00,2025-12-23,Terça,3,22,loja_fisica,prd_9239eec8982d,HD Externo 2TB,Informática,Arno,BASICO,True,cus_13af118ef4e8,Sarah Teixeira,AM,Norte,TOP_TIER,1,51.99,51.99,False
sal_181c0c4cfe7d,2025-12-23 15:32:04,2025-12-23,Terça,3,15,ecommerce,prd_92c0ecf60a58,Jogo de Toalhas,Casa,Brastemp,BASICO,True,cus_8ad3c8745efb,Eduardo Cunha,AC,Norte,TOP_TIER,2,180.90,361.80,False
sal_48937b2d7213,2025-12-28 22:01:01,2025-12-28,Domingo,1,22,ecommerce,prd_92c0ecf60a58,Jogo de Toalhas,Casa,Brastemp,BASICO,True,cus_13af118ef4e8,Sarah Teixeira,AM,Norte,TOP_TIER,2,153.77,307.54,False
sal_3bb944568a98,2025-12-21 23:47:52,2025-12-21,Domingo,1,23,loja_fisica,prd_eda682ecfacb,Organizador de Gaveta,Casa,Electrolux,BASICO,True,cus_639110db69ed,João Vitor Barros,AP,Norte,REGULAR,4,171.00,684.00,False
sal_d82fb8bd0cee,2025-12-18 15:25:28,2025-12-18,Quinta,5,15,ecommerce,prd_7798c88cc490,Kit Utensílios de Cozinha,Cozinha,Consul,BASICO,True,cus_a8f8e01eaee8,Elisa Martins,ES,Sudeste,REGULAR,1,442.22,442.22,False
sal_79ed366066e4,2025-12-30 16:45:35,2025-12-30,Terça,3,16,ecommerce,prd_2293732b7542,Cortina Blackout,Casa,Xiaomi,BASICO,True,cus_f1a06ae11717,Gustavo Henrique Rios,AM,Norte,TOP_TIER,1,68.90,68.90,False
sal_c8ec28bac895,2025-12-31 09:58:35,2025-12-31,Quarta,4,9,loja_fisica,prd_07ff67746d02,Faqueiro Inox 12 Peças,Cozinha,Mondial,BASICO,True,cus_c3944101594c,Murilo Da Mata,RR,Norte,VIP,1,316.99,316.99,False
sal_37fff34331a0,2026-01-06 19:25:15,2026-01-06,Terça,3,19,ecommerce,prd_d500fa66507e,Shorts Jeans,Moda,Electrolux,BASICO,True,cus_d36c11b261a6,Cauã Rocha,MA,Nordeste,REGULAR,1,384.99,384.99,False
sal_9b5974f81692,2026-01-04 17:02:28,2026-01-04,Domingo,1,17,ecommerce,prd_a4025bac91a7,Óculos de Sol,Acessórios,Xiaomi,BASICO,True,cus_78ab1cf16e12,Beatriz Garcia,SE,Nordeste,TOP_TIER,1,52.90,52.90,False
sal_91f0f596132c,2025-12-21 19:10:38,2025-12-21,Domingo,1,19,ecommerce,prd_4e1abbd002eb,Mochila Esportiva,Esporte,Samsung,BASICO,True,cus_eae005fd3470,Calebe Fogaça,TO,Norte,TOP_TIER,3,44.90,134.70,False
sal_b6f5e2db37c0,2025-12-13 12:33:30,2025-12-13,Sábado,7,12,loja_fisica,prd_4ee65ed59110,Frigideira Antiaderente,Cozinha,Philips,BASICO,True,cus_c8d383cfde0c,Maria Cecília Oliveira,AM,Norte,TOP_TIER,1,41.90,41.90,False
sal_f488593419cc,2025-12-30 15:21:20,2025-12-30,Terça,3,15,loja_fisica,prd_faf3fd1a4155,Cinto de Couro,Acessórios,Dell,BASICO,True,cus_eae005fd3470,Calebe Fogaça,TO,Norte,TOP_TIER,1,97.75,97.75,False
sal_18145030fbf8,2026-01-05 16:01:25,2026-01-05,Segunda,2,16,ecommerce,prd_645f7859f379,Calça Jeans Skinny,Moda,Asus,BASICO,True,cus_2b1b3e2a1515,Ana Sophia Pereira,MG,Sudeste,VIP,2,486.90,973.80,False
sal_9b161abe269e,2026-01-03 12:03:00,2026-01-03,Sábado,7,12,loja_fisica,prd_651e8d1acbf8,Processador de Alimentos,Cozinha,Brastemp,BASICO,True,cus_1a38731e1fbe,Otávio Fernandes,ES,Sudeste,TOP_TIER,2,464.90,929.80,False
sal_ba5da338d3a9,2025-12-13 08:41:54,2025-12-13,Sábado,7,8,ecommerce,prd_84a009f1889d,Cortina Box,Casa,Consul,BASICO,True,cus_b42a15933072,Heitor Rezende,PE,Nordeste,TOP_TIER,1,32.90,32.90,False
sal_855a23f5cf04,2025-12-31 22:17:03,2025-12-31,Quarta,4,22,ecommerce,prd_afd58e5fd09d,Condicionador Hidratante,Beleza,Asus,BASICO,True,cus_79d52b75f259,Elisa Freitas,CE,Nordeste,TOP_TIER,2,451.90,903.80,False
sal_24c061ebc920,2026-01-11 10:36:30,2026-01-11,Domingo,1,10,loja_fisica,prd_b7490508211e,Vestido Floral,Moda,Apple,BASICO,True,cus_b42a15933072,Heitor Rezende,PE,Nordeste,TOP_TIER,1,220.00,220.00,False
sal_da18cefc4268,2025-12-20 09:53:16,2025-12-20,Sábado,7,9,ecommerce,prd_2293732b7542,Cortina Blackout,Casa,Xiaomi,BASICO,True,cus_6ff11137142d,Vitor Gabriel Sá,TO,Norte,TOP_TIER,1,62.01,62.01,False
sal_3f81ab50db9d,2026-01-02 17:44:36,2026-01-02,Sexta,6,17,ecommerce,prd_30518d908a92,Cinto de Couro,Acessórios,Asus,BASICO,True,cus_96658dc10aa5,Agatha Silveira,PA,Norte,TOP_TIER,1,80.99,80.99,False
sal_8eeb17c5bbbf,2025-12-14 10:28:56,2025-12-14,Domingo,1,10,ecommerce,prd_a479149bae3b,Edredom Casal,Casa,Electrolux,BASICO,True,cus_a2e18141f826,Ísis Leão,CE,Nordeste,REGULAR,1,87.99,87.99,False
sal_ebedd5f715e2,2025-12-22 22:49:16,2025-12-22,Segunda,2,22,loja_fisica,prd_bf5d8671f7a9,Placa Mãe B450,Informática,Brastemp,BASICO,True,cus_b42a15933072,Heitor Rezende,PE,Nordeste,TOP_TIER,1,113.91,113.91,False
sal_741b030c8bff,2025-12-28 20:54:50,2025-12-28,Domingo,1,20,ecommerce,prd_996db03524ae,Elástico de Resistência,Esporte,Sony,BASICO,True,cus_1a38731e1fbe,Otávio Fernandes,ES,Sudeste,TOP_TIER,1,123.90,123.90,False
sal_07e7316b6feb,2025-12-15 09:06:18,2025-12-15,Segunda,2,9,ecommerce,prd_2365af16d827,Tela Mosquiteira,Casa,Brastemp,BASICO,True,cus_c3944101594c,Murilo Da Mata,RR,Norte,VIP,1,143.45,143.45,False
sal_32ee563ca12f,2025-12-14 22:44:53,2025-12-14,Domingo,1,22,ecommerce,prd_205f309c1a21,Tapete Persa,Casa,Sony,BASICO,True,cus_0343c0763f76,Vitor Gabriel Da Luz,RS,Sul,VIP,1,34.99,34.99,False
sal_4d185c7e974f,2025-12-16 15:16:14,2025-12-16,Terça,3,15,loja_fisica,prd_51511e44c92a,Kit Gamer Completo,Games,Mondial,BASICO,True,cus_a9747473c5c6,Ana Lívia Aparecida,AL,Nordeste,REGULAR,3,88.90,266.70,False
sal_012f7a39f643,2026-01-06 16:16:10,2026-01-06,Terça,3,16,ecommerce,prd_64000b956cf3,Tapete Persa,Casa,Motorola,BASICO,True,cus_8fa04d3a5837,Rafael Porto,RS,Sul,TOP_TIER,1,258.90,258.90,False
sal_8b83f0396478,2025-12-26 17:39:31,2025-12-26,Sexta,6,17,ecommerce,prd_2bf8388221ea,Mouse Gamer RGB,Games,Asus,BASICO,True,cus_911b23c97589,Heitor Nunes,MS,Centro-Oeste,REGULAR,2,49.99,99.98,False
sal_12ca503212ab,2026-01-01 21:54:42,2026-01-01,Quinta,5,21,ecommerce,prd_d500fa66507e,Shorts Jeans,Moda,Electrolux,BASICO,True,cus_a8f8e01eaee8,Elisa Martins,ES,Sudeste,REGULAR,1,384.99,384.99,False
sal_6c3c0189325c,2025-12-23 18:59:43,2025-12-23,Terça,3,18,loja_fisica,prd_eea07161e6c8,Brincos de Prata,Acessórios,Electrolux,BASICO,True,cus_f1a06ae11717,Gustavo Henrique Rios,AM,Norte,TOP_TIER,2,44.09,88.18,False
sal_99ce568c1aea,2025-12-30 21:50:45,2025-12-30,Terça,3,21,ecommerce,prd_bf5d8671f7a9,Placa Mãe B450,Informática,Brastemp,BASICO,True,cus_fa3a88d1ccef,Benício Gomes,AL,Nordeste,VIP,1,113.91,113.91,False
sal_5c93b20c366d,2025-12-17 23:04:21,2025-12-17,Quarta,4,23,ecommerce,prd_02dd786968a0,HD Externo 1TB,Eletrônicos,Adidas,BASICO,True,cus_1a38731e1fbe,Otávio Fernandes,ES,Sudeste,TOP_TIER,4,230.84,923.36,False
sal_74c65636626e,2025-12-28 15:37:29,2025-12-28,Domingo,1,15,ecommerce,prd_951e09f3ecb1,Chaveiro Personalizado,Acessórios,LG,BASICO,True,cus_c8d383cfde0c,Maria Cecília Oliveira,AM,Norte,TOP_TIER,1,48.99,48.99,False
sal_254e4fb94243,2025-12-27 15:26:04,2025-12-27,Sábado,7,15,loja_fisica,prd_473cb7923d3d,Kit Gamer Completo,Games,Motorola,BASICO,True,cus_ec8d75866856,Luan Vargas,RS,Sul,TOP_TIER,2,109.90,219.80,False
sal_da670c7eda16,2025-12-27 17:53:44,2025-12-27,Sábado,7,17,loja_fisica,prd_07ff67746d02,Faqueiro Inox 12 Peças,Cozinha,Mondial,BASICO,True,cus_418af67b6b28,Miguel Ramos,TO,Norte,REGULAR,1,316.99,316.99,False
sal_5b0b86f9ca99,2026-01-06 09:48:10,2026-01-06,Terça,3,9,loja_fisica,prd_92c4758afec3,Vestido Floral,Moda,Arno,BASICO,True,cus_d4db3db9eccb,Ana Julia Camargo,PB,Nordeste,TOP_TIER,1,309.60,309.60,False
sal_1ae994e337f1,2026-01-09 15:38:39,2026-01-09,Sexta,6,15,loja_fisica,prd_8b22fd85d500,Garrafa Térmica 1L,Cozinha,Sony,BASICO,True,cus_0343c0763f76,Vitor Gabriel Da Luz,RS,Sul,VIP,1,292.49,292.49,False
sal_c1456439cff3,2025-12-15 14:58:44,2025-12-15,Segunda,2,14,loja_fisica,prd_bf5d8671f7a9,Placa Mãe B450,Informática,Brastemp,BASICO,True,cus_f1eccf8e0d99,Luiz Miguel Câmara,GO,Centro-Oeste,REGULAR,4,119.90,479.60,False
sal_26670fb8c897,2025-12-18 16:36:35,2025-12-18,Quinta,5,16,loja_fisica,prd_4ee65ed59110,Frigideira Antiaderente,Cozinha,Philips,BASICO,True,cus_fa3a88d1ccef,Benício Gomes,AL,Nordeste,VIP,1,46.09,46.09,False
sal_5c89f35a9cf9,2025-12-14 23:49:52,2025-12-14,Domingo,1,23,ecommerce,prd_a17c779dd289,Gravador de Voz,Áudio,Asus,BASICO,True,cus_36595eecf105,Bruno Novaes,PA,Norte,REGULAR,1,64.90,64.90,False
sal_7592ca513bd3,2026-01-08 18:26:34,2026-01-08,Quinta,5,18,loja_fisica,prd_9adbaa3083e1,Jaqueta Jeans,Moda,Sony,BASICO,True,cus_644bf6820c61,Heloísa Andrade,PR,Sul,REGULAR,2,93.50,187.00,False
sal_20a6c75858d5,2026-01-06 11:34:34,2026-01-06,Terça,3,11,ecommerce,prd_8b22fd85d500,Garrafa Térmica 1L,Cozinha,Sony,BASICO,True,cus_71308b76151a,Amanda Sousa,MS,Centro-Oeste,TOP_TIER,1,324.99,324.99,False
sal_8f9fb02b4ae9,2025-12-30 16:35:35,2025-12-30,Terça,3,16,ecommerce,prd_727f175116c6,Bicicleta Ergométrica,Esporte,Apple,BASICO,True,cus_a2e18141f826,Ísis Leão,CE,Nordeste,REGULAR,1,70.29,70.29,False
sal_54f88d35fcac,2025-12-26 09:53:11,2025-12-26,Sexta,6,9,loja_fisica,prd_c9ce9d378723,Processador Intel i5,Informática,Electrolux,BASICO,True,cus_0914bdf6e1fe,Isabelly Câmara,MT,Centro-Oeste,REGULAR,1,41.90,41.90,False
sal_c9927ca0c9f5,2026-01-03 20:18:21,2026-01-03,Sábado,7,20,ecommerce,prd_afd58e5fd09d,Condicionador Hidratante,Beleza,Asus,BASICO,True,cus_0343c0763f76,Vitor Gabriel Da Luz,RS,Sul,VIP,2,384.11,768.22,False
sal_35b8a8f36333,2025-12-16 15:24:29,2025-12-16,Terça,3,15,ecommerce,prd_59109bac228a,Produto não cadastrado,Não cadastrado,Não cadastrado,,False,cus_ec8d75866856,Luan Vargas,RS,Sul,TOP_TIER,1,73.09,73.09,False
sal_e843c5fb8f75,2026-01-02 21:12:16,2026-01-02,Sexta,6,21,ecommerce,prd_d500fa66507e,Shorts Jeans,Moda,Electrolux,BASICO,True,cus_66677d443e5e,Cecília Da Luz,AC,Norte,TOP_TIER,1,327.24,327.24,False
sal_73e1dc289103,2025-12-25 22:07:53,2025-12-25,Quinta,5,22,loja_fisica,prd_2293732b7542,Cortina Blackout,Casa,Xiaomi,BASICO,True,cus_4209c24e0be2,Maya Castro,TO,Norte,REGULAR,2,68.90,137.80,False
sal_14acc426bb76,2026-01-09 21:01:44,2026-01-09,Sexta,6,21,loja_fisica,prd_d22d1b8b1502,Camisa Social,Moda,Brastemp,PREMIUM,True,cus_d4db3db9eccb,Ana Julia Camargo,PB,Nordeste,TOP_TIER,1,1092.40,1092.40,False
sal_adff6978b0c6,2025-12-13 17:38:09,2025-12-13,Sábado,7,17,loja_fisica,prd_96fbc500aec1,Edredom Casal,Casa,Asus,BASICO,True,cus_508a15ccf0fa,Zoe Campos,MT,Centro-Oeste,TOP_TIER,2,64.79,129.58,False
sal_a3af2f764074,2025-12-22 15:30:06,2025-12-22,Segunda,2,15,ecommerce,prd_d92ad43fa137,Smart TV 43 Polegadas,Eletrônicos,Philips,BASICO,True,cus_884be6e0ce9a,Emanuel Vieira,PA,Norte,REGULAR,1,66.90,66.90,False
sal_786351707251,2025-12-24 19:06:35,2025-12-24,Quarta,4,19,ecommerce,prd_694bd92302c1,Gabinete ATX,Informática,Mondial,BASICO,True,cus_25d1cb23f872,Melissa Pastor,AC,Norte,VIP,1,92.90,92.90,False
sal_ee0aa723dd2d,2025-12-25 08:24:37,2025-12-25,Quinta,5,8,ecommerce,prd_9d7b9035daa0,Forma de Bolo Redonda,Cozinha,O Boticário,BASICO,True,cus_b42a15933072,Heitor Rezende,PE,Nordeste,TOP_TIER,1,182.31,182.31,False
sal_8ae3d056dcad,2026-01-01 14:05:42,2026-01-01,Quinta,5,14,ecommerce,prd_65c60230d4ed,Base Líquida,Beleza,Asus,BASICO,True,cus_c3944101594c,Murilo Da Mata,RR,Norte,VIP,1,99.90,99.90,False
sal_3ea8319fd25a,2026-01-06 18:03:21,2026-01-06,Terça,3,18,ecommerce,prd_9d7b9035daa0,Forma de Bolo Redonda,Cozinha,O Boticário,BASICO,True,cus_b42a15933072,Heitor Rezende,PE,Nordeste,TOP_TIER,1,191.90,191.90,False
sal_c1c1ddc0ac32,2026-01-10 16:02:02,2026-01-10,Sábado,7,16,ecommerce,prd_334f4a32f979,Persiana Vertical,Casa,Motorola,BASICO,True,cus_0914bdf6e1fe,Isabelly Câmara,MT,Centro-Oeste,REGULAR,1,364.05,364.05,False
sal_d0872a148526,2026-01-06 10:57:38,2026-01-06,Terça,3,10,ecommerce,prd_4ee65ed59110,Frigideira Antiaderente,Cozinha,Philips,BASICO,True,cus_d4db3db9eccb,Ana Julia Camargo,PB,Nordeste,TOP_TIER,1,41.90,41.90,False
sal_0bad3f49b740,2025-12-13 13:11:59,2025-12-13,Sábado,7,13,ecommerce,prd_3fb63c4ea3c2,Óculos de Sol,Acessórios,Arno,BASICO,True,cus_b0026583b709,Mariane Pacheco,MT,Centro-Oeste,VIP,1,164.99,164.99,False
sal_082131d1557e,2026-01-06 17:14:32,2026-01-06,Terça,3,17,ecommerce,prd_c62100cc281c,Webcam para Stream,Games,Samsung,BASICO,True,cus_a01814ad9247,Ana Beatriz Alves,SP,Sudeste,TOP_TIER,1,48.90,48.90,False
sal_f9b69f7ce058,2025-12-22 08:14:07,2025-12-22,Segunda,2,8,ecommerce,prd_84a009f1889d,Cortina Box,Casa,Consul,BASICO,True,cus_d36c11b261a6,Cauã Rocha,MA,Nordeste,REGULAR,1,32.90,32.90,False
sal_82d54094407f,2025-12-25 20:20:27,2025-12-25,Quinta,5,20,loja_fisica,prd_b7490508211e,Vestido Floral,Moda,Apple,BASICO,True,cus_a9747473c5c6,Ana Lívia Aparecida,AL,Nordeste,REGULAR,2,198.00,396.00,False
sal_a55d15da0935,2025-12-28 12:45:30,2025-12-28,Domingo,1,12,ecommerce,prd_334f4a32f979,Persiana Vertical,Casa,Motorola,BASICO,True,cus_8fa04d3a5837,Rafael Porto,RS,Sul,TOP_TIER,3,384.27,1152.81,False
sal_230cbc060fd0,2026-01-06 18:51:24,2026-01-06,Terça,3,18,ecommerce,prd_334f4a32f979,Persiana Vertical,Casa,Motorola,BASICO,True,cus_13af118ef4e8,Sarah Teixeira,AM,Norte,TOP_TIER,1,364.05,364.05,False
sal_fd2a7255a06b,2025-12-19 16:37:00,2025-12-19,Sexta,6,16,ecommerce,prd_2cbafff50c72,Sabonete Facial,Beleza,Nike,BASICO,True,cus_a8f8e01eaee8,Elisa Martins,ES,Sudeste,REGULAR,1,90.81,90.81,False
sal_fbe6f7ffcd83,2025-12-28 21:56:13,2025-12-28,Domingo,1,21,ecommerce,prd_d92ad43fa137,Smart TV 43 Polegadas,Eletrônicos,Philips,BASICO,True,cus_f1a06ae11717,Gustavo Henrique Rios,AM,Norte,TOP_TIER,3,56.87,170.61,False
sal_15e1087d524b,2026-01-07 17:47:05,2026-01-07,Quarta,4,17,ecommerce,prd_84fc6c2a33f2,Abre-latas,Cozinha,Sony,BASICO,True,cus_f50da5532735,João Gabriel Porto,MG,Sudeste,TOP_TIER,3,374.20,1122.60,False
sal_b1ad3fa0f173,2026-01-09 22:25:44,2026-01-09,Sexta,6,22,loja_fisica,prd_7f61cfa619e3,Produto não cadastrado,Não cadastrado,Não cadastrado,,False,cus_3580317ddeab,Bella Borges,AM,Norte,VIP,1,87.90,87.90,False
sal_d512e18e94e6,2025-12-30 10:08:15,2025-12-30,Terça,3,10,loja_fisica,prd_30518d908a92,Cinto de Couro,Acessórios,Asus,BASICO,True,cus_fa3a88d1ccef,Benício Gomes,AL,Nordeste,VIP,1,80.99,80.99,False
sal_97e6255cf3fe,2025-12-15 09:08:40,2025-12-15,Segunda,2,9,ecommerce,prd_11bf1703f8e9,Caixa de Som Portátil,Áudio,O Boticário,BASICO,True,cus_c9cd13d1ae9f,Yasmin Siqueira,PA,Norte,VIP,1,40.80,40.80,False
sal_bd52d079e7fb,2025-12-14 21:44:15,2025-12-14,Domingo,1,21,ecommerce,prd_f063f46a7ef8,Fone de Ouvido Esportivo,Áudio,Consul,PREMIUM,True,cus_d36c11b261a6,Cauã Rocha,MA,Nordeste,REGULAR,1,1428.99,1428.99,False
sal_0cf9302b7902,2026-01-06 11:50:18,2026-01-06,Terça,3,11,ecommerce,prd_afd58e5fd09d,Condicionador Hidratante,Beleza,Asus,BASICO,True,cus_13af118ef4e8,Sarah Teixeira,AM,Norte,TOP_TIER,2,451.90,903.80,False
sal_919998fe0c07,2026-01-02 13:18:55,2026-01-02,Sexta,6,13,loja_fisica,prd_205f309c1a21,Tapete Persa,Casa,Sony,BASICO,True,cus_639110db69ed,João Vitor Barros,AP,Norte,REGULAR,1,31.49,31.49,False
sal_841324fb6e55,2025-12-18 19:39:56,2025-12-18,Quinta,5,19,ecommerce,prd_28cd8ab86936,Porta-moedas,Acessórios,Xiaomi,BASICO,True,cus_36595eecf105,Bruno Novaes,PA,Norte,REGULAR,3,226.00,678.00,False
sal_f25036be26ed,2025-12-21 17:54:05,2025-12-21,Domingo,1,17,ecommerce,prd_4ee65ed59110,Frigideira Antiaderente,Cozinha,Philips,BASICO,True,cus_911b23c97589,Heitor Nunes,MS,Centro-Oeste,REGULAR,1,39.80,39.80,False
sal_27103ad60dcf,2025-12-24 15:58:05,2025-12-24,Quarta,4,15,ecommerce,prd_4ee65ed59110,Frigideira Antiaderente,Cozinha,Philips,BASICO,True,cus_cf84750c1fb4,Alana Teixeira,MA,Nordeste,TOP_TIER,1,41.90,41.90,False
sal_b49eb7b8c179,2026-01-01 08:28:36,2026-01-01,Quinta,5,8,ecommerce,prd_6343e70ed4b9,Sérum Vitamina C,Beleza,Xiaomi,BASICO,True,cus_78ab1cf16e12,Beatriz Garcia,SE,Nordeste,TOP_TIER,1,129.20,129.20,False
sal_7d18a067447b,2026-01-01 22:10:45,2026-01-01,Quinta,5,22,ecommerce,prd_8b22fd85d500,Garrafa Térmica 1L,Cozinha,Sony,BASICO,True,cus_66677d443e5e,Cecília Da Luz,AC,Norte,TOP_TIER,1,292.49,292.49,False
sal_ec5303f7942e,2026-01-07 22:54:40,2026-01-07,Quarta,4,22,ecommerce,prd_f7ed5522d23e,Macacão Feminino,Moda,Samsung,BASICO,True,cus_c8d383cfde0c,Maria Cecília Oliveira,AM,Norte,TOP_TIER,2,230.75,461.50,False
sal_f4c9c99e6aeb,2025-12-14 14:25:08,2025-12-14,Domingo,1,14,ecommerce,prd_30518d908a92,Cinto de Couro,Acessórios,Asus,BASICO,True,cus_7262f4e5ce9f,Sophia Monteiro,SP,Sudeste,TOP_TIER,1,68.84,68.84,False
sal_8f32949e23e3,2025-12-22 00:05:41,2025-12-22,Segunda,2,0,ecommerce,prd_f7ed5522d23e,Macacão Feminino,Moda,Samsung,BASICO,True,cus_71308b76151a,Amanda Sousa,MS,Centro-Oeste,TOP_TIER,2,230.75,461.50,False
sal_9db912073b76,2026-01-01 10:47:57,2026-01-01,Quinta,5,10,ecommerce,prd_90725b7ac0e8,Espelho de Parede,Casa,Adidas,BASICO,True,cus_25d1cb23f872,Melissa Pastor,AC,Norte,VIP,1,78.99,78.99,False
sal_178a7791f6fa,2026-01-11 10:04:32,2026-01-11,Domingo,1,10,ecommerce,prd_2293732b7542,Cortina Blackout,Casa,Xiaomi,BASICO,True,cus_418af67b6b28,Miguel Ramos,TO,Norte,REGULAR,1,68.90,68.90,False
sal_743798ce90c3,2026-01-03 15:36:15,2026-01-03,Sábado,7,15,loja_fisica,prd_5744e3f88341,Jarra de Vidro,Cozinha,Apple,BASICO,True,cus_c3944101594c,Murilo Da Mata,RR,Norte,VIP,1,163.97,163.97,False
sal_026b326b8651,2025-12-20 15:40:28,2025-12-20,Sábado,7,15,ecommerce,prd_4ee65ed59110,Frigideira Antiaderente,Cozinha,Philips,BASICO,True,cus_ec8d75866856,Luan Vargas,RS,Sul,TOP_TIER,1,41.90,41.90,False
sal_2e31d91c1cd1,2026-01-05 20:03:07,2026-01-05,Segunda,2,20,ecommerce,prd_4e1abbd002eb,Mochila Esportiva,Esporte,Samsung,BASICO,True,cus_a2e18141f826,Ísis Leão,CE,Nordeste,REGULAR,1,44.90,44.90,False
sal_acdeec681b18,2025-12-21 16:59:36,2025-12-21,Domingo,1,16,ecommerce,prd_51511e44c92a,Kit Gamer Completo,Games,Mondial,BASICO,True,cus_f1eccf8e0d99,Luiz Miguel Câmara,GO,Centro-Oeste,REGULAR,1,80.01,80.01,False
sal_9f98abd276e9,2025-12-28 22:58:56,2025-12-28,Domingo,1,22,ecommerce,prd_686e2aab873d,Blusa de Frio,Moda,Philips,BASICO,True,cus_c3944101594c,Murilo Da Mata,RR,Norte,VIP,1,89.50,89.50,False
sal_d6b9da33b465,2026-01-07 20:07:35,2026-01-07,Quarta,4,20,ecommerce,prd_d92ad43fa137,Smart TV 43 Polegadas,Eletrônicos,Philips,BASICO,True,cus_df9e0b31fa20,Yuri Albuquerque,SE,Nordeste,REGULAR,1,60.21,60.21,False
sal_f699d7f9a90b,2026-01-07 12:21:44,2026-01-07,Quarta,4,12,loja_fisica,prd_8b22fd85d500,Garrafa Térmica 1L,Cozinha,Sony,BASICO,True,cus_25d1cb23f872,Melissa Pastor,AC,Norte,VIP,1,324.99,324.99,False
sal_dc1a7e145f61,2026-01-05 13:05:34,2026-01-05,Segunda,2,13,loja_fisica,prd_289cf61bbd5e,Porta-moedas,Acessórios,Consul,BASICO,True,cus_b0026583b709,Mariane Pacheco,MT,Centro-Oeste,VIP,1,100.50,100.50,False
sal_780136fc18f1,2025-12-29 10:59:02,2025-12-29,Segunda,2,10,ecommerce,prd_ae7b2acb6812,Cinto de Couro,Acessórios,Samsung,PREMIUM,True,cus_66677d443e5e,Cecília Da Luz,AC,Norte,TOP_TIER,1,1108.90,1108.90,False
sal_83c395dfe89d,2025-12-25 16:20:10,2025-12-25,Quinta,5,16,ecommerce,prd_d500fa66507e,Shorts Jeans,Moda,Electrolux,BASICO,True,cus_cf84750c1fb4,Alana Teixeira,MA,Nordeste,TOP_TIER,1,365.74,365.74,False
sal_a600872bceee,2025-12-26 12:22:29,2025-12-26,Sexta,6,12,ecommerce,prd_951e09f3ecb1,Chaveiro Personalizado,Acessórios,LG,BASICO,True,cus_1a38731e1fbe,Otávio Fernandes,ES,Sudeste,TOP_TIER,1,48.99,48.99,False
sal_0c797e9282e8,2025-12-20 00:44:27,2025-12-20,Sábado,7,0,ecommerce,prd_ff56c9132964,Regata Básica,Moda,Xiaomi,BASICO,True,cus_4209c24e0be2,Maya Castro,TO,Norte,REGULAR,1,213.99,213.99,False
sal_84309512a4d0,2025-12-13 21:16:48,2025-12-13,Sábado,7,21,ecommerce,prd_4e1abbd002eb,Mochila Esportiva,Esporte,Samsung,BASICO,True,cus_884be6e0ce9a,Emanuel Vieira,PA,Norte,REGULAR,1,44.90,44.90,False
sal_9bf4ebc64a3b,2025-12-20 16:04:37,2025-12-20,Sábado,7,16,ecommerce,prd_38c1b898aecc,Microfone para Stream,Games,Samsung,BASICO,True,cus_25c656241a9a,Amanda Novais,GO,Centro-Oeste,TOP_TIER,1,140.90,140.90,False
sal_7b0a185e205b,2025-12-25 15:46:10,2025-12-25,Quinta,5,15,ecommerce,prd_6343e70ed4b9,Sérum Vitamina C,Beleza,Xiaomi,BASICO,True,cus_a9747473c5c6,Ana Lívia Aparecida,AL,Nordeste,REGULAR,1,152.00,152.00,False
sal_4271fc9cdb8c,2026-01-05 22:03:16,2026-01-05,Segunda,2,22,loja_fisica,prd_c62100cc281c,Webcam para Stream,Games,Samsung,BASICO,True,cus_b42a15933072,Heitor Rezende,PE,Nordeste,TOP_TIER,2,48.90,97.80,False
sal_ab722dc5c935,2026-01-08 14:59:21,2026-01-08,Quinta,5,14,ecommerce,prd_b7490508211e,Vestido Floral,Moda,Apple,BASICO,True,cus_fa3a88d1ccef,Benício Gomes,AL,Nordeste,VIP,2,198.00,396.00,False
sal_5bf947394dc6,2025-12-13 00:26:19,2025-12-13,Sábado,7,0,ecommerce,prd_c62100cc281c,Webcam para Stream,Games,Samsung,BASICO,True,cus_eae005fd3470,Calebe Fogaça,TO,Norte,TOP_TIER,2,48.90,97.80,False
sal_7e0ff3fb846e,2025-12-23 20:27:33,2025-12-23,Terça,3,20,ecommerce,prd_0347eab01a6c,Memória RAM 8GB,Informática,Mondial,MEDIO,True,cus_eae005fd3470,Calebe Fogaça,TO,Norte,TOP_TIER,1,626.00,626.00,False
sal_e28040507030,2025-12-24 14:03:36,2025-12-24,Quarta,4,14,loja_fisica,prd_faf3fd1a4155,Cinto de Couro,Acessórios,Dell,BASICO,True,cus_884be6e0ce9a,Emanuel Vieira,PA,Norte,REGULAR,5,97.75,488.75,False
sal_47a49bff735c,2026-01-02 20:25:27,2026-01-02,Sexta,6,20,loja_fisica,prd_afd58e5fd09d,Condicionador Hidratante,Beleza,Asus,BASICO,True,cus_911b23c97589,Heitor Nunes,MS,Centro-Oeste,REGULAR,1,451.90,451.90,False
sal_01d7afc35358,2025-12-30 22:59:15,2025-12-30,Terça,3,22,loja_fisica,prd_9f5272275347,Marcador de Texto,Acessórios,Sony,BASICO,True,cus_cf84750c1fb4,Alana Teixeira,MA,Nordeste,TOP_TIER,1,56.52,56.52,False
sal_fcee45b45eda,2025-12-17 09:01:48,2025-12-17,Quarta,4,9,ecommerce,prd_56e08463d21c,Tapete Persa,Casa,Brastemp,BASICO,True,cus_13af118ef4e8,Sarah Teixeira,AM,Norte,TOP_TIER,1,212.70,212.70,False
sal_5796fa6c6d1b,2025-12-31 01:53:48,2025-12-31,Quarta,4,1,ecommerce,prd_045813f96891,Cardigan de Lã,Moda,LG,BASICO,True,cus_78ab1cf16e12,Beatriz Garcia,SE,Nordeste,TOP_TIER,2,121.54,243.08,False
sal_d672fd0bbb40,2025-12-31 11:21:32,2025-12-31,Quarta,4,11,loja_fisica,prd_82cd17cb589d,Persiana Vertical,Casa,Dell,BASICO,True,cus_644bf6820c61,Heloísa Andrade,PR,Sul,REGULAR,2,38.16,76.32,False
sal_5367dce0f674,2026-01-01 19:04:26,2026-01-01,Quinta,5,19,ecommerce,prd_996db03524ae,Elástico de Resistência,Esporte,Sony,BASICO,True,cus_96658dc10aa5,Agatha Silveira,PA,Norte,TOP_TIER,1,111.51,111.51,False
sal_cc93b3387269,2026-01-03 14:30:08,2026-01-03,Sábado,7,14,loja_fisica,prd_7edb1c123c6a,Produto não cadastrado,Não cadastrado,Não cadastrado,,False,cus_25d1cb23f872,Melissa Pastor,AC,Norte,VIP,1,172.90,172.90,False
sal_30534d33db9d,2026-01-03 20:39:29,2026-01-03,Sábado,7,20,ecommerce,prd_5a6fd66e1c00,Vestido Casual,Moda,Philips,BASICO,True,cus_a01814ad9247,Ana Beatriz Alves,SP,Sudeste,TOP_TIER,1,112.90,112.90,False
sal_6244dde4ef27,2026-01-01 18:23:23,2026-01-01,Quinta,5,18,loja_fisica,prd_2cbafff50c72,Sabonete Facial,Beleza,Nike,BASICO,True,cus_d2762f5968fe,Aurora Pastor,SE,Nordeste,REGULAR,2,100.90,201.80,False
sal_102f2075d0d4,2025-12-28 15:23:07,2025-12-28,Domingo,1,15,ecommerce,prd_a4025bac91a7,Óculos de Sol,Acessórios,Xiaomi,BASICO,True,cus_a01814ad9247,Ana Beatriz Alves,SP,Sudeste,TOP_TIER,2,52.90,105.80,False
sal_6c09f499eaef,2026-01-01 10:34:27,2026-01-01,Quinta,5,10,ecommerce,prd_645f7859f379,Calça Jeans Skinny,Moda,Asus,BASICO,True,cus_0914bdf6e1fe,Isabelly Câmara,MT,Centro-Oeste,REGULAR,1,535.59,535.59,False
sal_fb545a5f31c0,2026-01-04 13:26:16,2026-01-04,Domingo,1,13,ecommerce,prd_b7490508211e,Vestido Floral,Moda,Apple,BASICO,True,cus_f1eccf8e0d99,Luiz Miguel Câmara,GO,Centro-Oeste,REGULAR,2,198.00,396.00,False
sal_71fe92dd1f81,2026-01-04 19:49:07,2026-01-04,Domingo,1,19,ecommerce,prd_abc44b46bee1,Sabonete Facial,Beleza,Asus,BASICO,True,cus_f64907d41a69,Henrique Da Conceição,DF,Centro-Oeste,VIP,1,142.41,142.41,False
sal_b48838d80355,2025-12-15 22:53:06,2025-12-15,Segunda,2,22,loja_fisica,prd_6f0a4eefed22,Faqueiro Inox 12 Peças,Cozinha,Apple,BASICO,True,cus_1a38731e1fbe,Otávio Fernandes,ES,Sudeste,TOP_TIER,2,39.99,79.98,False
sal_0e67d31193ae,2026-01-05 16:12:56,2026-01-05,Segunda,2,16,ecommerce,prd_052f1c397fc6,Carteira de Couro,Acessórios,Philips,BASICO,True,cus_25d1cb23f872,Melissa Pastor,AC,Norte,VIP,1,66.99,66.99,False
sal_3bc60dad6dbd,2025-12-29 19:29:30,2025-12-29,Segunda,2,19,loja_fisica,prd_d500fa66507e,Shorts Jeans,Moda,Electrolux,BASICO,True,cus_4e62d52db97a,Josué Souza,RJ,Sudeste,VIP,1,384.99,384.99,False
sal_adfe49d93e93,2026-01-11 09:22:47,2026-01-11,Domingo,1,9,loja_fisica,prd_045813f96891,Cardigan de Lã,Moda,LG,BASICO,True,cus_c9cd13d1ae9f,Yasmin Siqueira,PA,Norte,VIP,1,142.99,142.99,False
sal_009514411263,2026-01-03 21:10:07,2026-01-03,Sábado,7,21,ecommerce,prd_5744e3f88341,Jarra de Vidro,Cozinha,Apple,BASICO,True,cus_884be6e0ce9a,Emanuel Vieira,PA,Norte,REGULAR,1,192.90,192.90,False
sal_6e9f02dfc44f,2025-12-27 22:41:55,2025-12-27,Sábado,7,22,ecommerce,prd_23664e42a71c,Jogo de Toalhas,Casa,Xiaomi,BASICO,True,cus_b0026583b709,Mariane Pacheco,MT,Centro-Oeste,VIP,1,98.91,98.91,False
sal_b0fc86923d4c,2026-01-08 18:18:17,2026-01-08,Quinta,5,18,ecommerce,prd_6eca734f2e84,Edredom Casal,Casa,Electrolux,BASICO,True,cus_508a15ccf0fa,Zoe Campos,MT,Centro-Oeste,TOP_TIER,3,227.99,683.97,False
sal_1bb69875affd,2025-12-15 20:06:26,2025-12-15,Segunda,2,20,ecommerce,prd_f063f46a7ef8,Fone de Ouvido Esportivo,Áudio,Consul,PREMIUM,True,cus_6ff11137142d,Vitor Gabriel Sá,TO,Norte,TOP_TIER,1,1357.54,1357.54,False
sal_5310c1485e66,2025-12-20 09:55:25,2025-12-20,Sábado,7,9,ecommerce,prd_9a3dfc23b7a3,Relógio Analógico,Acessórios,Mondial,BASICO,True,cus_8ad3c8745efb,Eduardo Cunha,AC,Norte,TOP_TIER,1,100.22,100.22,False
sal_872376b9efd5,2025-12-19 17:01:28,2025-12-19,Sexta,6,17,loja_fisica,prd_2293732b7542,Cortina Blackout,Casa,Xiaomi,BASICO,True,cus_a2e18141f826,Ísis Leão,CE,Nordeste,REGULAR,3,68.90,206.70,False
sal_c6f5d109f4ca,2025-12-24 23:35:22,2025-12-24,Quarta,4,23,ecommerce,prd_0c5fb549e1c2,Edredom Casal,Casa,Dell,BASICO,True,cus_a01814ad9247,Ana Beatriz Alves,SP,Sudeste,TOP_TIER,1,266.31,266.31,False
sal_f95f718a9d76,2025-12-26 14:17:14,2025-12-26,Sexta,6,14,ecommerce,prd_51511e44c92a,Kit Gamer Completo,Games,Mondial,BASICO,True,cus_cf84750c1fb4,Alana Teixeira,MA,Nordeste,TOP_TIER,1,75.56,75.56,False
sal_577b09ea84e0,2025-12-29 19:53:10,2025-12-29,Segunda,2,19,ecommerce,prd_686e2aab873d,Blusa de Frio,Moda,Philips,BASICO,True,cus_f1a06ae11717,Gustavo Henrique Rios,AM,Norte,TOP_TIER,2,89.50,179.00,False
sal_3ebbc2d0f194,2025-12-24 12:28:20,2025-12-24,Quarta,4,12,ecommerce,prd_84a009f1889d,Cortina Box,Casa,Consul,BASICO,True,cus_0ff4cceccc6f,João Aparecida,CE,Nordeste,TOP_TIER,2,32.90,65.80,False
sal_e6e9479acf2c,2025-12-28 16:57:30,2025-12-28,Domingo,1,16,ecommerce,prd_9239eec8982d,HD Externo 2TB,Informática,Arno,BASICO,True,cus_b42a15933072,Heitor Rezende,PE,Nordeste,TOP_TIER,1,51.99,51.99,False
sal_308b021d6b34,2026-01-02 20:45:52,2026-01-02,Sexta,6,20,loja_fisica,prd_eda682ecfacb,Organizador de Gaveta,Casa,Electrolux,BASICO,True,cus_418af67b6b28,Miguel Ramos,TO,Norte,REGULAR,1,188.10,188.10,False
sal_dd24406e46f8,2025-12-27 21:45:09,2025-12-27,Sábado,7,21,ecommerce,prd_6ae727ee4463,Placa Mãe B450,Informática,Xiaomi,BASICO,True,cus_a9747473c5c6,Ana Lívia Aparecida,AL,Nordeste,REGULAR,1,74.00,74.00,False
sal_656abfb23417,2026-01-02 13:02:01,2026-01-02,Sexta,6,13,ecommerce,prd_9239eec8982d,HD Externo 2TB,Informática,Arno,BASICO,True,cus_78ab1cf16e12,Beatriz Garcia,SE,Nordeste,TOP_TIER,1,51.99,51.99,False
sal_f76321410b6e,2025-12-22 08:47:50,2025-12-22,Segunda,2,8,ecommerce,prd_b4a98acf1a5f,Cardigan de Lã,Moda,LG,BASICO,True,cus_3580317ddeab,Bella Borges,AM,Norte,VIP,2,35.90,71.80,True
sal_7f8acf0042d7,2025-12-25 17:31:29,2025-12-25,Quinta,5,17,ecommerce,prd_7af81d9a08ba,Controle PlayStation,Games,O Boticário,BASICO,True,cus_ec8d75866856,Luan Vargas,RS,Sul,TOP_TIER,2,44.99,89.98,False
sal_0f34c5fc5131,2025-12-25 13:57:57,2025-12-25,Quinta,5,13,ecommerce,prd_92c0ecf60a58,Jogo de Toalhas,Casa,Brastemp,BASICO,True,cus_3580317ddeab,Bella Borges,AM,Norte,VIP,3,171.85,515.55,False
sal_b11a9c1d36fb,2026-01-10 16:51:51,2026-01-10,Sábado,7,16,ecommerce,prd_40dc70ce05b2,Assadeira de Vidro,Cozinha,Lenovo,PREMIUM,True,cus_d2762f5968fe,Aurora Pastor,SE,Nordeste,REGULAR,2,1310.50,2621.00,False
sal_763524f1b332,2026-01-03 09:35:51,2026-01-03,Sábado,7,9,loja_fisica,prd_38c1b898aecc,Microfone para Stream,Games,Samsung,BASICO,True,cus_13af118ef4e8,Sarah Teixeira,AM,Norte,TOP_TIER,1,140.90,140.90,False
sal_08bfb1c6b2af,2025-12-17 17:22:35,2025-12-17,Quarta,4,17,loja_fisica,prd_8924837a2a70,Produto não cadastrado,Não cadastrado,Não cadastrado,,False,cus_71308b76151a,Amanda Sousa,MS,Centro-Oeste,TOP_TIER,2,436.90,873.80,False
sal_8d2b01c183fe,2025-12-13 20:46:03,2025-12-13,Sábado,7,20,ecommerce,prd_045813f96891,Cardigan de Lã,Moda,LG,BASICO,True,cus_644bf6820c61,Heloísa Andrade,PR,Sul,REGULAR,1,128.69,128.69,False
sal_95dbbb4ad87a,2025-12-18 18:15:11,2025-12-18,Quinta,5,18,ecommerce,prd_84a009f1889d,Cortina Box,Casa,Consul,BASICO,True,cus_c3944101594c,Murilo Da Mata,RR,Norte,VIP,1,36.19,36.19,False
sal_f232c2bf58a3,2025-12-27 17:42:57,2025-12-27,Sábado,7,17,ecommerce,prd_c62100cc281c,Webcam para Stream,Games,Samsung,BASICO,True,cus_a9747473c5c6,Ana Lívia Aparecida,AL,Nordeste,REGULAR,2,48.90,97.80,False
sal_b2a65db20850,2026-01-07 17:23:32,2026-01-07,Quarta,4,17,ecommerce,prd_9259039bf9b2,Tábua de Corte,Cozinha,Sony,BASICO,True,cus_13af118ef4e8,Sarah Teixeira,AM,Norte,TOP_TIER,1,216.89,216.89,False
sal_3768143de98f,2026-01-07 08:20:05,2026-01-07,Quarta,4,8,ecommerce,prd_a4025bac91a7,Óculos de Sol,Acessórios,Xiaomi,BASICO,True,cus_9d2dd4770a79,Luigi Camargo,GO,Centro-Oeste,TOP_TIER,1,52.90,52.90,False
sal_9a3ab5eab6b2,2026-01-02 00:13:56,2026-01-02,Sexta,6,0,ecommerce,prd_2293732b7542,Cortina Blackout,Casa,Xiaomi,BASICO,True,cus_71308b76151a,Amanda Sousa,MS,Centro-Oeste,TOP_TIER,1,68.90,68.90,False
sal_8edf9ce11d1f,2025-12-15 21:31:50,2025-12-15,Segunda,2,21,loja_fisica,prd_9239eec8982d,HD Externo 2TB,Informática,Arno,BASICO,True,cus_ec8d75866856,Luan Vargas,RS,Sul,TOP_TIER,1,51.99,51.99,False
sal_1ef8ab192816,2025-12-13 15:42:07,2025-12-13,Sábado,7,15,ecommerce,prd_23664e42a71c,Jogo de Toalhas,Casa,Xiaomi,BASICO,True,cus_f1a06ae11717,Gustavo Henrique Rios,AM,Norte,TOP_TIER,3,93.42,280.26,False
sal_8e79fd233964,2025-12-21 16:23:28,2025-12-21,Domingo,1,16,ecommerce,prd_ebdebaf4cd37,Edredom Casal,Casa,Xiaomi,BASICO,True,cus_c3944101594c,Murilo Da Mata,RR,Norte,VIP,1,39.90,39.90,False
sal_0b5e9ba686db,2025-12-24 18:33:46,2025-12-24,Quarta,4,18,ecommerce,prd_eea07161e6c8,Brincos de Prata,Acessórios,Electrolux,BASICO,True,cus_884be6e0ce9a,Emanuel Vieira,PA,Norte,REGULAR,1,48.99,48.99,False
sal_0c53a38c4f02,2025-12-17 10:50:55,2025-12-17,Quarta,4,10,ecommerce,prd_82cd17cb589d,Persiana Vertical,Casa,Dell,BASICO,True,cus_df9e0b31fa20,Yuri Albuquerque,SE,Nordeste,REGULAR,1,44.90,44.90,False
sal_e01297f2cd1e,2025-12-13 08:33:28,2025-12-13,Sábado,7,8,loja_fisica,prd_9239eec8982d,HD Externo 2TB,Informática,Arno,BASICO,True,cus_a8f8e01eaee8,Elisa Martins,ES,Sudeste,REGULAR,1,46.79,46.79,False
sal_1d92280317a4,2025-12-15 18:47:02,2025-12-15,Segunda,2,18,loja_fisica,prd_08611917c0ae,Relógio de Parede,Casa,Adidas,BASICO,True,cus_644bf6820c61,Heloísa Andrade,PR,Sul,REGULAR,1,95.39,95.39,False
sal_141cf26a85e3,2025-12-31 15:31:30,2025-12-31,Quarta,4,15,loja_fisica,prd_a4025bac91a7,Óculos de Sol,Acessórios,Xiaomi,BASICO,True,cus_ec8d75866856,Luan Vargas,RS,Sul,TOP_TIER,2,52.90,105.80,False
sal_2c4f99b3bdf9,2025-12-20 12:38:00,2025-12-20,Sábado,7,12,ecommerce,prd_8b22fd85d500,Garrafa Térmica 1L,Cozinha,Sony,BASICO,True,cus_d36c11b261a6,Cauã Rocha,MA,Nordeste,REGULAR,1,276.24,276.24,False
sal_942f28088603,2026-01-10 16:50:43,2026-01-10,Sábado,7,16,ecommerce,prd_dfac11815029,Microfone para Stream,Games,Apple,BASICO,True,cus_66677d443e5e,Cecília Da Luz,AC,Norte,TOP_TIER,4,189.00,756.00,False
sal_f4dad3d699f2,2025-12-13 10:07:11,2025-12-13,Sábado,7,10,ecommerce,prd_b7490508211e,Vestido Floral,Moda,Apple,BASICO,True,cus_a9747473c5c6,Ana Lívia Aparecida,AL,Nordeste,REGULAR,1,209.00,209.00,False
sal_62743e844f64,2025-12-27 08:00:07,2025-12-27,Sábado,7,8,ecommerce,prd_31b74a170d35,Saia Midi,Moda,Consul,BASICO,True,cus_36595eecf105,Bruno Novaes,PA,Norte,REGULAR,1,72.90,72.90,False
sal_20069724707d,2025-12-29 19:49:42,2025-12-29,Segunda,2,19,loja_fisica,prd_faf3fd1a4155,Cinto de Couro,Acessórios,Dell,BASICO,True,cus_66677d443e5e,Cecília Da Luz,AC,Norte,TOP_TIER,1,102.90,102.90,False
sal_d12348680988,2026-01-05 16:01:00,2026-01-05,Segunda,2,16,loja_fisica,prd_23664e42a71c,Jogo de Toalhas,Casa,Xiaomi,BASICO,True,cus_ec8d75866856,Luan Vargas,RS,Sul,TOP_TIER,1,109.90,109.90,False
sal_c76dab155d08,2026-01-10 00:53:06,2026-01-10,Sábado,7,0,loja_fisica,prd_82cd17cb589d,Persiana Vertical,Casa,Dell,BASICO,True,cus_25d1cb23f872,Melissa Pastor,AC,Norte,VIP,2,44.90,89.80,False
sal_9f16b382923a,2026-01-02 11:39:39,2026-01-02,Sexta,6,11,ecommerce,prd_3dd1d39581ca,Halteres Ajustáveis,Esporte,Asus,BASICO,True,cus_c8d383cfde0c,Maria Cecília Oliveira,AM,Norte,TOP_TIER,2,52.99,105.98,False
sal_40dacd2582b8,2025-12-18 14:56:05,2025-12-18,Quinta,5,14,loja_fisica,prd_032c166122f7,Controle Xbox,Games,Xiaomi,BASICO,True,cus_639110db69ed,João Vitor Barros,AP,Norte,REGULAR,1,208.91,208.91,False
sal_005bc9fdc7ea,2025-12-28 10:53:19,2025-12-28,Domingo,1,10,ecommerce,prd_76ede0cece8f,Óculos de Natação,Esporte,Lenovo,BASICO,True,cus_f64907d41a69,Henrique Da Conceição,DF,Centro-Oeste,VIP,1,58.00,58.00,False
sal_f015a8624fd6,2025-12-22 10:45:20,2025-12-22,Segunda,2,10,loja_fisica,prd_ef1a185da3aa,Produto não cadastrado,Não cadastrado,Não cadastrado,,False,cus_ec8d75866856,Luan Vargas,RS,Sul,TOP_TIER,1,105.21,105.21,False
sal_13078a7fe3c8,2025-12-13 19:58:58,2025-12-13,Sábado,7,19,ecommerce,prd_0347eab01a6c,Memória RAM 8GB,Informática,Mondial,MEDIO,True,cus_25d1cb23f872,Melissa Pastor,AC,Norte,VIP,3,688.60,2065.80,False
sal_9193120a7fa3,2025-12-17 16:18:49,2025-12-17,Quarta,4,16,ecommerce,prd_2cbafff50c72,Sabonete Facial,Beleza,Nike,BASICO,True,cus_c8d383cfde0c,Maria Cecília Oliveira,AM,Norte,TOP_TIER,1,90.81,90.81,False
sal_88fa8a2b29d0,2025-12-31 16:17:05,2025-12-31,Quarta,4,16,loja_fisica,prd_51511e44c92a,Kit Gamer Completo,Games,Mondial,BASICO,True,cus_c3944101594c,Murilo Da Mata,RR,Norte,VIP,1,88.90,88.90,False
sal_5c653b808015,2025-12-17 09:30:09,2025-12-17,Quarta,4,9,ecommerce,prd_1091c2cfe1e9,Edredom Casal,Casa,Sony,BASICO,True,cus_911b23c97589,Heitor Nunes,MS,Centro-Oeste,REGULAR,1,383.31,383.31,False
sal_24e355c38e90,2025-12-19 18:07:31,2025-12-19,Sexta,6,18,ecommerce,prd_08fc82e8b75d,Persiana Vertical,Casa,Acer,BASICO,True,cus_911b23c97589,Heitor Nunes,MS,Centro-Oeste,REGULAR,1,137.90,137.90,False
sal_da6c8d016d61,2025-12-22 13:06:21,2025-12-22,Segunda,2,13,ecommerce,prd_2cbafff50c72,Sabonete Facial,Beleza,Nike,BASICO,True,cus_1a38731e1fbe,Otávio Fernandes,ES,Sudeste,TOP_TIER,2,90.81,181.62,False
sal_455b98da66d8,2025-12-28 14:21:11,2025-12-28,Domingo,1,14,ecommerce,prd_6d4e3b1efd0c,Necessaire,Acessórios,Xiaomi,PREMIUM,True,cus_f50da5532735,João Gabriel Porto,MG,Sudeste,TOP_TIER,1,1082.99,1082.99,False
sal_8800aa944ce6,2026-01-11 18:35:56,2026-01-11,Domingo,1,18,loja_fisica,prd_a479149bae3b,Edredom Casal,Casa,Electrolux,BASICO,True,cus_a2e18141f826,Ísis Leão,CE,Nordeste,REGULAR,1,87.99,87.99,False
sal_9d5a3d12d105,2026-01-07 14:44:21,2026-01-07,Quarta,4,14,ecommerce,prd_2293732b7542,Cortina Blackout,Casa,Xiaomi,BASICO,True,cus_6ff11137142d,Vitor Gabriel Sá,TO,Norte,TOP_TIER,2,68.90,137.80,False
sal_9c4828f9847c,2026-01-05 18:01:26,2026-01-05,Segunda,2,18,ecommerce,prd_045813f96891,Cardigan de Lã,Moda,LG,BASICO,True,cus_639110db69ed,João Vitor Barros,AP,Norte,REGULAR,1,128.69,128.69,False
sal_7981faa0e51b,2025-12-21 13:33:45,2025-12-21,Domingo,1,13,ecommerce,prd_3dd1d39581ca,Halteres Ajustáveis,Esporte,Asus,BASICO,True,cus_df9e0b31fa20,Yuri Albuquerque,SE,Nordeste,REGULAR,2,45.04,90.08,False
sal_6e15e110e111,2025-12-15 00:07:42,2025-12-15,Segunda,2,0,ecommerce,prd_686e2aab873d,Blusa de Frio,Moda,Philips,BASICO,True,cus_c8d383cfde0c,Maria Cecília Oliveira,AM,Norte,TOP_TIER,3,89.50,268.50,False
sal_986591621d3b,2026-01-11 09:18:05,2026-01-11,Domingo,1,9,ecommerce,prd_bf5d8671f7a9,Placa Mãe B450,Informática,Brastemp,BASICO,True,cus_13af118ef4e8,Sarah Teixeira,AM,Norte,TOP_TIER,1,119.90,119.90,False
sal_1cf223eeb8ae,2025-12-14 21:04:23,2025-12-14,Domingo,1,21,ecommerce,prd_c1f6dcbed826,Descascador de Legumes,Cozinha,Adidas,BASICO,True,cus_4e62d52db97a,Josué Souza,RJ,Sudeste,VIP,1,192.90,192.90,False
sal_b8b72b0d72c0,2025-12-13 11:32:02,2025-12-13,Sábado,7,11,ecommerce,prd_334f4a32f979,Persiana Vertical,Casa,Motorola,BASICO,True,cus_d36c11b261a6,Cauã Rocha,MA,Nordeste,REGULAR,1,404.50,404.50,False
sal_354a0776d57d,2025-12-30 16:52:51,2025-12-30,Terça,3,16,ecommerce,prd_645f7859f379,Calça Jeans Skinny,Moda,Asus,BASICO,True,cus_6ff11137142d,Vitor Gabriel Sá,TO,Norte,TOP_TIER,1,486.90,486.90,False
sal_83ffad3c0fe9,2026-01-11 18:21:09,2026-01-11,Domingo,1,18,ecommerce,prd_9239eec8982d,HD Externo 2TB,Informática,Arno,BASICO,True,cus_d2762f5968fe,Aurora Pastor,SE,Nordeste,REGULAR,3,51.99,155.97,False
sal_69d62340186a,2025-12-24 21:42:31,2025-12-24,Quarta,4,21,ecommerce,prd_55776d3e5c2a,Garrafa Esportiva,Esporte,Adidas,BASICO,True,cus_2b1b3e2a1515,Ana Sophia Pereira,MG,Sudeste,VIP,1,183.90,183.90,False
sal_08b61191dc0f,2025-12-22 08:38:48,2025-12-22,Segunda,2,8,ecommerce,prd_23664e42a71c,Jogo de Toalhas,Casa,Xiaomi,BASICO,True,cus_25d1cb23f872,Melissa Pastor,AC,Norte,VIP,1,93.42,93.42,False
sal_3279877c2c63,2026-01-01 18:06:38,2026-01-01,Quinta,5,18,ecommerce,prd_2293732b7542,Cortina Blackout,Casa,Xiaomi,BASICO,True,cus_13af118ef4e8,Sarah Teixeira,AM,Norte,TOP_TIER,1,58.57,58.57,False
sal_a8a4789777ba,2026-01-04 22:54:34,2026-01-04,Domingo,1,22,ecommerce,prd_ae7b2acb6812,Cinto de Couro,Acessórios,Samsung,PREMIUM,True,cus_79d52b75f259,Elisa Freitas,CE,Nordeste,TOP_TIER,1,1108.90,1108.90,False
sal_282b7f5e2ab7,2026-01-08 11:07:34,2026-01-08,Quinta,5,11,loja_fisica,prd_b7490508211e,Vestido Floral,Moda,Apple,BASICO,True,cus_c8d383cfde0c,Maria Cecília Oliveira,AM,Norte,TOP_TIER,1,209.00,209.00,False
sal_1fb31d3d5cba,2025-12-14 20:36:12,2025-12-14,Domingo,1,20,loja_fisica,prd_3e585d1aaf6c,Gabinete ATX,Informática,LG,BASICO,True,cus_884be6e0ce9a,Emanuel Vieira,PA,Norte,REGULAR,1,209.90,209.90,False
sal_46fc31608313,2026-01-10 18:41:18,2026-01-10,Sábado,7,18,ecommerce,prd_51511e44c92a,Kit Gamer Completo,Games,Mondial,BASICO,True,cus_c8d383cfde0c,Maria Cecília Oliveira,AM,Norte,TOP_TIER,2,88.90,177.80,False
sal_c693ed7d5731,2025-12-22 15:07:29,2025-12-22,Segunda,2,15,ecommerce,prd_334f4a32f979,Persiana Vertical,Casa,Motorola,BASICO,True,cus_9d2dd4770a79,Luigi Camargo,GO,Centro-Oeste,TOP_TIER,1,404.50,404.50,False
sal_a07a65dfcb67,2025-12-28 16:54:02,2025-12-28,Domingo,1,16,loja_fisica,prd_9239eec8982d,HD Externo 2TB,Informática,Arno,BASICO,True,cus_96658dc10aa5,Agatha Silveira,PA,Norte,TOP_TIER,1,44.19,44.19,False
sal_3184d7ba5c77,2025-12-18 11:05:05,2025-12-18,Quinta,5,11,loja_fisica,prd_045813f96891,Cardigan de Lã,Moda,LG,BASICO,True,cus_639110db69ed,João Vitor Barros,AP,Norte,REGULAR,1,142.99,142.99,False
sal_947303b44735,2025-12-17 10:07:00,2025-12-17,Quarta,4,10,ecommerce,prd_c62100cc281c,Webcam para Stream,Games,Samsung,BASICO,True,cus_4209c24e0be2,Maya Castro,TO,Norte,REGULAR,1,48.90,48.90,False
sal_62dc37beb1a3,2025-12-30 13:11:59,2025-12-30,Terça,3,13,ecommerce,prd_82cd17cb589d,Persiana Vertical,Casa,Dell,BASICO,True,cus_a8f8e01eaee8,Elisa Martins,ES,Sudeste,REGULAR,1,40.41,40.41,False
sal_d2e281e2360a,2026-01-06 08:43:13,2026-01-06,Terça,3,8,ecommerce,prd_d500fa66507e,Shorts Jeans,Moda,Electrolux,BASICO,True,cus_644bf6820c61,Heloísa Andrade,PR,Sul,REGULAR,3,346.49,1039.47,False
sal_a3ffa56aac1a,2025-12-15 22:02:04,2025-12-15,Segunda,2,22,ecommerce,prd_205f309c1a21,Tapete Persa,Casa,Sony,BASICO,True,cus_eae005fd3470,Calebe Fogaça,TO,Norte,TOP_TIER,1,31.49,31.49,False
sal_18cf98c89f06,2025-12-29 15:47:48,2025-12-29,Segunda,2,15,ecommerce,prd_23664e42a71c,Jogo de Toalhas,Casa,Xiaomi,BASICO,True,cus_36595eecf105,Bruno Novaes,PA,Norte,REGULAR,2,109.90,219.80,False
sal_467ab871f763,2025-12-30 20:20:35,2025-12-30,Terça,3,20,ecommerce,prd_a4025bac91a7,Óculos de Sol,Acessórios,Xiaomi,BASICO,True,cus_9d2dd4770a79,Luigi Camargo,GO,Centro-Oeste,TOP_TIER,2,52.90,105.80,False
sal_eeea19d07c31,2025-12-26 18:10:23,2025-12-26,Sexta,6,18,ecommerce,prd_6d4e3b1efd0c,Necessaire,Acessórios,Xiaomi,PREMIUM,True,cus_fa3a88d1ccef,Benício Gomes,AL,Nordeste,VIP,1,968.99,968.99,False
sal_4f19086f5107,2026-01-11 13:51:33,2026-01-11,Domingo,1,13,ecommerce,prd_9d7b9035daa0,Forma de Bolo Redonda,Cozinha,O Boticário,BASICO,True,cus_884be6e0ce9a,Emanuel Vieira,PA,Norte,REGULAR,1,172.71,172.71,False
sal_8f42d53964a6,2026-01-06 11:20:09,2026-01-06,Terça,3,11,ecommerce,prd_289cf61bbd5e,Porta-moedas,Acessórios,Consul,BASICO,True,cus_6ff11137142d,Vitor Gabriel Sá,TO,Norte,TOP_TIER,1,95.47,95.47,False
sal_659e34a7b631,2025-12-23 10:59:53,2025-12-23,Terça,3,10,ecommerce,prd_3e585d1aaf6c,Gabinete ATX,Informática,LG,BASICO,True,cus_6ff11137142d,Vitor Gabriel Sá,TO,Norte,TOP_TIER,2,209.90,419.80,False
sal_fb30b60b5420,2025-12-27 17:35:23,2025-12-27,Sábado,7,17,ecommerce,prd_23664e42a71c,Jogo de Toalhas,Casa,Xiaomi,BASICO,True,cus_c9cd13d1ae9f,Yasmin Siqueira,PA,Norte,VIP,1,109.90,109.90,False
sal_850ab0cf6003,2025-12-26 22:28:09,2025-12-26,Sexta,6,22,ecommerce,prd_5a6fd66e1c00,Vestido Casual,Moda,Philips,BASICO,True,cus_a2e18141f826,Ísis Leão,CE,Nordeste,REGULAR,1,112.90,112.90,False
sal_4c5839b465e8,2025-12-28 14:49:44,2025-12-28,Domingo,1,14,ecommerce,prd_d22d1b8b1502,Camisa Social,Moda,Brastemp,PREMIUM,True,cus_c9cd13d1ae9f,Yasmin Siqueira,PA,Norte,VIP,1,1149.90,1149.90,False
sal_6185a0197390,2025-12-18 14:32:14,2025-12-18,Quinta,5,14,ecommerce,prd_6b1b9c7303d5,Peneira Inox,Cozinha,Samsung,MEDIO,True,cus_f1a06ae11717,Gustavo Henrique Rios,AM,Norte,TOP_TIER,1,765.99,765.99,False
sal_1eb5a62bdfb6,2025-12-13 00:36:33,2025-12-13,Sábado,7,0,ecommerce,prd_8b22fd85d500,Garrafa Térmica 1L,Cozinha,Sony,BASICO,True,cus_25d1cb23f872,Melissa Pastor,AC,Norte,VIP,1,324.99,324.99,False
sal_8411a700c161,2025-12-16 11:20:44,2025-12-16,Terça,3,11,ecommerce,prd_40dc70ce05b2,Assadeira de Vidro,Cozinha,Lenovo,PREMIUM,True,cus_71308b76151a,Amanda Sousa,MS,Centro-Oeste,TOP_TIER,1,1310.50,1310.50,False
sal_f28cb1856d82,2025-12-14 22:56:24,2025-12-14,Domingo,1,22,loja_fisica,prd_8b22fd85d500,Garrafa Térmica 1L,Cozinha,Sony,BASICO,True,cus_c8d383cfde0c,Maria Cecília Oliveira,AM,Norte,TOP_TIER,2,308.74,617.48,False
sal_53b23e593a52,2025-12-25 09:10:20,2025-12-25,Quinta,5,9,ecommerce,prd_5112469132ff,Placa Mãe B450,Informática,Dell,BASICO,True,cus_0343c0763f76,Vitor Gabriel Da Luz,RS,Sul,VIP,3,351.47,1054.41,False
sal_032258cd9c8f,2025-12-18 16:30:22,2025-12-18,Quinta,5,16,ecommerce,prd_18c839427e8c,Gabinete ATX,Informática,Samsung,MEDIO,True,cus_8fa04d3a5837,Rafael Porto,RS,Sul,TOP_TIER,1,798.90,798.90,False
sal_a75a80a8973d,2026-01-11 17:56:52,2026-01-11,Domingo,1,17,loja_fisica,prd_223c9b6a0a76,Luminária de Mesa,Casa,Mondial,BASICO,True,cus_31874cf2d1e5,Nina Moura,SP,Sudeste,TOP_TIER,1,81.99,81.99,False
sal_86becde7c84a,2025-12-15 23:53:47,2025-12-15,Segunda,2,23,ecommerce,prd_c62100cc281c,Webcam para Stream,Games,Samsung,BASICO,True,cus_eae005fd3470,Calebe Fogaça,TO,Norte,TOP_TIER,1,48.90,48.90,False
sal_19fce208a8cb,2025-12-26 17:35:10,2025-12-26,Sexta,6,17,ecommerce,prd_899bd21840eb,Mixer de Áudio,Áudio,O Boticário,BASICO,True,cus_a2e18141f826,Ísis Leão,CE,Nordeste,REGULAR,1,53.50,53.50,False
sal_1cc486511105,2026-01-10 11:27:49,2026-01-10,Sábado,7,11,ecommerce,prd_6eca734f2e84,Edredom Casal,Casa,Electrolux,BASICO,True,cus_2b1b3e2a1515,Ana Sophia Pereira,MG,Sudeste,VIP,1,216.59,216.59,False
sal_86996bfe4cd6,2025-12-24 20:39:00,2025-12-24,Quarta,4,20,ecommerce,prd_74b8e2ff8f97,Produto não cadastrado,Não cadastrado,Não cadastrado,,False,cus_d2762f5968fe,Aurora Pastor,SE,Nordeste,REGULAR,1,327.90,327.90,False
sal_01f5231865a8,2026-01-11 20:31:21,2026-01-11,Domingo,1,20,ecommerce,prd_334f4a32f979,Persiana Vertical,Casa,Motorola,BASICO,True,cus_508a15ccf0fa,Zoe Campos,MT,Centro-Oeste,TOP_TIER,3,343.82,1031.46,False
sal_bdabb2ab2f89,2025-12-20 21:56:40,2025-12-20,Sábado,7,21,ecommerce,prd_9aa451566556,Jarra de Vidro,Cozinha,Apple,BASICO,True,cus_a8f8e01eaee8,Elisa Martins,ES,Sudeste,REGULAR,2,336.51,673.02,False
sal_11f6be5c191d,2026-01-08 10:28:38,2026-01-08,Quinta,5,10,loja_fisica,prd_686e2aab873d,Blusa de Frio,Moda,Philips,BASICO,True,cus_d4db3db9eccb,Ana Julia Camargo,PB,Nordeste,TOP_TIER,1,89.50,89.50,False
sal_956874d3b690,2026-01-03 16:16:18,2026-01-03,Sábado,7,16,ecommerce,prd_51511e44c92a,Kit Gamer Completo,Games,Mondial,BASICO,True,cus_fa3a88d1ccef,Benício Gomes,AL,Nordeste,VIP,1,88.90,88.90,False
sal_b7db6d34e631,2025-12-17 18:20:31,2025-12-17,Quarta,4,18,ecommerce,prd_ff35b88df534,SSD 500GB,Eletrônicos,Acer,BASICO,True,cus_b42a15933072,Heitor Rezende,PE,Nordeste,TOP_TIER,1,201.31,201.31,False
sal_75fc6c5debc6,2025-12-16 22:53:24,2025-12-16,Terça,3,22,ecommerce,prd_4ee65ed59110,Frigideira Antiaderente,Cozinha,Philips,BASICO,True,cus_8ad3c8745efb,Eduardo Cunha,AC,Norte,TOP_TIER,1,37.71,37.71,False
sal_e89f9ded6f5d,2025-12-16 13:49:55,2025-12-16,Terça,3,13,ecommerce,prd_0c5fb549e1c2,Edredom Casal,Casa,Dell,BASICO,True,cus_9d2dd4770a79,Luigi Camargo,GO,Centro-Oeste,TOP_TIER,1,295.90,295.90,False
sal_644c7727959e,2026-01-01 23:53:54,2026-01-01,Quinta,5,23,ecommerce,prd_84a009f1889d,Cortina Box,Casa,Consul,BASICO,True,cus_cf84750c1fb4,Alana Teixeira,MA,Nordeste,TOP_TIER,1,32.90,32.90,False
sal_0bd43dcc580b,2025-12-25 22:30:39,2025-12-25,Quinta,5,22,ecommerce,prd_3308eb4d2b62,Cobertor de Lã,Casa,Arno,BASICO,True,cus_6ff11137142d,Vitor Gabriel Sá,TO,Norte,TOP_TIER,1,32.99,32.99,False
sal_9c585c194400,2026-01-03 19:23:07,2026-01-03,Sábado,7,19,ecommerce,prd_3053916502fb,Cabo USB-C,Eletrônicos,Electrolux,BASICO,True,cus_0914bdf6e1fe,Isabelly Câmara,MT,Centro-Oeste,REGULAR,1,493.35,493.35,False
sal_5f1a24a0ee5c,2025-12-20 19:06:40,2025-12-20,Sábado,7,19,loja_fisica,prd_47a25ae10c23,Soundbar TV,Áudio,Acer,BASICO,True,cus_ec8d75866856,Luan Vargas,RS,Sul,TOP_TIER,1,88.99,88.99,False
sal_fef04e6dba0f,2025-12-23 18:02:22,2025-12-23,Terça,3,18,ecommerce,prd_289cf61bbd5e,Porta-moedas,Acessórios,Consul,BASICO,True,cus_2b1b3e2a1515,Ana Sophia Pereira,MG,Sudeste,VIP,1,85.42,85.42,False
sal_60536369c9c4,2026-01-03 15:44:24,2026-01-03,Sábado,7,15,ecommerce,prd_f063f46a7ef8,Fone de Ouvido Esportivo,Áudio,Consul,PREMIUM,True,cus_1a38731e1fbe,Otávio Fernandes,ES,Sudeste,TOP_TIER,1,1357.54,1357.54,False
sal_743ff3b621e4,2025-12-14 10:29:16,2025-12-14,Domingo,1,10,loja_fisica,prd_4ee65ed59110,Frigideira Antiaderente,Cozinha,Philips,BASICO,True,cus_fa3a88d1ccef,Benício Gomes,AL,Nordeste,VIP,1,37.71,37.71,False
sal_10f90c21f049,2025-12-20 18:46:52,2025-12-20,Sábado,7,18,ecommerce,prd_2255432fabe7,Marcador de Texto,Acessórios,Nike,BASICO,True,cus_f1a06ae11717,Gustavo Henrique Rios,AM,Norte,TOP_TIER,1,107.99,107.99,False
sal_b034019d604f,2025-12-31 15:55:12,2025-12-31,Quarta,4,15,loja_fisica,prd_bf5d8671f7a9,Placa Mãe B450,Informática,Brastemp,BASICO,True,cus_66677d443e5e,Cecília Da Luz,AC,Norte,TOP_TIER,1,107.91,107.91,False
sal_75ba35e4e2a5,2025-12-25 23:23:37,2025-12-25,Quinta,5,23,ecommerce,prd_76ede0cece8f,Óculos de Natação,Esporte,Lenovo,BASICO,True,cus_418af67b6b28,Miguel Ramos,TO,Norte,REGULAR,1,52.20,52.20,False
sal_5445e249e46d,2026-01-06 17:25:01,2026-01-06,Terça,3,17,ecommerce,prd_92c0ecf60a58,Jogo de Toalhas,Casa,Brastemp,BASICO,True,cus_b0026583b709,Mariane Pacheco,MT,Centro-Oeste,VIP,1,180.90,180.90,False
sal_59fb42e6abba,2026-01-10 08:04:51,2026-01-10,Sábado,7,8,ecommerce,prd_6ae727ee4463,Placa Mãe B450,Informática,Xiaomi,BASICO,True,cus_79d52b75f259,Elisa Freitas,CE,Nordeste,TOP_TIER,1,70.30,70.30,False
sal_6278275dc03e,2025-12-24 11:24:18,2025-12-24,Quarta,4,11,ecommerce,prd_afd58e5fd09d,Condicionador Hidratante,Beleza,Asus,BASICO,True,cus_8fa04d3a5837,Rafael Porto,RS,Sul,TOP_TIER,1,451.90,451.90,False
sal_8da2018ed5af,2025-12-28 14:23:21,2025-12-28,Domingo,1,14,loja_fisica,prd_f063f46a7ef8,Fone de Ouvido Esportivo,Áudio,Consul,PREMIUM,True,cus_71308b76151a,Amanda Sousa,MS,Centro-Oeste,TOP_TIER,1,1428.99,1428.99,False
sal_6b989bc54b27,2025-12-22 13:00:22,2025-12-22,Segunda,2,13,ecommerce,prd_996db03524ae,Elástico de Resistência,Esporte,Sony,BASICO,True,cus_b0026583b709,Mariane Pacheco,MT,Centro-Oeste,VIP,1,123.90,123.90,False
sal_25e066c7640d,2025-12-29 10:19:16,2025-12-29,Segunda,2,10,ecommerce,prd_9a3dfc23b7a3,Relógio Analógico,Acessórios,Mondial,BASICO,True,cus_644bf6820c61,Heloísa Andrade,PR,Sul,REGULAR,1,105.50,105.50,False
sal_9bb68064ebb9,2025-12-30 15:42:57,2025-12-30,Terça,3,15,ecommerce,prd_0c113961481f,Vestido Floral,Moda,Apple,BASICO,True,cus_31874cf2d1e5,Nina Moura,SP,Sudeste,TOP_TIER,2,243.90,487.80,False
sal_70f680ed420c,2025-12-23 21:08:26,2025-12-23,Terça,3,21,ecommerce,prd_205f309c1a21,Tapete Persa,Casa,Sony,BASICO,True,cus_f50da5532735,João Gabriel Porto,MG,Sudeste,TOP_TIER,1,33.24,33.24,False
sal_193a6390610d,2026-01-01 15:49:58,2026-01-01,Quinta,5,15,loja_fisica,prd_d500fa66507e,Shorts Jeans,Moda,Electrolux,BASICO,True,cus_1a38731e1fbe,Otávio Fernandes,ES,Sudeste,TOP_TIER,1,384.99,384.99,False
sal_303a90005fc5,2026-01-06 10:54:54,2026-01-06,Terça,3,10,loja_fisica,prd_a4025bac91a7,Óculos de Sol,Acessórios,Xiaomi,BASICO,True,cus_71308b76151a,Amanda Sousa,MS,Centro-Oeste,TOP_TIER,1,52.90,52.90,False
sal_6b487379370e,2025-12-18 16:22:10,2025-12-18,Quinta,5,16,ecommerce,prd_9239eec8982d,HD Externo 2TB,Informática,Arno,BASICO,True,cus_d36c11b261a6,Cauã Rocha,MA,Nordeste,REGULAR,3,51.99,155.97,False
sal_652dcc798737,2025-12-19 10:46:27,2025-12-19,Sexta,6,10,ecommerce,prd_dfac11815029,Microfone para Stream,Games,Apple,BASICO,True,cus_13af118ef4e8,Sarah Teixeira,AM,Norte,TOP_TIER,1,179.55,179.55,False
sal_b3f8ece202eb,2025-12-25 20:34:39,2025-12-25,Quinta,5,20,ecommerce,prd_afd58e5fd09d,Condicionador Hidratante,Beleza,Asus,BASICO,True,cus_8fa04d3a5837,Rafael Porto,RS,Sul,TOP_TIER,4,451.90,1807.60,False
sal_f829aac7135d,2025-12-21 22:19:52,2025-12-21,Domingo,1,22,loja_fisica,prd_052f1c397fc6,Carteira de Couro,Acessórios,Philips,BASICO,True,cus_b42a15933072,Heitor Rezende,PE,Nordeste,TOP_TIER,1,66.99,66.99,False
sal_1373cb04f9c9,2025-12-19 16:39:34,2025-12-19,Sexta,6,16,ecommerce,prd_ff35b88df534,SSD 500GB,Eletrônicos,Acer,BASICO,True,cus_ec8d75866856,Luan Vargas,RS,Sul,TOP_TIER,1,211.90,211.90,False
sal_db17b768d7d0,2025-12-22 14:44:43,2025-12-22,Segunda,2,14,ecommerce,prd_bf5d8671f7a9,Placa Mãe B450,Informática,Brastemp,BASICO,True,cus_8fa04d3a5837,Rafael Porto,RS,Sul,TOP_TIER,3,101.92,305.76,False
sal_e5564c53f088,2026-01-11 18:52:31,2026-01-11,Domingo,1,18,loja_fisica,prd_d22d1b8b1502,Camisa Social,Moda,Brastemp,PREMIUM,True,cus_eae005fd3470,Calebe Fogaça,TO,Norte,TOP_TIER,1,1149.90,1149.90,False
sal_2223411dbd32,2026-01-11 16:48:54,2026-01-11,Domingo,1,16,loja_fisica,prd_2cbafff50c72,Sabonete Facial,Beleza,Nike,BASICO,True,cus_d36c11b261a6,Cauã Rocha,MA,Nordeste,REGULAR,1,100.90,100.90,False
sal_146380321f0a,2025-12-14 22:44:57,2025-12-14,Domingo,1,22,ecommerce,prd_9d7b9035daa0,Forma de Bolo Redonda,Cozinha,O Boticário,BASICO,True,cus_a9747473c5c6,Ana Lívia Aparecida,AL,Nordeste,REGULAR,1,191.90,191.90,False
sal_a1f9ab4a83d4,2025-12-15 10:24:58,2025-12-15,Segunda,2,10,ecommerce,prd_dfac11815029,Microfone para Stream,Games,Apple,BASICO,True,cus_7262f4e5ce9f,Sophia Monteiro,SP,Sudeste,TOP_TIER,2,189.00,378.00,False
sal_cb2e25f12c7b,2025-12-29 10:59:22,2025-12-29,Segunda,2,10,ecommerce,prd_c62100cc281c,Webcam para Stream,Games,Samsung,BASICO,True,cus_b0026583b709,Mariane Pacheco,MT,Centro-Oeste,VIP,2,53.79,107.58,False
sal_9d0ae28881ae,2026-01-01 09:57:17,2026-01-01,Quinta,5,9,ecommerce,prd_045813f96891,Cardigan de Lã,Moda,LG,BASICO,True,cus_25c656241a9a,Amanda Novais,GO,Centro-Oeste,TOP_TIER,1,135.84,135.84,False
sal_980f1fd2ccea,2026-01-03 19:35:22,2026-01-03,Sábado,7,19,ecommerce,prd_694bd92302c1,Gabinete ATX,Informática,Mondial,BASICO,True,cus_78ab1cf16e12,Beatriz Garcia,SE,Nordeste,TOP_TIER,3,92.90,278.70,False
sal_d05e5e70de69,2025-12-15 19:46:46,2025-12-15,Segunda,2,19,ecommerce,prd_a4025bac91a7,Óculos de Sol,Acessórios,Xiaomi,BASICO,True,cus_f64907d41a69,Henrique Da Conceição,DF,Centro-Oeste,VIP,4,52.90,211.60,False
sal_8c7e2b0af6f3,2025-12-25 10:10:27,2025-12-25,Quinta,5,10,loja_fisica,prd_686e2aab873d,Blusa de Frio,Moda,Philips,BASICO,True,cus_13af118ef4e8,Sarah Teixeira,AM,Norte,TOP_TIER,2,89.50,179.00,False
sal_d0a1cbb5996a,2026-01-09 08:27:05,2026-01-09,Sexta,6,8,ecommerce,prd_30518d908a92,Cinto de Couro,Acessórios,Asus,BASICO,True,cus_f64907d41a69,Henrique Da Conceição,DF,Centro-Oeste,VIP,4,80.99,323.96,False
sal_1719d6fd9d4b,2026-01-05 19:10:22,2026-01-05,Segunda,2,19,ecommerce,prd_6eca734f2e84,Edredom Casal,Casa,Electrolux,BASICO,True,cus_31874cf2d1e5,Nina Moura,SP,Sudeste,TOP_TIER,1,205.19,205.19,False
sal_e7e6151c6cb5,2026-01-10 15:21:26,2026-01-10,Sábado,7,15,loja_fisica,prd_2293732b7542,Cortina Blackout,Casa,Xiaomi,BASICO,True,cus_13af118ef4e8,Sarah Teixeira,AM,Norte,TOP_TIER,1,68.90,68.90,False
sal_ebc8406b25e3,2025-12-15 18:50:49,2025-12-15,Segunda,2,18,loja_fisica,prd_2cbafff50c72,Sabonete Facial,Beleza,Nike,BASICO,True,cus_639110db69ed,João Vitor Barros,AP,Norte,REGULAR,2,95.86,191.72,False
sal_25950419ab6e,2025-12-18 13:42:55,2025-12-18,Quinta,5,13,ecommerce,prd_30518d908a92,Cinto de Couro,Acessórios,Asus,BASICO,True,cus_8fa04d3a5837,Rafael Porto,RS,Sul,TOP_TIER,1,80.99,80.99,False
sal_3c56665051dd,2025-12-31 21:29:54,2025-12-31,Quarta,4,21,ecommerce,prd_30518d908a92,Cinto de Couro,Acessórios,Asus,BASICO,True,cus_96658dc10aa5,Agatha Silveira,PA,Norte,TOP_TIER,2,80.99,161.98,False
sal_4a5b8657ac22,2026-01-01 22:16:33,2026-01-01,Quinta,5,22,ecommerce,prd_1f81bf3405b1,Fonte PC 500W,Informática,O Boticário,BASICO,True,cus_f1eccf8e0d99,Luiz Miguel Câmara,GO,Centro-Oeste,REGULAR,3,61.90,185.70,False
sal_93ba442a46b2,2025-12-26 10:26:29,2025-12-26,Sexta,6,10,loja_fisica,prd_92c0ecf60a58,Jogo de Toalhas,Casa,Brastemp,BASICO,True,cus_31874cf2d1e5,Nina Moura,SP,Sudeste,TOP_TIER,3,180.90,542.70,False
sal_84cac96900e4,2026-01-04 18:44:08,2026-01-04,Domingo,1,18,loja_fisica,prd_334f4a32f979,Persiana Vertical,Casa,Motorola,BASICO,True,cus_c8d383cfde0c,Maria Cecília Oliveira,AM,Norte,TOP_TIER,1,404.50,404.50,False
sal_fbf6b9a1e3aa,2025-12-13 17:42:30,2025-12-13,Sábado,7,17,ecommerce,prd_205f309c1a21,Tapete Persa,Casa,Sony,BASICO,True,cus_a8f8e01eaee8,Elisa Martins,ES,Sudeste,REGULAR,3,34.99,104.97,False
sal_29f7a13b20e6,2025-12-25 21:23:09,2025-12-25,Quinta,5,21,loja_fisica,prd_a17c779dd289,Gravador de Voz,Áudio,Asus,BASICO,True,cus_508a15ccf0fa,Zoe Campos,MT,Centro-Oeste,TOP_TIER,1,64.90,64.90,False
sal_7b4b3812b997,2025-12-27 16:20:50,2025-12-27,Sábado,7,16,ecommerce,prd_3308eb4d2b62,Cobertor de Lã,Casa,Arno,BASICO,True,cus_911b23c97589,Heitor Nunes,MS,Centro-Oeste,REGULAR,1,32.99,32.99,False
sal_7e0c387448f4,2026-01-10 19:10:46,2026-01-10,Sábado,7,19,loja_fisica,prd_22f73233f9a5,Notebook Inspiron 15,Eletrônicos,O Boticário,BASICO,True,cus_25c656241a9a,Amanda Novais,GO,Centro-Oeste,TOP_TIER,2,103.90,207.80,False
sal_fac4bdf0535c,2026-01-09 08:25:51,2026-01-09,Sexta,6,8,loja_fisica,prd_f063f46a7ef8,Fone de Ouvido Esportivo,Áudio,Consul,PREMIUM,True,cus_2b1b3e2a1515,Ana Sophia Pereira,MG,Sudeste,VIP,1,1428.99,1428.99,False
sal_aaf0389d7998,2026-01-09 10:09:10,2026-01-09,Sexta,6,10,loja_fisica,prd_032c166122f7,Controle Xbox,Games,Xiaomi,BASICO,True,cus_9d2dd4770a79,Luigi Camargo,GO,Centro-Oeste,TOP_TIER,4,219.90,879.60,False
sal_1fd215d6bd71,2025-12-15 18:38:36,2025-12-15,Segunda,2,18,loja_fisica,prd_b2fdb7f36a3f,Blusa de Algodão,Moda,LG,BASICO,True,cus_911b23c97589,Heitor Nunes,MS,Centro-Oeste,REGULAR,2,45.04,90.08,False
sal_5e9b29441a10,2025-12-13 20:47:24,2025-12-13,Sábado,7,20,ecommerce,prd_dfac11815029,Microfone para Stream,Games,Apple,BASICO,True,cus_508a15ccf0fa,Zoe Campos,MT,Centro-Oeste,TOP_TIER,1,189.00,189.00,False
sal_1d6d693d2718,2025-12-21 17:31:23,2025-12-21,Domingo,1,17,ecommerce,prd_dfac11815029,Microfone para Stream,Games,Apple,BASICO,True,cus_36595eecf105,Bruno Novaes,PA,Norte,REGULAR,1,170.10,170.10,False
sal_de468a380295,2026-01-07 18:47:13,2026-01-07,Quarta,4,18,ecommerce,prd_38c1b898aecc,Microfone para Stream,Games,Samsung,BASICO,True,cus_f1a06ae11717,Gustavo Henrique Rios,AM,Norte,TOP_TIER,1,133.85,133.85,False
sal_bb33ddc63371,2025-12-17 12:31:56,2025-12-17,Quarta,4,12,loja_fisica,prd_82cd17cb589d,Persiana Vertical,Casa,Dell,BASICO,True,cus_8ad3c8745efb,Eduardo Cunha,AC,Norte,TOP_TIER,1,44.90,44.90,False
sal_002ce0aae7ef,2025-12-27 17:13:32,2025-12-27,Sábado,7,17,loja_fisica,prd_2293732b7542,Cortina Blackout,Casa,Xiaomi,BASICO,True,cus_0914bdf6e1fe,Isabelly Câmara,MT,Centro-Oeste,REGULAR,2,68.90,137.80,False
sal_67504b083d8f,2025-12-30 18:28:06,2025-12-30,Terça,3,18,ecommerce,prd_82cd17cb589d,Persiana Vertical,Casa,Dell,BASICO,True,cus_3580317ddeab,Bella Borges,AM,Norte,VIP,1,44.90,44.90,False
sal_918a25e5693d,2025-12-27 11:45:17,2025-12-27,Sábado,7,11,ecommerce,prd_82cd17cb589d,Persiana Vertical,Casa,Dell,BASICO,True,cus_9d2dd4770a79,Luigi Camargo,GO,Centro-Oeste,TOP_TIER,1,44.90,44.90,False
sal_17cdb9159f45,2026-01-09 15:13:33,2026-01-09,Sexta,6,15,loja_fisica,prd_2cbafff50c72,Sabonete Facial,Beleza,Nike,BASICO,True,cus_0343c0763f76,Vitor Gabriel Da Luz,RS,Sul,VIP,2,100.90,201.80,False
sal_8f863e90930e,2025-12-13 00:43:49,2025-12-13,Sábado,7,0,ecommerce,prd_0aba258682b7,Vestido Floral,Moda,Adidas,BASICO,True,cus_f50da5532735,João Gabriel Porto,MG,Sudeste,TOP_TIER,1,72.50,72.50,False
sal_29b077ffb84b,2025-12-15 12:14:22,2025-12-15,Segunda,2,12,ecommerce,prd_2befc441dd56,Bicicleta Ergométrica,Esporte,Motorola,BASICO,True,cus_8ad3c8745efb,Eduardo Cunha,AC,Norte,TOP_TIER,2,228.99,457.98,False
sal_9db6166528ee,2025-12-14 01:45:01,2025-12-14,Domingo,1,1,ecommerce,prd_fd4be5bad76d,Colchonete Yoga,Esporte,Sony,BASICO,True,cus_8fa04d3a5837,Rafael Porto,RS,Sul,TOP_TIER,1,140.90,140.90,False
sal_7c10443d8d97,2025-12-20 22:10:07,2025-12-20,Sábado,7,22,loja_fisica,prd_d92ad43fa137,Smart TV 43 Polegadas,Eletrônicos,Philips,BASICO,True,cus_25c656241a9a,Amanda Novais,GO,Centro-Oeste,TOP_TIER,1,56.87,56.87,False
sal_0db63429a220,2026-01-01 23:29:48,2026-01-01,Quinta,5,23,ecommerce,prd_84a009f1889d,Cortina Box,Casa,Consul,BASICO,True,cus_31874cf2d1e5,Nina Moura,SP,Sudeste,TOP_TIER,1,32.90,32.90,False
sal_b46dc08b13cc,2026-01-06 19:16:38,2026-01-06,Terça,3,19,ecommerce,prd_d22d1b8b1502,Camisa Social,Moda,Brastemp,PREMIUM,True,cus_6ff11137142d,Vitor Gabriel Sá,TO,Norte,TOP_TIER,2,977.42,1954.84,False
sal_958ebc5dbdbe,2026-01-08 21:57:00,2026-01-08,Quinta,5,21,ecommerce,prd_6212ac3178f2,Óculos de Natação,Esporte,Samsung,BASICO,True,cus_cf84750c1fb4,Alana Teixeira,MA,Nordeste,TOP_TIER,1,137.66,137.66,False
sal_b21720b40a2e,2026-01-03 11:45:39,2026-01-03,Sábado,7,11,loja_fisica,prd_803bcbb7ef84,Porta-temperos,Cozinha,Samsung,BASICO,True,cus_508a15ccf0fa,Zoe Campos,MT,Centro-Oeste,TOP_TIER,1,118.00,118.00,False
sal_c5ff10ca88bc,2025-12-13 16:41:55,2025-12-13,Sábado,7,16,ecommerce,prd_045813f96891,Cardigan de Lã,Moda,LG,BASICO,True,cus_c8d383cfde0c,Maria Cecília Oliveira,AM,Norte,TOP_TIER,1,128.69,128.69,False
sal_7ec7c085bcd0,2025-12-19 13:12:05,2025-12-19,Sexta,6,13,loja_fisica,prd_045813f96891,Cardigan de Lã,Moda,LG,BASICO,True,cus_78ab1cf16e12,Beatriz Garcia,SE,Nordeste,TOP_TIER,3,121.54,364.62,False
sal_d071e1ce31a2,2025-12-24 21:52:43,2025-12-24,Quarta,4,21,ecommerce,prd_d92ad43fa137,Smart TV 43 Polegadas,Eletrônicos,Philips,BASICO,True,cus_0343c0763f76,Vitor Gabriel Da Luz,RS,Sul,VIP,1,66.90,66.90,False
sal_79a535879d33,2026-01-08 19:57:19,2026-01-08,Quinta,5,19,loja_fisica,prd_bf5d8671f7a9,Placa Mãe B450,Informática,Brastemp,BASICO,True,cus_f64907d41a69,Henrique Da Conceição,DF,Centro-Oeste,VIP,3,119.90,359.70,False
sal_4e4fa17f7102,2025-12-13 21:20:26,2025-12-13,Sábado,7,21,loja_fisica,prd_faf3fd1a4155,Cinto de Couro,Acessórios,Dell,BASICO,True,cus_d36c11b261a6,Cauã Rocha,MA,Nordeste,REGULAR,1,97.75,97.75,False
sal_08e01c290e08,2025-12-26 17:47:03,2025-12-26,Sexta,6,17,ecommerce,prd_ff35b88df534,SSD 500GB,Eletrônicos,Acer,BASICO,True,cus_a8f8e01eaee8,Elisa Martins,ES,Sudeste,REGULAR,1,233.09,233.09,False
sal_cf9a1b127d28,2025-12-26 14:47:51,2025-12-26,Sexta,6,14,loja_fisica,prd_686e2aab873d,Blusa de Frio,Moda,Philips,BASICO,True,cus_884be6e0ce9a,Emanuel Vieira,PA,Norte,REGULAR,1,80.55,80.55,False
sal_d0cc03ff79ab,2026-01-10 19:52:45,2026-01-10,Sábado,7,19,ecommerce,prd_f8e027f417be,Placa Mãe B450,Informática,O Boticário,BASICO,True,cus_13af118ef4e8,Sarah Teixeira,AM,Norte,TOP_TIER,1,171.85,171.85,False
sal_c2870e62fe21,2026-01-05 10:18:45,2026-01-05,Segunda,2,10,ecommerce,prd_645f7859f379,Calça Jeans Skinny,Moda,Asus,BASICO,True,cus_a01814ad9247,Ana Beatriz Alves,SP,Sudeste,TOP_TIER,1,486.90,486.90,False
sal_5e044e5808ad,2025-12-17 08:22:05,2025-12-17,Quarta,4,8,ecommerce,prd_f063f46a7ef8,Fone de Ouvido Esportivo,Áudio,Consul,PREMIUM,True,cus_66677d443e5e,Cecília Da Luz,AC,Norte,TOP_TIER,1,1286.09,1286.09,False
sal_b94888829044,2025-12-29 18:49:34,2025-12-29,Segunda,2,18,ecommerce,prd_4ee65ed59110,Frigideira Antiaderente,Cozinha,Philips,BASICO,True,cus_f1a06ae11717,Gustavo Henrique Rios,AM,Norte,TOP_TIER,2,41.90,83.80,False
sal_7b499293b172,2025-12-24 16:47:48,2025-12-24,Quarta,4,16,ecommerce,prd_205f309c1a21,Tapete Persa,Casa,Sony,BASICO,True,cus_0343c0763f76,Vitor Gabriel Da Luz,RS,Sul,VIP,1,34.99,34.99,False
sal_64d03c2a4741,2025-12-29 16:21:36,2025-12-29,Segunda,2,16,ecommerce,prd_2293732b7542,Cortina Blackout,Casa,Xiaomi,BASICO,True,cus_f64907d41a69,Henrique Da Conceição,DF,Centro-Oeste,VIP,1,65.45,65.45,False
sal_6b6d14ab0d48,2025-12-25 13:20:35,2025-12-25,Quinta,5,13,ecommerce,prd_6d4e3b1efd0c,Necessaire,Acessórios,Xiaomi,PREMIUM,True,cus_f50da5532735,João Gabriel Porto,MG,Sudeste,TOP_TIER,1,968.99,968.99,False
sal_b43d2c7ada42,2025-12-25 15:49:52,2025-12-25,Quinta,5,15,loja_fisica,prd_c62100cc281c,Webcam para Stream,Games,Samsung,BASICO,True,cus_4e62d52db97a,Josué Souza,RJ,Sudeste,VIP,1,48.90,48.90,False
sal_e7b54f312c03,2026-01-04 08:13:06,2026-01-04,Domingo,1,8,ecommerce,prd_205f309c1a21,Tapete Persa,Casa,Sony,BASICO,True,cus_2b1b3e2a1515,Ana Sophia Pereira,MG,Sudeste,VIP,1,34.99,34.99,False
sal_819bbc329ea5,2025-12-19 20:03:25,2025-12-19,Sexta,6,20,ecommerce,prd_51511e44c92a,Kit Gamer Completo,Games,Mondial,BASICO,True,cus_c3944101594c,Murilo Da Mata,RR,Norte,VIP,3,88.90,266.70,False
sal_8eff4ddfee2e,2025-12-29 17:12:11,2025-12-29,Segunda,2,17,ecommerce,prd_686e2aab873d,Blusa de Frio,Moda,Philips,BASICO,True,cus_884be6e0ce9a,Emanuel Vieira,PA,Norte,REGULAR,1,80.55,80.55,False
sal_187fb1a72853,2025-12-30 16:40:15,2025-12-30,Terça,3,16,ecommerce,prd_334f4a32f979,Persiana Vertical,Casa,Motorola,BASICO,True,cus_911b23c97589,Heitor Nunes,MS,Centro-Oeste,REGULAR,1,404.50,404.50,False
sal_a95055bc7505,2026-01-06 19:41:40,2026-01-06,Terça,3,19,ecommerce,prd_032c166122f7,Controle Xbox,Games,Xiaomi,BASICO,True,cus_8fa04d3a5837,Rafael Porto,RS,Sul,TOP_TIER,1,219.90,219.90,False
sal_a0adcb3d1c69,2026-01-04 12:48:36,2026-01-04,Domingo,1,12,loja_fisica,prd_205f309c1a21,Tapete Persa,Casa,Sony,BASICO,True,cus_96658dc10aa5,Agatha Silveira,PA,Norte,TOP_TIER,1,34.99,34.99,False
sal_7201ae9c38fe,2026-01-07 14:26:10,2026-01-07,Quarta,4,14,ecommerce,prd_5437b387f602,Webcam 1080p,Informática,LG,BASICO,True,cus_3580317ddeab,Bella Borges,AM,Norte,VIP,2,227.90,455.80,False
sal_147b542d00b8,2026-01-03 08:06:32,2026-01-03,Sábado,7,8,ecommerce,prd_dfac11815029,Microfone para Stream,Games,Apple,BASICO,True,cus_ec8d75866856,Luan Vargas,RS,Sul,TOP_TIER,1,189.00,189.00,False
sal_be6b886cbf8b,2025-12-19 17:36:28,2025-12-19,Sexta,6,17,ecommerce,prd_c29b93111bd9,Colar de Ouro,Acessórios,Arno,BASICO,True,cus_6ff11137142d,Vitor Gabriel Sá,TO,Norte,TOP_TIER,2,196.56,393.12,False
sal_456cad99bc7f,2025-12-27 11:47:56,2025-12-27,Sábado,7,11,ecommerce,prd_bf5d8671f7a9,Placa Mãe B450,Informática,Brastemp,BASICO,True,cus_a9747473c5c6,Ana Lívia Aparecida,AL,Nordeste,REGULAR,1,119.90,119.90,False
sal_5d1e5fa8636d,2026-01-02 15:56:13,2026-01-02,Sexta,6,15,loja_fisica,prd_045813f96891,Cardigan de Lã,Moda,LG,BASICO,True,cus_0ff4cceccc6f,João Aparecida,CE,Nordeste,TOP_TIER,1,135.84,135.84,False
sal_631199921462,2026-01-05 20:54:14,2026-01-05,Segunda,2,20,loja_fisica,prd_afd58e5fd09d,Condicionador Hidratante,Beleza,Asus,BASICO,True,cus_418af67b6b28,Miguel Ramos,TO,Norte,REGULAR,1,451.90,451.90,False
sal_f8cfc52e4056,2026-01-06 16:00:24,2026-01-06,Terça,3,16,ecommerce,prd_38c1b898aecc,Microfone para Stream,Games,Samsung,BASICO,True,cus_78ab1cf16e12,Beatriz Garcia,SE,Nordeste,TOP_TIER,3,133.85,401.55,False
sal_fa72c53c116d,2025-12-19 20:37:53,2025-12-19,Sexta,6,20,loja_fisica,prd_ff35b88df534,SSD 500GB,Eletrônicos,Acer,BASICO,True,cus_c9cd13d1ae9f,Yasmin Siqueira,PA,Norte,VIP,1,211.90,211.90,False
sal_1ccdc76be953,2025-12-24 18:27:49,2025-12-24,Quarta,4,18,loja_fisica,prd_d92ad43fa137,Smart TV 43 Polegadas,Eletrônicos,Philips,BASICO,True,cus_d36c11b261a6,Cauã Rocha,MA,Nordeste,REGULAR,1,60.21,60.21,False
sal_fd7fff040913,2025-12-14 11:36:35,2025-12-14,Domingo,1,11,ecommerce,prd_b7490508211e,Vestido Floral,Moda,Apple,BASICO,True,cus_884be6e0ce9a,Emanuel Vieira,PA,Norte,REGULAR,1,220.00,220.00,False
sal_daea275987a4,2025-12-23 12:03:17,2025-12-23,Terça,3,12,ecommerce,prd_8b22fd85d500,Garrafa Térmica 1L,Cozinha,Sony,BASICO,True,cus_fa3a88d1ccef,Benício Gomes,AL,Nordeste,VIP,1,324.99,324.99,False
sal_e9fb6aa62d4c,2026-01-08 18:23:01,2026-01-08,Quinta,5,18,ecommerce,prd_3fb63c4ea3c2,Óculos de Sol,Acessórios,Arno,BASICO,True,cus_3580317ddeab,Bella Borges,AM,Norte,VIP,1,164.99,164.99,False
sal_0627b2be928f,2025-12-15 16:46:52,2025-12-15,Segunda,2,16,ecommerce,prd_8b22fd85d500,Garrafa Térmica 1L,Cozinha,Sony,BASICO,True,cus_25c656241a9a,Amanda Novais,GO,Centro-Oeste,TOP_TIER,2,324.99,649.98,False
sal_83511d1a2e15,2025-12-30 18:24:57,2025-12-30,Terça,3,18,ecommerce,prd_686e2aab873d,Blusa de Frio,Moda,Philips,BASICO,True,cus_b42a15933072,Heitor Rezende,PE,Nordeste,TOP_TIER,1,76.08,76.08,False
sal_4b903a61b08c,2026-01-03 10:30:14,2026-01-03,Sábado,7,10,ecommerce,prd_30518d908a92,Cinto de Couro,Acessórios,Asus,BASICO,True,cus_ec8d75866856,Luan Vargas,RS,Sul,TOP_TIER,3,72.89,218.67,False
sal_821675b531df,2026-01-03 09:49:02,2026-01-03,Sábado,7,9,loja_fisica,prd_385035a5bc20,Notebook Inspiron 15,Eletrônicos,Adidas,BASICO,True,cus_0914bdf6e1fe,Isabelly Câmara,MT,Centro-Oeste,REGULAR,1,197.91,197.91,False
sal_97f4b4febf2b,2025-12-31 19:20:27,2025-12-31,Quarta,4,19,loja_fisica,prd_334f4a32f979,Persiana Vertical,Casa,Motorola,BASICO,True,cus_f1eccf8e0d99,Luiz Miguel Câmara,GO,Centro-Oeste,REGULAR,1,364.05,364.05,False
sal_5e01d965ac16,2026-01-07 09:24:13,2026-01-07,Quarta,4,9,loja_fisica,prd_2cbafff50c72,Sabonete Facial,Beleza,Nike,BASICO,True,cus_d2762f5968fe,Aurora Pastor,SE,Nordeste,REGULAR,2,95.86,191.72,False
sal_e4d9c4aff751,2026-01-09 15:58:36,2026-01-09,Sexta,6,15,loja_fisica,prd_8b22fd85d500,Garrafa Térmica 1L,Cozinha,Sony,BASICO,True,cus_9d2dd4770a79,Luigi Camargo,GO,Centro-Oeste,TOP_TIER,4,276.24,1104.96,False
sal_fc888b1b80e2,2025-12-19 13:00:06,2025-12-19,Sexta,6,13,loja_fisica,prd_f79cf82f8ee0,Caixa de Som JBL,Eletrônicos,Mondial,BASICO,True,cus_911b23c97589,Heitor Nunes,MS,Centro-Oeste,REGULAR,2,197.91,395.82,False
sal_4d7e055bd67b,2025-12-29 13:22:03,2025-12-29,Segunda,2,13,ecommerce,prd_d22d1b8b1502,Camisa Social,Moda,Brastemp,PREMIUM,True,cus_d4db3db9eccb,Ana Julia Camargo,PB,Nordeste,TOP_TIER,1,1149.90,1149.90,False
sal_850bbc4711da,2026-01-10 22:41:03,2026-01-10,Sábado,7,22,ecommerce,prd_f063f46a7ef8,Fone de Ouvido Esportivo,Áudio,Consul,PREMIUM,True,cus_fa3a88d1ccef,Benício Gomes,AL,Nordeste,VIP,1,1286.09,1286.09,False
sal_c3cf31c81651,2026-01-10 08:23:20,2026-01-10,Sábado,7,8,ecommerce,prd_c366b8673062,Produto não cadastrado,Não cadastrado,Não cadastrado,,False,cus_508a15ccf0fa,Zoe Campos,MT,Centro-Oeste,TOP_TIER,1,223.19,223.19,False
sal_64cc534e5d4c,2025-12-20 01:56:45,2025-12-20,Sábado,7,1,loja_fisica,prd_b7490508211e,Vestido Floral,Moda,Apple,BASICO,True,cus_d2762f5968fe,Aurora Pastor,SE,Nordeste,REGULAR,2,220.00,440.00,False
sal_eac019582f1a,2025-12-30 10:25:26,2025-12-30,Terça,3,10,ecommerce,prd_205f309c1a21,Tapete Persa,Casa,Sony,BASICO,True,cus_8fa04d3a5837,Rafael Porto,RS,Sul,TOP_TIER,1,31.49,31.49,False
sal_8a537031c7b5,2026-01-09 14:46:30,2026-01-09,Sexta,6,14,ecommerce,prd_380fab5d7131,Porta-retrato,Casa,Philips,BASICO,True,cus_b42a15933072,Heitor Rezende,PE,Nordeste,TOP_TIER,2,142.90,285.80,False
sal_d0d1675e13dc,2025-12-18 08:45:54,2025-12-18,Quinta,5,8,ecommerce,prd_51511e44c92a,Kit Gamer Completo,Games,Mondial,BASICO,True,cus_ec8d75866856,Luan Vargas,RS,Sul,TOP_TIER,1,88.90,88.90,False
sal_ac5672de9cd5,2025-12-23 10:34:13,2025-12-23,Terça,3,10,ecommerce,prd_fb32df842fbd,Vestido Floral,Moda,Consul,BASICO,True,cus_2b1b3e2a1515,Ana Sophia Pereira,MG,Sudeste,VIP,3,92.90,278.70,False
sal_7d000abee167,2026-01-10 11:01:32,2026-01-10,Sábado,7,11,loja_fisica,prd_334f4a32f979,Persiana Vertical,Casa,Motorola,BASICO,True,cus_3580317ddeab,Bella Borges,AM,Norte,VIP,1,404.50,404.50,False
sal_1207eaa4d992,2025-12-19 20:45:03,2025-12-19,Sexta,6,20,ecommerce,prd_d92ad43fa137,Smart TV 43 Polegadas,Eletrônicos,Philips,BASICO,True,cus_a8f8e01eaee8,Elisa Martins,ES,Sudeste,REGULAR,1,56.87,56.87,False
sal_084438d71347,2025-12-29 09:49:12,2025-12-29,Segunda,2,9,ecommerce,prd_205f309c1a21,Tapete Persa,Casa,Sony,BASICO,True,cus_d4db3db9eccb,Ana Julia Camargo,PB,Nordeste,TOP_TIER,3,34.99,104.97,False
sal_b748d27470e7,2026-01-03 11:36:02,2026-01-03,Sábado,7,11,ecommerce,prd_f063f46a7ef8,Fone de Ouvido Esportivo,Áudio,Consul,PREMIUM,True,cus_b0026583b709,Mariane Pacheco,MT,Centro-Oeste,VIP,1,1428.99,1428.99,False
sal_1760bee3a763,2026-01-09 20:20:08,2026-01-09,Sexta,6,20,ecommerce,prd_9239eec8982d,HD Externo 2TB,Informática,Arno,BASICO,True,cus_31874cf2d1e5,Nina Moura,SP,Sudeste,TOP_TIER,1,51.99,51.99,False
sal_195c4170d858,2026-01-06 15:23:14,2026-01-06,Terça,3,15,ecommerce,prd_334f4a32f979,Persiana Vertical,Casa,Motorola,BASICO,True,cus_96658dc10aa5,Agatha Silveira,PA,Norte,TOP_TIER,2,404.50,809.00,False
sal_c9e3319d785c,2025-12-15 12:44:50,2025-12-15,Segunda,2,12,ecommerce,prd_c708b046fef8,Halteres Ajustáveis,Esporte,Mondial,BASICO,True,cus_0ff4cceccc6f,João Aparecida,CE,Nordeste,TOP_TIER,2,46.00,92.00,False
sal_dc8305c94cd2,2026-01-07 18:47:17,2026-01-07,Quarta,4,18,loja_fisica,prd_1b8a6057bb97,Shampoo Anticaspa,Beleza,Sony,BASICO,True,cus_13af118ef4e8,Sarah Teixeira,AM,Norte,TOP_TIER,1,315.99,315.99,False
sal_1a44370f0e54,2025-12-20 21:25:39,2025-12-20,Sábado,7,21,ecommerce,prd_052f1c397fc6,Carteira de Couro,Acessórios,Philips,BASICO,True,cus_884be6e0ce9a,Emanuel Vieira,PA,Norte,REGULAR,1,63.64,63.64,False
sal_b1f12e704f5e,2025-12-24 08:23:36,2025-12-24,Quarta,4,8,ecommerce,prd_eea07161e6c8,Brincos de Prata,Acessórios,Electrolux,BASICO,True,cus_f1a06ae11717,Gustavo Henrique Rios,AM,Norte,TOP_TIER,2,44.09,88.18,False
sal_d838414313d8,2025-12-29 23:58:00,2025-12-29,Segunda,2,23,ecommerce,prd_651e8d1acbf8,Processador de Alimentos,Cozinha,Brastemp,BASICO,True,cus_df9e0b31fa20,Yuri Albuquerque,SE,Nordeste,REGULAR,1,464.90,464.90,False
sal_5a3302678eb7,2026-01-11 19:12:20,2026-01-11,Domingo,1,19,ecommerce,prd_bf5d8671f7a9,Placa Mãe B450,Informática,Brastemp,BASICO,True,cus_c3944101594c,Murilo Da Mata,RR,Norte,VIP,2,101.92,203.84,False
sal_3760da6e48bc,2025-12-22 16:13:55,2025-12-22,Segunda,2,16,ecommerce,prd_06c19781c3db,Assadeira de Vidro,Cozinha,Nike,BASICO,True,cus_a9747473c5c6,Ana Lívia Aparecida,AL,Nordeste,REGULAR,1,100.90,100.90,False
sal_7f94dc8acef5,2025-12-22 22:43:56,2025-12-22,Segunda,2,22,ecommerce,prd_142839b15f63,Vestido Casual,Moda,Xiaomi,BASICO,True,cus_4e62d52db97a,Josué Souza,RJ,Sudeste,VIP,5,99.50,497.50,False
sal_2724092747ea,2025-12-21 19:06:13,2025-12-21,Domingo,1,19,ecommerce,prd_2293732b7542,Cortina Blackout,Casa,Xiaomi,BASICO,True,cus_a8f8e01eaee8,Elisa Martins,ES,Sudeste,REGULAR,4,62.01,248.04,False
sal_59cdc1d7e275,2026-01-02 08:09:57,2026-01-02,Sexta,6,8,ecommerce,prd_9239eec8982d,HD Externo 2TB,Informática,Arno,BASICO,True,cus_0343c0763f76,Vitor Gabriel Da Luz,RS,Sul,VIP,1,46.79,46.79,False
sal_06b3f549b281,2025-12-20 18:11:53,2025-12-20,Sábado,7,18,ecommerce,prd_db8fc9e6fa53,Paleta de Sombras,Beleza,LG,PREMIUM,True,cus_f1eccf8e0d99,Luiz Miguel Câmara,GO,Centro-Oeste,REGULAR,1,1207.84,1207.84,False
sal_875f210fdf86,2025-12-21 14:42:54,2025-12-21,Domingo,1,14,ecommerce,prd_473cb7923d3d,Kit Gamer Completo,Games,Motorola,BASICO,True,cus_d4db3db9eccb,Ana Julia Camargo,PB,Nordeste,TOP_TIER,1,120.89,120.89,False
sal_899cbb7be55c,2025-12-26 21:38:00,2025-12-26,Sexta,6,21,ecommerce,prd_d500fa66507e,Shorts Jeans,Moda,Electrolux,BASICO,True,cus_911b23c97589,Heitor Nunes,MS,Centro-Oeste,REGULAR,1,365.74,365.74,False
sal_c41d5b0ad7e4,2025-12-22 21:39:06,2025-12-22,Segunda,2,21,ecommerce,prd_ff35b88df534,SSD 500GB,Eletrônicos,Acer,BASICO,True,cus_0914bdf6e1fe,Isabelly Câmara,MT,Centro-Oeste,REGULAR,1,211.90,211.90,False
sal_99a309fc7fe7,2026-01-01 16:12:27,2026-01-01,Quinta,5,16,ecommerce,prd_23664e42a71c,Jogo de Toalhas,Casa,Xiaomi,BASICO,True,cus_4e62d52db97a,Josué Souza,RJ,Sudeste,VIP,1,104.41,104.41,False
sal_1be26884a201,2025-12-30 16:48:50,2025-12-30,Terça,3,16,ecommerce,prd_4ee65ed59110,Frigideira Antiaderente,Cozinha,Philips,BASICO,True,cus_0ff4cceccc6f,João Aparecida,CE,Nordeste,TOP_TIER,2,39.80,79.60,False
sal_71adb25750d7,2025-12-27 22:36:30,2025-12-27,Sábado,7,22,loja_fisica,prd_205f309c1a21,Tapete Persa,Casa,Sony,BASICO,True,cus_df9e0b31fa20,Yuri Albuquerque,SE,Nordeste,REGULAR,1,34.99,34.99,False
sal_b705042c10b5,2026-01-09 15:29:18,2026-01-09,Sexta,6,15,ecommerce,prd_686e2aab873d,Blusa de Frio,Moda,Philips,BASICO,True,cus_644bf6820c61,Heloísa Andrade,PR,Sul,REGULAR,1,89.50,89.50,False
sal_0eeb6e0ad617,2025-12-15 14:09:36,2025-12-15,Segunda,2,14,loja_fisica,prd_1e4ccab8af1a,Máscara Facial,Beleza,Apple,BASICO,True,cus_ec8d75866856,Luan Vargas,RS,Sul,TOP_TIER,1,111.90,111.90,False
sal_aca1f5fe9d3e,2025-12-18 14:51:48,2025-12-18,Quinta,5,14,ecommerce,prd_23664e42a71c,Jogo de Toalhas,Casa,Xiaomi,BASICO,True,cus_418af67b6b28,Miguel Ramos,TO,Norte,REGULAR,4,109.90,439.60,False
sal_f3541db1d8e4,2026-01-01 16:15:16,2026-01-01,Quinta,5,16,ecommerce,prd_295160cbf171,Controle Xbox,Games,Apple,BASICO,True,cus_4209c24e0be2,Maya Castro,TO,Norte,REGULAR,1,310.90,310.90,False
sal_58fe87a0c4d1,2025-12-26 11:13:57,2025-12-26,Sexta,6,11,ecommerce,prd_b76e68fde5cb,Perfume 100ml,Beleza,Nike,BASICO,True,cus_66677d443e5e,Cecília Da Luz,AC,Norte,TOP_TIER,1,412.11,412.11,False
sal_af84e2946f3c,2025-12-25 16:05:51,2025-12-25,Quinta,5,16,ecommerce,prd_f063f46a7ef8,Fone de Ouvido Esportivo,Áudio,Consul,PREMIUM,True,cus_c9cd13d1ae9f,Yasmin Siqueira,PA,Norte,VIP,3,1428.99,4286.97,False
sal_5f17e540bded,2025-12-26 20:06:01,2025-12-26,Sexta,6,20,ecommerce,prd_b7490508211e,Vestido Floral,Moda,Apple,BASICO,True,cus_639110db69ed,João Vitor Barros,AP,Norte,REGULAR,1,220.00,220.00,False
sal_9cf2affb039b,2026-01-06 21:26:46,2026-01-06,Terça,3,21,ecommerce,prd_2cbafff50c72,Sabonete Facial,Beleza,Nike,BASICO,True,cus_d2762f5968fe,Aurora Pastor,SE,Nordeste,REGULAR,1,95.86,95.86,False
sal_f316532138d8,2026-01-05 14:59:40,2026-01-05,Segunda,2,14,loja_fisica,prd_2bf8388221ea,Mouse Gamer RGB,Games,Asus,BASICO,True,cus_78ab1cf16e12,Beatriz Garcia,SE,Nordeste,TOP_TIER,1,47.49,47.49,False
sal_093bcb12e417,2025-12-14 20:10:28,2025-12-14,Domingo,1,20,ecommerce,prd_289cf61bbd5e,Porta-moedas,Acessórios,Consul,BASICO,True,cus_d2762f5968fe,Aurora Pastor,SE,Nordeste,REGULAR,1,110.55,110.55,False
sal_cca1bbff15cb,2025-12-30 12:30:14,2025-12-30,Terça,3,12,ecommerce,prd_bf5d8671f7a9,Placa Mãe B450,Informática,Brastemp,BASICO,True,cus_f50da5532735,João Gabriel Porto,MG,Sudeste,TOP_TIER,1,119.90,119.90,False
sal_e539223e2d52,2025-12-14 13:21:35,2025-12-14,Domingo,1,13,ecommerce,prd_2cbafff50c72,Sabonete Facial,Beleza,Nike,BASICO,True,cus_ec8d75866856,Luan Vargas,RS,Sul,TOP_TIER,1,95.86,95.86,False
sal_41184b59dc3c,2025-12-21 08:48:53,2025-12-21,Domingo,1,8,ecommerce,prd_84a009f1889d,Cortina Box,Casa,Consul,BASICO,True,cus_b42a15933072,Heitor Rezende,PE,Nordeste,TOP_TIER,1,32.90,32.90,False
sal_5b0248ee6c7c,2025-12-18 10:31:04,2025-12-18,Quinta,5,10,ecommerce,prd_9239eec8982d,HD Externo 2TB,Informática,Arno,BASICO,True,cus_644bf6820c61,Heloísa Andrade,PR,Sul,REGULAR,1,51.99,51.99,False
sal_5906cbdff3dd,2026-01-11 19:46:03,2026-01-11,Domingo,1,19,ecommerce,prd_ab011325c1be,Suporte para Controle,Games,Samsung,BASICO,True,cus_13af118ef4e8,Sarah Teixeira,AM,Norte,TOP_TIER,1,31.99,31.99,False
sal_eeaa0020653a,2025-12-20 21:40:16,2025-12-20,Sábado,7,21,ecommerce,prd_ea6b930ce9ac,Gravador de Voz,Áudio,Lenovo,BASICO,True,cus_96658dc10aa5,Agatha Silveira,PA,Norte,TOP_TIER,1,156.99,156.99,False
sal_e8666fd683e3,2025-12-27 20:45:54,2025-12-27,Sábado,7,20,ecommerce,prd_bf5d8671f7a9,Placa Mãe B450,Informática,Brastemp,BASICO,True,cus_b0026583b709,Mariane Pacheco,MT,Centro-Oeste,VIP,1,107.91,107.91,False
sal_ecc557338311,2025-12-30 11:25:06,2025-12-30,Terça,3,11,ecommerce,prd_045813f96891,Cardigan de Lã,Moda,LG,BASICO,True,cus_25c656241a9a,Amanda Novais,GO,Centro-Oeste,TOP_TIER,2,142.99,285.98,False
sal_2c82385782c0,2026-01-03 22:01:11,2026-01-03,Sábado,7,22,ecommerce,prd_d500fa66507e,Shorts Jeans,Moda,Electrolux,BASICO,True,cus_f50da5532735,João Gabriel Porto,MG,Sudeste,TOP_TIER,2,423.49,846.98,False
sal_0872636b1b95,2026-01-03 21:13:25,2026-01-03,Sábado,7,21,ecommerce,prd_30518d908a92,Cinto de Couro,Acessórios,Asus,BASICO,True,cus_0343c0763f76,Vitor Gabriel Da Luz,RS,Sul,VIP,5,80.99,404.95,False
sal_5f0f33ced9ee,2025-12-16 16:34:33,2025-12-16,Terça,3,16,ecommerce,prd_c62100cc281c,Webcam para Stream,Games,Samsung,BASICO,True,cus_b0026583b709,Mariane Pacheco,MT,Centro-Oeste,VIP,5,46.45,232.25,False
sal_757d364184a3,2026-01-02 20:15:01,2026-01-02,Sexta,6,20,loja_fisica,prd_96fbc500aec1,Edredom Casal,Casa,Asus,BASICO,True,cus_1a38731e1fbe,Otávio Fernandes,ES,Sudeste,TOP_TIER,1,58.90,58.90,False
sal_af394a81881c,2026-01-07 21:08:41,2026-01-07,Quarta,4,21,ecommerce,prd_f063f46a7ef8,Fone de Ouvido Esportivo,Áudio,Consul,PREMIUM,True,cus_a01814ad9247,Ana Beatriz Alves,SP,Sudeste,TOP_TIER,2,1428.99,2857.98,False
sal_224525716d74,2025-12-15 12:00:42,2025-12-15,Segunda,2,12,ecommerce,prd_dfac11815029,Microfone para Stream,Games,Apple,BASICO,True,cus_a01814ad9247,Ana Beatriz Alves,SP,Sudeste,TOP_TIER,1,160.65,160.65,False
sal_c8e8a6577718,2025-12-23 21:45:21,2025-12-23,Terça,3,21,loja_fisica,prd_6eca734f2e84,Edredom Casal,Casa,Electrolux,BASICO,True,cus_df9e0b31fa20,Yuri Albuquerque,SE,Nordeste,REGULAR,3,216.59,649.77,False
sal_5df590b04758,2025-12-24 10:17:32,2025-12-24,Quarta,4,10,ecommerce,prd_e55f1f3ae9ad,SSD 500GB,Eletrônicos,Arno,BASICO,True,cus_1a38731e1fbe,Otávio Fernandes,ES,Sudeste,TOP_TIER,1,71.90,71.90,False
sal_86ca1001bfe5,2026-01-01 10:00:13,2026-01-01,Quinta,5,10,ecommerce,prd_385035a5bc20,Notebook Inspiron 15,Eletrônicos,Adidas,BASICO,True,cus_25d1cb23f872,Melissa Pastor,AC,Norte,VIP,1,241.89,241.89,False
sal_391a4cfe96dc,2026-01-09 13:07:31,2026-01-09,Sexta,6,13,ecommerce,prd_82cd17cb589d,Persiana Vertical,Casa,Dell,BASICO,True,cus_fa3a88d1ccef,Benício Gomes,AL,Nordeste,VIP,1,38.16,38.16,False
sal_aa72895ed7a7,2026-01-03 15:16:18,2026-01-03,Sábado,7,15,ecommerce,prd_2255432fabe7,Marcador de Texto,Acessórios,Nike,BASICO,True,cus_508a15ccf0fa,Zoe Campos,MT,Centro-Oeste,TOP_TIER,1,107.99,107.99,False
sal_816ec7b3fffb,2026-01-05 22:28:25,2026-01-05,Segunda,2,22,ecommerce,prd_9b4e39e312d9,Carteira de Couro,Acessórios,Asus,PREMIUM,True,cus_b42a15933072,Heitor Rezende,PE,Nordeste,TOP_TIER,1,1223.59,1223.59,False
sal_e5555eafdc9f,2025-12-16 20:22:39,2025-12-16,Terça,3,20,ecommerce,prd_359246d9ed10,SSD 500GB,Eletrônicos,Dell,BASICO,True,cus_884be6e0ce9a,Emanuel Vieira,PA,Norte,REGULAR,1,101.14,101.14,False
sal_8cbdb32be8fd,2026-01-08 11:37:34,2026-01-08,Quinta,5,11,ecommerce,prd_a479149bae3b,Edredom Casal,Casa,Electrolux,BASICO,True,cus_644bf6820c61,Heloísa Andrade,PR,Sul,REGULAR,3,87.99,263.97,False
sal_239fb45468d7,2025-12-19 12:26:01,2025-12-19,Sexta,6,12,ecommerce,prd_205f309c1a21,Tapete Persa,Casa,Sony,BASICO,True,cus_fa3a88d1ccef,Benício Gomes,AL,Nordeste,VIP,1,34.99,34.99,False
sal_377cec384d06,2025-12-16 15:32:18,2025-12-16,Terça,3,15,ecommerce,prd_334f4a32f979,Persiana Vertical,Casa,Motorola,BASICO,True,cus_36595eecf105,Bruno Novaes,PA,Norte,REGULAR,1,404.50,404.50,False
sal_c5aa0108c8bb,2025-12-15 22:05:54,2025-12-15,Segunda,2,22,loja_fisica,prd_205f309c1a21,Tapete Persa,Casa,Sony,BASICO,True,cus_2b1b3e2a1515,Ana Sophia Pereira,MG,Sudeste,VIP,2,34.99,69.98,False
sal_091b75321d03,2025-12-18 21:14:49,2025-12-18,Quinta,5,21,ecommerce,prd_686e2aab873d,Blusa de Frio,Moda,Philips,BASICO,True,cus_f64907d41a69,Henrique Da Conceição,DF,Centro-Oeste,VIP,1,89.50,89.50,False
sal_63bb9926ba83,2025-12-24 18:01:09,2025-12-24,Quarta,4,18,ecommerce,prd_23664e42a71c,Jogo de Toalhas,Casa,Xiaomi,BASICO,True,cus_911b23c97589,Heitor Nunes,MS,Centro-Oeste,REGULAR,1,120.89,120.89,False
sal_900c4f23bc5d,2026-01-04 12:25:36,2026-01-04,Domingo,1,12,loja_fisica,prd_9259039bf9b2,Tábua de Corte,Cozinha,Sony,BASICO,True,cus_0343c0763f76,Vitor Gabriel Da Luz,RS,Sul,VIP,2,204.84,409.68,False
sal_544dd2d10325,2025-12-28 18:12:52,2025-12-28,Domingo,1,18,ecommerce,prd_385035a5bc20,Notebook Inspiron 15,Eletrônicos,Adidas,BASICO,True,cus_a8f8e01eaee8,Elisa Martins,ES,Sudeste,REGULAR,1,186.91,186.91,False
sal_2d70d3a5015c,2025-12-16 15:49:40,2025-12-16,Terça,3,15,ecommerce,prd_40dc70ce05b2,Assadeira de Vidro,Cozinha,Lenovo,PREMIUM,True,cus_ec8d75866856,Luan Vargas,RS,Sul,TOP_TIER,1,1310.50,1310.50,False
sal_d27fa36e18e4,2025-12-30 18:46:18,2025-12-30,Terça,3,18,ecommerce,prd_b7490508211e,Vestido Floral,Moda,Apple,BASICO,True,cus_b42a15933072,Heitor Rezende,PE,Nordeste,TOP_TIER,1,220.00,220.00,False
sal_2cdbf94dc7a2,2026-01-06 10:24:39,2026-01-06,Terça,3,10,loja_fisica,prd_e66747c9b59e,Cesto de Vime,Casa,Brastemp,BASICO,True,cus_13af118ef4e8,Sarah Teixeira,AM,Norte,TOP_TIER,1,194.00,194.00,False
sal_a9bf441edae8,2025-12-18 09:31:48,2025-12-18,Quinta,5,9,loja_fisica,prd_bf5d8671f7a9,Placa Mãe B450,Informática,Brastemp,BASICO,True,cus_a9747473c5c6,Ana Lívia Aparecida,AL,Nordeste,REGULAR,1,119.90,119.90,False
sal_b840b2031a26,2025-12-19 10:45:28,2025-12-19,Sexta,6,10,loja_fisica,prd_d22d1b8b1502,Camisa Social,Moda,Brastemp,PREMIUM,True,cus_f1eccf8e0d99,Luiz Miguel Câmara,GO,Centro-Oeste,REGULAR,1,1149.90,1149.90,False
sal_72fe7b62b117,2026-01-06 16:08:08,2026-01-06,Terça,3,16,ecommerce,prd_ebb0865fc95d,Fone Gamer RGB,Áudio,Arno,BASICO,True,cus_b0026583b709,Mariane Pacheco,MT,Centro-Oeste,VIP,1,175.99,175.99,False
sal_fbb30dea723b,2026-01-08 13:35:02,2026-01-08,Quinta,5,13,ecommerce,prd_f063f46a7ef8,Fone de Ouvido Esportivo,Áudio,Consul,PREMIUM,True,cus_644bf6820c61,Heloísa Andrade,PR,Sul,REGULAR,1,1428.99,1428.99,False
sal_103a97628b8c,2026-01-05 14:14:54,2026-01-05,Segunda,2,14,ecommerce,prd_1e4ccab8af1a,Máscara Facial,Beleza,Apple,BASICO,True,cus_f64907d41a69,Henrique Da Conceição,DF,Centro-Oeste,VIP,1,111.90,111.90,False
sal_ce54ef6a188b,2025-12-28 19:49:20,2025-12-28,Domingo,1,19,ecommerce,prd_ff35b88df534,SSD 500GB,Eletrônicos,Acer,BASICO,True,cus_9d2dd4770a79,Luigi Camargo,GO,Centro-Oeste,TOP_TIER,1,211.90,211.90,False
sal_e5e234aae0c4,2025-12-16 21:44:28,2025-12-16,Terça,3,21,loja_fisica,prd_c62100cc281c,Webcam para Stream,Games,Samsung,BASICO,True,cus_96658dc10aa5,Agatha Silveira,PA,Norte,TOP_TIER,2,53.79,107.58,False
sal_d92d619cb27d,2025-12-31 20:56:27,2025-12-31,Quarta,4,20,ecommerce,prd_996db03524ae,Elástico de Resistência,Esporte,Sony,BASICO,True,cus_fa3a88d1ccef,Benício Gomes,AL,Nordeste,VIP,1,123.90,123.90,False
sal_ef4ad7e3f024,2026-01-08 21:07:53,2026-01-08,Quinta,5,21,ecommerce,prd_5744e3f88341,Jarra de Vidro,Cozinha,Apple,BASICO,True,cus_8ad3c8745efb,Eduardo Cunha,AC,Norte,TOP_TIER,1,212.19,212.19,False
sal_f9b968ad6f26,2025-12-30 19:51:47,2025-12-30,Terça,3,19,loja_fisica,prd_2293732b7542,Cortina Blackout,Casa,Xiaomi,BASICO,True,cus_0343c0763f76,Vitor Gabriel Da Luz,RS,Sul,VIP,1,65.45,65.45,False
sal_8ee287b9da4e,2026-01-08 09:32:02,2026-01-08,Quinta,5,9,loja_fisica,prd_6ae727ee4463,Placa Mãe B450,Informática,Xiaomi,BASICO,True,cus_508a15ccf0fa,Zoe Campos,MT,Centro-Oeste,TOP_TIER,1,74.00,74.00,False
sal_0b95a2ef740b,2025-12-14 09:34:20,2025-12-14,Domingo,1,9,loja_fisica,prd_3bee9877eb80,Rádio AM/FM,Áudio,Lenovo,BASICO,True,cus_639110db69ed,João Vitor Barros,AP,Norte,REGULAR,1,45.50,45.50,False
sal_5279857b62a5,2025-12-23 17:37:39,2025-12-23,Terça,3,17,ecommerce,prd_38c1b898aecc,Microfone para Stream,Games,Samsung,BASICO,True,cus_884be6e0ce9a,Emanuel Vieira,PA,Norte,REGULAR,2,140.90,281.80,False
sal_e4c45c050b0f,2025-12-26 22:52:56,2025-12-26,Sexta,6,22,ecommerce,prd_295160cbf171,Controle Xbox,Games,Apple,BASICO,True,cus_df9e0b31fa20,Yuri Albuquerque,SE,Nordeste,REGULAR,1,310.90,310.90,False
sal_ba3c2ef8271e,2026-01-10 20:10:06,2026-01-10,Sábado,7,20,ecommerce,prd_a4025bac91a7,Óculos de Sol,Acessórios,Xiaomi,BASICO,True,cus_644bf6820c61,Heloísa Andrade,PR,Sul,REGULAR,1,52.90,52.90,False
sal_2fb6d15e6883,2025-12-19 18:05:02,2025-12-19,Sexta,6,18,ecommerce,prd_9d7b9035daa0,Forma de Bolo Redonda,Cozinha,O Boticário,BASICO,True,cus_c9cd13d1ae9f,Yasmin Siqueira,PA,Norte,VIP,1,172.71,172.71,False
sal_19759c3e1bb1,2025-12-21 22:26:33,2025-12-21,Domingo,1,22,ecommerce,prd_3bee9877eb80,Rádio AM/FM,Áudio,Lenovo,BASICO,True,cus_508a15ccf0fa,Zoe Campos,MT,Centro-Oeste,TOP_TIER,1,45.50,45.50,False
sal_3bc126f59819,2026-01-01 15:38:02,2026-01-01,Quinta,5,15,loja_fisica,prd_385035a5bc20,Notebook Inspiron 15,Eletrônicos,Adidas,BASICO,True,cus_f50da5532735,João Gabriel Porto,MG,Sudeste,TOP_TIER,1,219.90,219.90,False
sal_5243bfd5e007,2026-01-07 21:52:01,2026-01-07,Quarta,4,21,ecommerce,prd_afd58e5fd09d,Condicionador Hidratante,Beleza,Asus,BASICO,True,cus_d2762f5968fe,Aurora Pastor,SE,Nordeste,REGULAR,1,451.90,451.90,False
sal_84627769ca13,2026-01-05 10:56:11,2026-01-05,Segunda,2,10,loja_fisica,prd_4ee65ed59110,Frigideira Antiaderente,Cozinha,Philips,BASICO,True,cus_b42a15933072,Heitor Rezende,PE,Nordeste,TOP_TIER,2,41.90,83.80,False
sal_4f7204c7f726,2025-12-15 16:11:47,2025-12-15,Segunda,2,16,ecommerce,prd_8b22fd85d500,Garrafa Térmica 1L,Cozinha,Sony,BASICO,True,cus_c9cd13d1ae9f,Yasmin Siqueira,PA,Norte,VIP,1,324.99,324.99,False
sal_954f909f22e4,2025-12-19 15:54:40,2025-12-19,Sexta,6,15,ecommerce,prd_c29b93111bd9,Colar de Ouro,Acessórios,Arno,BASICO,True,cus_c9cd13d1ae9f,Yasmin Siqueira,PA,Norte,VIP,1,206.90,206.90,False
sal_b317ba0d9848,2025-12-29 01:46:08,2025-12-29,Segunda,2,1,ecommerce,prd_bf94f6ee7033,Mochila Esportiva,Esporte,Sony,BASICO,True,cus_f1a06ae11717,Gustavo Henrique Rios,AM,Norte,TOP_TIER,1,78.90,78.90,False
sal_faa2c32e1af2,2025-12-23 23:00:31,2025-12-23,Terça,3,23,ecommerce,prd_2293732b7542,Cortina Blackout,Casa,Xiaomi,BASICO,True,cus_884be6e0ce9a,Emanuel Vieira,PA,Norte,REGULAR,3,65.45,196.35,False
sal_4c4273ea3507,2025-12-13 20:18:02,2025-12-13,Sábado,7,20,ecommerce,prd_fce914504522,Headset Gamer 7.1,Games,Brastemp,BASICO,True,cus_0ff4cceccc6f,João Aparecida,CE,Nordeste,TOP_TIER,1,74.99,74.99,True
sal_0b64ddb2b8f0,2026-01-04 11:03:58,2026-01-04,Domingo,1,11,ecommerce,prd_30518d908a92,Cinto de Couro,Acessórios,Asus,BASICO,True,cus_71308b76151a,Amanda Sousa,MS,Centro-Oeste,TOP_TIER,1,80.99,80.99,False
sal_b6497f1e0c86,2026-01-08 12:22:50,2026-01-08,Quinta,5,12,ecommerce,prd_84a009f1889d,Cortina Box,Casa,Consul,BASICO,True,cus_f1eccf8e0d99,Luiz Miguel Câmara,GO,Centro-Oeste,REGULAR,1,31.25,31.25,False
sal_233860302594,2026-01-06 10:21:10,2026-01-06,Terça,3,10,ecommerce,prd_e3934c71bd0c,Meia Esportiva,Esporte,Sony,BASICO,True,cus_66677d443e5e,Cecília Da Luz,AC,Norte,TOP_TIER,1,391.90,391.90,False
sal_edd02d7567a7,2025-12-19 10:32:04,2025-12-19,Sexta,6,10,loja_fisica,prd_51511e44c92a,Kit Gamer Completo,Games,Mondial,BASICO,True,cus_c8d383cfde0c,Maria Cecília Oliveira,AM,Norte,TOP_TIER,2,88.90,177.80,False
sal_451fb9980e18,2025-12-21 22:17:40,2025-12-21,Domingo,1,22,ecommerce,prd_9239eec8982d,HD Externo 2TB,Informática,Arno,BASICO,True,cus_b42a15933072,Heitor Rezende,PE,Nordeste,TOP_TIER,1,51.99,51.99,False
sal_7b9717b778d6,2025-12-27 13:59:17,2025-12-27,Sábado,7,13,ecommerce,prd_51511e44c92a,Kit Gamer Completo,Games,Mondial,BASICO,True,cus_31874cf2d1e5,Nina Moura,SP,Sudeste,TOP_TIER,3,88.90,266.70,False
sal_e4947e41c0ce,2025-12-23 20:01:59,2025-12-23,Terça,3,20,loja_fisica,prd_6eca734f2e84,Edredom Casal,Casa,Electrolux,BASICO,True,cus_d36c11b261a6,Cauã Rocha,MA,Nordeste,REGULAR,1,193.79,193.79,False
sal_1606bdde93b7,2026-01-04 10:19:12,2026-01-04,Domingo,1,10,loja_fisica,prd_bf5d8671f7a9,Placa Mãe B450,Informática,Brastemp,BASICO,True,cus_b42a15933072,Heitor Rezende,PE,Nordeste,TOP_TIER,1,101.92,101.92,False
sal_4d723f171097,2026-01-07 17:32:03,2026-01-07,Quarta,4,17,ecommerce,prd_a4ee2d52d1c5,Suporte para Controle,Games,Arno,BASICO,True,cus_d36c11b261a6,Cauã Rocha,MA,Nordeste,REGULAR,4,213.90,855.60,False
sal_c92b77c71ac1,2025-12-18 20:08:21,2025-12-18,Quinta,5,20,ecommerce,prd_dfac11815029,Microfone para Stream,Games,Apple,BASICO,True,cus_8ad3c8745efb,Eduardo Cunha,AC,Norte,TOP_TIER,3,179.55,538.65,False
sal_2949e053a32d,2025-12-13 17:20:18,2025-12-13,Sábado,7,17,ecommerce,prd_6442b103f637,Adaptador HDMI-VGA,Informática,Arno,BASICO,True,cus_b42a15933072,Heitor Rezende,PE,Nordeste,TOP_TIER,1,299.90,299.90,False
sal_915c052db395,2026-01-01 16:50:57,2026-01-01,Quinta,5,16,ecommerce,prd_d92ad43fa137,Smart TV 43 Polegadas,Eletrônicos,Philips,BASICO,True,cus_a2e18141f826,Ísis Leão,CE,Nordeste,REGULAR,2,56.87,113.74,False
sal_981142422758,2026-01-01 23:04:39,2026-01-01,Quinta,5,23,ecommerce,prd_23664e42a71c,Jogo de Toalhas,Casa,Xiaomi,BASICO,True,cus_639110db69ed,João Vitor Barros,AP,Norte,REGULAR,2,109.90,219.80,False
sal_929ccf55f463,2025-12-24 08:08:32,2025-12-24,Quarta,4,8,ecommerce,prd_d92ad43fa137,Smart TV 43 Polegadas,Eletrônicos,Philips,BASICO,True,cus_d4db3db9eccb,Ana Julia Camargo,PB,Nordeste,TOP_TIER,1,60.21,60.21,False
sal_8c57648bb3bf,2025-12-25 13:25:54,2025-12-25,Quinta,5,13,ecommerce,prd_9239eec8982d,HD Externo 2TB,Informática,Arno,BASICO,True,cus_f64907d41a69,Henrique Da Conceição,DF,Centro-Oeste,VIP,1,44.19,44.19,False
sal_5f37bc0210bd,2026-01-06 16:54:07,2026-01-06,Terça,3,16,loja_fisica,prd_9b4e39e312d9,Carteira de Couro,Acessórios,Asus,PREMIUM,True,cus_ec8d75866856,Luan Vargas,RS,Sul,TOP_TIER,1,1223.59,1223.59,False
sal_eec675e6e157,2025-12-20 09:18:11,2025-12-20,Sábado,7,9,ecommerce,prd_a4025bac91a7,Óculos de Sol,Acessórios,Xiaomi,BASICO,True,cus_1a38731e1fbe,Otávio Fernandes,ES,Sudeste,TOP_TIER,2,52.90,105.80,False
sal_679771c0c874,2025-12-13 16:52:34,2025-12-13,Sábado,7,16,ecommerce,prd_c62100cc281c,Webcam para Stream,Games,Samsung,BASICO,True,cus_eae005fd3470,Calebe Fogaça,TO,Norte,TOP_TIER,1,44.01,44.01,False
sal_c98f85d6907b,2025-12-14 16:05:57,2025-12-14,Domingo,1,16,ecommerce,prd_1e4ccab8af1a,Máscara Facial,Beleza,Apple,BASICO,True,cus_fa3a88d1ccef,Benício Gomes,AL,Nordeste,VIP,3,111.90,335.70,False
sal_acc49932f42a,2025-12-28 16:20:02,2025-12-28,Domingo,1,16,loja_fisica,prd_9239eec8982d,HD Externo 2TB,Informática,Arno,BASICO,True,cus_fa3a88d1ccef,Benício Gomes,AL,Nordeste,VIP,1,51.99,51.99,False
sal_9d1fe607e3dc,2025-12-27 18:41:20,2025-12-27,Sábado,7,18,loja_fisica,prd_92c0ecf60a58,Jogo de Toalhas,Casa,Brastemp,BASICO,True,cus_639110db69ed,João Vitor Barros,AP,Norte,REGULAR,1,180.90,180.90,False
sal_9e1250d48d9a,2025-12-29 11:06:29,2025-12-29,Segunda,2,11,ecommerce,prd_4ee65ed59110,Frigideira Antiaderente,Cozinha,Philips,BASICO,True,cus_f50da5532735,João Gabriel Porto,MG,Sudeste,TOP_TIER,2,35.61,71.22,False
sal_76502d2a1921,2026-01-10 14:34:29,2026-01-10,Sábado,7,14,loja_fisica,prd_bf5d8671f7a9,Placa Mãe B450,Informática,Brastemp,BASICO,True,cus_25c656241a9a,Amanda Novais,GO,Centro-Oeste,TOP_TIER,1,107.91,107.91,False
sal_cdc8606bc60b,2025-12-30 09:53:59,2025-12-30,Terça,3,9,ecommerce,prd_045813f96891,Cardigan de Lã,Moda,LG,BASICO,True,cus_0914bdf6e1fe,Isabelly Câmara,MT,Centro-Oeste,REGULAR,3,121.54,364.62,False
sal_2ee2e38da2d2,2026-01-06 19:34:16,2026-01-06,Terça,3,19,ecommerce,prd_2293732b7542,Cortina Blackout,Casa,Xiaomi,BASICO,True,cus_3580317ddeab,Bella Borges,AM,Norte,VIP,1,68.90,68.90,False
sal_54991ad8fc7e,2025-12-13 10:53:28,2025-12-13,Sábado,7,10,loja_fisica,prd_694bd92302c1,Gabinete ATX,Informática,Mondial,BASICO,True,cus_c3944101594c,Murilo Da Mata,RR,Norte,VIP,1,92.90,92.90,False
sal_2da24b3cd782,2025-12-23 08:28:48,2025-12-23,Terça,3,8,ecommerce,prd_8fa1119d3982,Roteador Wi-Fi 6,Eletrônicos,Adidas,BASICO,True,cus_a9747473c5c6,Ana Lívia Aparecida,AL,Nordeste,REGULAR,1,39.90,39.90,False
sal_09ed6eaad987,2025-12-17 13:14:47,2025-12-17,Quarta,4,13,ecommerce,prd_afd58e5fd09d,Condicionador Hidratante,Beleza,Asus,BASICO,True,cus_418af67b6b28,Miguel Ramos,TO,Norte,REGULAR,1,497.09,497.09,False
sal_d2ad84f86324,2025-12-16 22:33:40,2025-12-16,Terça,3,22,ecommerce,prd_205f309c1a21,Tapete Persa,Casa,Sony,BASICO,True,cus_911b23c97589,Heitor Nunes,MS,Centro-Oeste,REGULAR,1,31.49,31.49,False
sal_1e70a839f34f,2025-12-29 11:30:02,2025-12-29,Segunda,2,11,ecommerce,prd_f063f46a7ef8,Fone de Ouvido Esportivo,Áudio,Consul,PREMIUM,True,cus_c9cd13d1ae9f,Yasmin Siqueira,PA,Norte,VIP,1,1357.54,1357.54,False
sal_949110509ade,2025-12-31 18:44:42,2025-12-31,Quarta,4,18,loja_fisica,prd_d500fa66507e,Shorts Jeans,Moda,Electrolux,BASICO,True,cus_f1a06ae11717,Gustavo Henrique Rios,AM,Norte,TOP_TIER,1,384.99,384.99,False
sal_5755b4fd4d12,2026-01-07 12:19:38,2026-01-07,Quarta,4,12,loja_fisica,prd_afd58e5fd09d,Condicionador Hidratante,Beleza,Asus,BASICO,True,cus_d36c11b261a6,Cauã Rocha,MA,Nordeste,REGULAR,2,406.71,813.42,False
sal_a2427d05083f,2026-01-06 16:49:14,2026-01-06,Terça,3,16,loja_fisica,prd_38c1b898aecc,Microfone para Stream,Games,Samsung,BASICO,True,cus_508a15ccf0fa,Zoe Campos,MT,Centro-Oeste,TOP_TIER,1,126.81,126.81,False
sal_9748e2f71ef4,2025-12-19 16:45:01,2025-12-19,Sexta,6,16,ecommerce,prd_474405dcce41,Brincos de Prata,Acessórios,Motorola,BASICO,True,cus_ec8d75866856,Luan Vargas,RS,Sul,TOP_TIER,1,67.90,67.90,False
sal_217b81aaa09e,2025-12-14 19:30:58,2025-12-14,Domingo,1,19,loja_fisica,prd_045813f96891,Cardigan de Lã,Moda,LG,BASICO,True,cus_25c656241a9a,Amanda Novais,GO,Centro-Oeste,TOP_TIER,1,135.84,135.84,False
sal_81a3a348920c,2025-12-25 01:15:55,2025-12-25,Quinta,5,1,ecommerce,prd_d22d1b8b1502,Camisa Social,Moda,Brastemp,PREMIUM,True,cus_fa3a88d1ccef,Benício Gomes,AL,Nordeste,VIP,1,1149.90,1149.90,False
sal_9971a5fda816,2026-01-01 21:44:18,2026-01-01,Quinta,5,21,loja_fisica,prd_08fc82e8b75d,Persiana Vertical,Casa,Acer,BASICO,True,cus_8ad3c8745efb,Eduardo Cunha,AC,Norte,TOP_TIER,1,137.90,137.90,False
sal_ad227994abac,2026-01-06 21:27:36,2026-01-06,Terça,3,21,ecommerce,prd_9f5272275347,Marcador de Texto,Acessórios,Sony,BASICO,True,cus_66677d443e5e,Cecília Da Luz,AC,Norte,TOP_TIER,3,59.50,178.50,False
sal_d4f1c6fa7d22,2026-01-11 22:49:20,2026-01-11,Domingo,1,22,ecommerce,prd_4ee65ed59110,Frigideira Antiaderente,Cozinha,Philips,BASICO,True,cus_a8f8e01eaee8,Elisa Martins,ES,Sudeste,REGULAR,1,41.90,41.90,False
sal_74cb2e2e025b,2026-01-09 18:22:40,2026-01-09,Sexta,6,18,ecommerce,prd_ff35b88df534,SSD 500GB,Eletrônicos,Acer,BASICO,True,cus_f1a06ae11717,Gustavo Henrique Rios,AM,Norte,TOP_TIER,1,211.90,211.90,False
sal_88551b0c7426,2025-12-15 15:33:16,2025-12-15,Segunda,2,15,ecommerce,prd_6442b103f637,Adaptador HDMI-VGA,Informática,Arno,BASICO,True,cus_a9747473c5c6,Ana Lívia Aparecida,AL,Nordeste,REGULAR,1,254.91,254.91,False
sal_55a04b52a7ef,2025-12-23 18:57:27,2025-12-23,Terça,3,18,ecommerce,prd_d500fa66507e,Shorts Jeans,Moda,Electrolux,BASICO,True,cus_c8d383cfde0c,Maria Cecília Oliveira,AM,Norte,TOP_TIER,1,384.99,384.99,False
sal_01beb11695f8,2025-12-16 14:00:44,2025-12-16,Terça,3,14,ecommerce,prd_ef0b5e05efef,Creme Hidratante,Beleza,Electrolux,BASICO,True,cus_9d2dd4770a79,Luigi Camargo,GO,Centro-Oeste,TOP_TIER,1,247.90,247.90,False
sal_f1ebb6dd9008,2025-12-26 20:24:52,2025-12-26,Sexta,6,20,ecommerce,prd_ff56c9132964,Regata Básica,Moda,Xiaomi,BASICO,True,cus_8ad3c8745efb,Eduardo Cunha,AC,Norte,TOP_TIER,1,203.29,203.29,False
sal_7517b464b0c1,2025-12-25 14:26:52,2025-12-25,Quinta,5,14,ecommerce,prd_b7490508211e,Vestido Floral,Moda,Apple,BASICO,True,cus_a2e18141f826,Ísis Leão,CE,Nordeste,REGULAR,1,220.00,220.00,False
sal_8f844c6b91b5,2025-12-22 17:37:24,2025-12-22,Segunda,2,17,ecommerce,prd_2293732b7542,Cortina Blackout,Casa,Xiaomi,BASICO,True,cus_8ad3c8745efb,Eduardo Cunha,AC,Norte,TOP_TIER,2,65.45,130.90,False
sal_436d96fb43f0,2025-12-14 08:40:50,2025-12-14,Domingo,1,8,loja_fisica,prd_2293732b7542,Cortina Blackout,Casa,Xiaomi,BASICO,True,cus_884be6e0ce9a,Emanuel Vieira,PA,Norte,REGULAR,1,68.90,68.90,False
sal_1248bac7ac4d,2025-12-25 17:05:47,2025-12-25,Quinta,5,17,ecommerce,prd_bf94f6ee7033,Mochila Esportiva,Esporte,Sony,BASICO,True,cus_cf84750c1fb4,Alana Teixeira,MA,Nordeste,TOP_TIER,3,78.90,236.70,False
sal_ece6ba80fce3,2026-01-09 18:00:25,2026-01-09,Sexta,6,18,ecommerce,prd_55776d3e5c2a,Garrafa Esportiva,Esporte,Adidas,BASICO,True,cus_cf84750c1fb4,Alana Teixeira,MA,Nordeste,TOP_TIER,2,165.51,331.02,False
sal_d4ff29d61e3e,2026-01-04 08:46:56,2026-01-04,Domingo,1,8,loja_fisica,prd_045813f96891,Cardigan de Lã,Moda,LG,BASICO,True,cus_b0026583b709,Mariane Pacheco,MT,Centro-Oeste,VIP,1,128.69,128.69,False
sal_10d3c62cd2c0,2026-01-06 21:39:45,2026-01-06,Terça,3,21,ecommerce,prd_ff35b88df534,SSD 500GB,Eletrônicos,Acer,BASICO,True,cus_b42a15933072,Heitor Rezende,PE,Nordeste,TOP_TIER,1,211.90,211.90,False
sal_5fcd3bef1a56,2025-12-20 12:24:13,2025-12-20,Sábado,7,12,loja_fisica,prd_686e2aab873d,Blusa de Frio,Moda,Philips,BASICO,True,cus_b42a15933072,Heitor Rezende,PE,Nordeste,TOP_TIER,4,89.50,358.00,False
sal_4358d40abe75,2025-12-28 18:56:33,2025-12-28,Domingo,1,18,ecommerce,prd_f1f39e56f84d,Bermuda Tactel,Moda,Motorola,BASICO,True,cus_f1a06ae11717,Gustavo Henrique Rios,AM,Norte,TOP_TIER,2,52.24,104.48,False
sal_c8af1bf75551,2025-12-24 13:44:32,2025-12-24,Quarta,4,13,ecommerce,prd_c50822dc2e7c,Teclado Mecânico RGB,Eletrônicos,Philips,BASICO,True,cus_f50da5532735,João Gabriel Porto,MG,Sudeste,TOP_TIER,1,223.99,223.99,False
sal_162e5a967452,2026-01-06 19:09:08,2026-01-06,Terça,3,19,loja_fisica,prd_84a009f1889d,Cortina Box,Casa,Consul,BASICO,True,cus_78ab1cf16e12,Beatriz Garcia,SE,Nordeste,TOP_TIER,1,32.90,32.90,False
sal_8345cf8d35eb,2026-01-11 15:39:25,2026-01-11,Domingo,1,15,ecommerce,prd_51511e44c92a,Kit Gamer Completo,Games,Mondial,BASICO,True,cus_79d52b75f259,Elisa Freitas,CE,Nordeste,TOP_TIER,2,75.56,151.12,False
sal_079ab8ba9dce,2025-12-28 18:02:18,2025-12-28,Domingo,1,18,ecommerce,prd_d92ad43fa137,Smart TV 43 Polegadas,Eletrônicos,Philips,BASICO,True,cus_36595eecf105,Bruno Novaes,PA,Norte,REGULAR,2,66.90,133.80,False
sal_41670ca1f64c,2026-01-11 16:55:01,2026-01-11,Domingo,1,16,loja_fisica,prd_82cd17cb589d,Persiana Vertical,Casa,Dell,BASICO,True,cus_418af67b6b28,Miguel Ramos,TO,Norte,REGULAR,1,44.90,44.90,False
sal_732c1f3fd8a4,2026-01-02 15:02:35,2026-01-02,Sexta,6,15,ecommerce,prd_728d12065bf5,Suporte para Monitor,Informática,Consul,BASICO,True,cus_7262f4e5ce9f,Sophia Monteiro,SP,Sudeste,TOP_TIER,1,365.50,365.50,False
sal_0cc451ae1b02,2026-01-03 22:47:00,2026-01-03,Sábado,7,22,ecommerce,prd_3053916502fb,Cabo USB-C,Eletrônicos,Electrolux,BASICO,True,cus_f1eccf8e0d99,Luiz Miguel Câmara,GO,Centro-Oeste,REGULAR,1,448.50,448.50,False
sal_a489869d5f54,2025-12-13 11:22:09,2025-12-13,Sábado,7,11,loja_fisica,prd_cc3053305ba7,iPhone 14,Eletrônicos,Motorola,MEDIO,True,cus_eae005fd3470,Calebe Fogaça,TO,Norte,TOP_TIER,1,555.21,555.21,False
sal_ee6612a1e3f2,2025-12-24 20:04:39,2025-12-24,Quarta,4,20,loja_fisica,prd_f79cf82f8ee0,Caixa de Som JBL,Eletrônicos,Mondial,BASICO,True,cus_0ff4cceccc6f,João Aparecida,CE,Nordeste,TOP_TIER,1,208.91,208.91,False
sal_32f33e983c71,2025-12-28 18:37:13,2025-12-28,Domingo,1,18,loja_fisica,prd_c62100cc281c,Webcam para Stream,Games,Samsung,BASICO,True,cus_a8f8e01eaee8,Elisa Martins,ES,Sudeste,REGULAR,2,41.56,83.12,False
sal_ef9fd2eed5dd,2025-12-23 22:12:53,2025-12-23,Terça,3,22,ecommerce,prd_e772a9cda46d,Blusa de Algodão,Moda,LG,BASICO,True,cus_1a38731e1fbe,Otávio Fernandes,ES,Sudeste,TOP_TIER,1,31.36,31.36,False
sal_fe064704e370,2026-01-07 12:16:30,2026-01-07,Quarta,4,12,ecommerce,prd_2293732b7542,Cortina Blackout,Casa,Xiaomi,BASICO,True,cus_8fa04d3a5837,Rafael Porto,RS,Sul,TOP_TIER,1,68.90,68.90,False
sal_67a85a687ab0,2026-01-05 13:57:58,2026-01-05,Segunda,2,13,ecommerce,prd_d92ad43fa137,Smart TV 43 Polegadas,Eletrônicos,Philips,BASICO,True,cus_b0026583b709,Mariane Pacheco,MT,Centro-Oeste,VIP,2,63.55,127.10,False
sal_3238074724a4,2025-12-18 11:11:50,2025-12-18,Quinta,5,11,ecommerce,prd_6b1b9c7303d5,Peneira Inox,Cozinha,Samsung,MEDIO,True,cus_31874cf2d1e5,Nina Moura,SP,Sudeste,TOP_TIER,1,727.69,727.69,False
sal_1861e9a56de3,2025-12-27 16:54:51,2025-12-27,Sábado,7,16,loja_fisica,prd_ebb0865fc95d,Fone Gamer RGB,Áudio,Arno,BASICO,True,cus_ec8d75866856,Luan Vargas,RS,Sul,TOP_TIER,2,175.99,351.98,False
sal_40803973c7d2,2026-01-04 16:29:14,2026-01-04,Domingo,1,16,loja_fisica,prd_9239eec8982d,HD Externo 2TB,Informática,Arno,BASICO,True,cus_7262f4e5ce9f,Sophia Monteiro,SP,Sudeste,TOP_TIER,1,51.99,51.99,False
sal_42220c254277,2025-12-20 09:02:52,2025-12-20,Sábado,7,9,ecommerce,prd_d22d1b8b1502,Camisa Social,Moda,Brastemp,PREMIUM,True,cus_66677d443e5e,Cecília Da Luz,AC,Norte,TOP_TIER,1,1264.89,1264.89,False
sal_24ffd549a50f,2025-12-25 18:00:48,2025-12-25,Quinta,5,18,ecommerce,prd_ff35b88df534,SSD 500GB,Eletrônicos,Acer,BASICO,True,cus_9d2dd4770a79,Luigi Camargo,GO,Centro-Oeste,TOP_TIER,1,211.90,211.90,False
sal_28f4dfa22b58,2025-12-29 19:05:44,2025-12-29,Segunda,2,19,ecommerce,prd_0aba258682b7,Vestido Floral,Moda,Adidas,BASICO,True,cus_cf84750c1fb4,Alana Teixeira,MA,Nordeste,TOP_TIER,2,72.50,145.00,False
sal_50a949a87664,2026-01-02 09:07:39,2026-01-02,Sexta,6,9,loja_fisica,prd_28cd8ab86936,Porta-moedas,Acessórios,Xiaomi,BASICO,True,cus_a2e18141f826,Ísis Leão,CE,Nordeste,REGULAR,1,226.00,226.00,False
sal_c15d97c040c0,2025-12-26 22:23:41,2025-12-26,Sexta,6,22,ecommerce,prd_d500fa66507e,Shorts Jeans,Moda,Electrolux,BASICO,True,cus_508a15ccf0fa,Zoe Campos,MT,Centro-Oeste,TOP_TIER,1,384.99,384.99,False
sal_469eaf081a0a,2026-01-01 20:00:29,2026-01-01,Quinta,5,20,ecommerce,prd_bf5d8671f7a9,Placa Mãe B450,Informática,Brastemp,BASICO,True,cus_31874cf2d1e5,Nina Moura,SP,Sudeste,TOP_TIER,2,113.91,227.82,False
sal_a12ac2bbb191,2026-01-10 09:06:31,2026-01-10,Sábado,7,9,loja_fisica,prd_bf5d8671f7a9,Placa Mãe B450,Informática,Brastemp,BASICO,True,cus_25c656241a9a,Amanda Novais,GO,Centro-Oeste,TOP_TIER,2,131.89,263.78,False
sal_3ea3f6828af8,2026-01-11 18:25:43,2026-01-11,Domingo,1,18,loja_fisica,prd_3d2453a6e728,Produto não cadastrado,Não cadastrado,Não cadastrado,,False,cus_3580317ddeab,Bella Borges,AM,Norte,VIP,2,67.05,134.10,False
sal_be3e04eb7f32,2025-12-21 11:07:30,2025-12-21,Domingo,1,11,ecommerce,prd_686e2aab873d,Blusa de Frio,Moda,Philips,BASICO,True,cus_418af67b6b28,Miguel Ramos,TO,Norte,REGULAR,2,85.02,170.04,False
sal_943146f17d46,2026-01-03 13:08:00,2026-01-03,Sábado,7,13,ecommerce,prd_bf5d8671f7a9,Placa Mãe B450,Informática,Brastemp,BASICO,True,cus_eae005fd3470,Calebe Fogaça,TO,Norte,TOP_TIER,1,119.90,119.90,False
sal_26b907de6fb8,2025-12-17 15:57:21,2025-12-17,Quarta,4,15,ecommerce,prd_2293732b7542,Cortina Blackout,Casa,Xiaomi,BASICO,True,cus_a8f8e01eaee8,Elisa Martins,ES,Sudeste,REGULAR,3,65.45,196.35,False
sal_2b3fecb2ed88,2025-12-19 11:02:28,2025-12-19,Sexta,6,11,ecommerce,prd_abc44b46bee1,Sabonete Facial,Beleza,Asus,BASICO,True,cus_c8d383cfde0c,Maria Cecília Oliveira,AM,Norte,TOP_TIER,1,134.91,134.91,False
sal_a9391b66883f,2026-01-02 15:51:38,2026-01-02,Sexta,6,15,ecommerce,prd_045813f96891,Cardigan de Lã,Moda,LG,BASICO,True,cus_13af118ef4e8,Sarah Teixeira,AM,Norte,TOP_TIER,1,128.69,128.69,False
sal_196c927c67f8,2025-12-24 10:01:14,2025-12-24,Quarta,4,10,ecommerce,prd_22f73233f9a5,Notebook Inspiron 15,Eletrônicos,O Boticário,BASICO,True,cus_911b23c97589,Heitor Nunes,MS,Centro-Oeste,REGULAR,2,93.51,187.02,False
sal_20cb81fd9102,2025-12-15 18:43:47,2025-12-15,Segunda,2,18,loja_fisica,prd_30518d908a92,Cinto de Couro,Acessórios,Asus,BASICO,True,cus_df9e0b31fa20,Yuri Albuquerque,SE,Nordeste,REGULAR,1,80.99,80.99,False
sal_dfcd9de8becf,2026-01-02 08:14:41,2026-01-02,Sexta,6,8,ecommerce,prd_e55f1f3ae9ad,SSD 500GB,Eletrônicos,Arno,BASICO,True,cus_a8f8e01eaee8,Elisa Martins,ES,Sudeste,REGULAR,1,61.12,61.12,False
sal_0abc2fd05964,2025-12-18 11:31:11,2025-12-18,Quinta,5,11,ecommerce,prd_380fab5d7131,Porta-retrato,Casa,Philips,BASICO,True,cus_a2e18141f826,Ísis Leão,CE,Nordeste,REGULAR,1,142.90,142.90,False
sal_d08f22b912c4,2026-01-06 11:43:00,2026-01-06,Terça,3,11,ecommerce,prd_0aba258682b7,Vestido Floral,Moda,Adidas,BASICO,True,cus_f1a06ae11717,Gustavo Henrique Rios,AM,Norte,TOP_TIER,1,72.50,72.50,False
sal_2c4a3e68b4a6,2025-12-20 16:16:13,2025-12-20,Sábado,7,16,ecommerce,prd_82cd17cb589d,Persiana Vertical,Casa,Dell,BASICO,True,cus_c9cd13d1ae9f,Yasmin Siqueira,PA,Norte,VIP,1,40.41,40.41,False
sal_c3fe1b7e39f6,2026-01-08 19:34:18,2026-01-08,Quinta,5,19,ecommerce,prd_686e2aab873d,Blusa de Frio,Moda,Philips,BASICO,True,cus_418af67b6b28,Miguel Ramos,TO,Norte,REGULAR,1,89.50,89.50,False
sal_8366f76586e3,2026-01-04 00:54:55,2026-01-04,Domingo,1,0,loja_fisica,prd_d92ad43fa137,Smart TV 43 Polegadas,Eletrônicos,Philips,BASICO,True,cus_6ff11137142d,Vitor Gabriel Sá,TO,Norte,TOP_TIER,1,66.90,66.90,False
sal_1d7023e9ae46,2025-12-20 22:40:44,2025-12-20,Sábado,7,22,ecommerce,prd_ff35b88df534,SSD 500GB,Eletrônicos,Acer,BASICO,True,cus_a9747473c5c6,Ana Lívia Aparecida,AL,Nordeste,REGULAR,1,211.90,211.90,False
sal_4aaff461f2ff,2025-12-28 23:23:07,2025-12-28,Domingo,1,23,loja_fisica,prd_d22d1b8b1502,Camisa Social,Moda,Brastemp,PREMIUM,True,cus_508a15ccf0fa,Zoe Campos,MT,Centro-Oeste,TOP_TIER,3,1149.90,3449.70,False
sal_1661c2111807,2026-01-09 20:00:09,2026-01-09,Sexta,6,20,ecommerce,prd_385035a5bc20,Notebook Inspiron 15,Eletrônicos,Adidas,BASICO,True,cus_7262f4e5ce9f,Sophia Monteiro,SP,Sudeste,TOP_TIER,2,219.90,439.80,False
sal_32ede5baae8d,2026-01-09 08:06:46,2026-01-09,Sexta,6,8,ecommerce,prd_385035a5bc20,Notebook Inspiron 15,Eletrônicos,Adidas,BASICO,True,cus_31874cf2d1e5,Nina Moura,SP,Sudeste,TOP_TIER,1,219.90,219.90,False
sal_bc253e7801ad,2026-01-08 22:25:11,2026-01-08,Quinta,5,22,ecommerce,prd_bf5d8671f7a9,Placa Mãe B450,Informática,Brastemp,BASICO,True,cus_36595eecf105,Bruno Novaes,PA,Norte,REGULAR,1,107.91,107.91,False
sal_bb94fcd2f7ef,2025-12-18 13:49:54,2025-12-18,Quinta,5,13,ecommerce,prd_9239eec8982d,HD Externo 2TB,Informática,Arno,BASICO,True,cus_d36c11b261a6,Cauã Rocha,MA,Nordeste,REGULAR,1,44.19,44.19,False
sal_8c71c4fd1bd8,2025-12-24 10:35:47,2025-12-24,Quarta,4,10,loja_fisica,prd_686e2aab873d,Blusa de Frio,Moda,Philips,BASICO,True,cus_2b1b3e2a1515,Ana Sophia Pereira,MG,Sudeste,VIP,1,85.02,85.02,False
sal_32dd66519451,2025-12-14 15:43:01,2025-12-14,Domingo,1,15,ecommerce,prd_d22d1b8b1502,Camisa Social,Moda,Brastemp,PREMIUM,True,cus_3580317ddeab,Bella Borges,AM,Norte,VIP,4,1149.90,4599.60,False
sal_eef68be9bdef,2025-12-19 14:10:05,2025-12-19,Sexta,6,14,ecommerce,prd_fce914504522,Headset Gamer 7.1,Games,Brastemp,BASICO,True,cus_eae005fd3470,Calebe Fogaça,TO,Norte,TOP_TIER,1,74.99,74.99,True
sal_b623331fb0fa,2025-12-26 11:56:16,2025-12-26,Sexta,6,11,ecommerce,prd_045813f96891,Cardigan de Lã,Moda,LG,BASICO,True,cus_2b1b3e2a1515,Ana Sophia Pereira,MG,Sudeste,VIP,1,157.29,157.29,False
sal_06aaeda37d7a,2026-01-02 21:18:36,2026-01-02,Sexta,6,21,ecommerce,prd_47a25ae10c23,Soundbar TV,Áudio,Acer,BASICO,True,cus_b42a15933072,Heitor Rezende,PE,Nordeste,TOP_TIER,1,88.99,88.99,False
sal_3704eeee2042,2025-12-13 15:12:51,2025-12-13,Sábado,7,15,ecommerce,prd_9a3dfc23b7a3,Relógio Analógico,Acessórios,Mondial,BASICO,True,cus_f1eccf8e0d99,Luiz Miguel Câmara,GO,Centro-Oeste,REGULAR,1,89.67,89.67,False
sal_9af613c584d2,2026-01-08 09:00:30,2026-01-08,Quinta,5,9,loja_fisica,prd_6d4e3b1efd0c,Necessaire,Acessórios,Xiaomi,PREMIUM,True,cus_78ab1cf16e12,Beatriz Garcia,SE,Nordeste,TOP_TIER,1,968.99,968.99,False
sal_f7ac00314117,2026-01-02 23:19:06,2026-01-02,Sexta,6,23,ecommerce,prd_65574e733561,Produto não cadastrado,Não cadastrado,Não cadastrado,,False,cus_639110db69ed,João Vitor Barros,AP,Norte,REGULAR,1,97.90,97.90,False
sal_d5ed521630ac,2026-01-03 12:45:00,2026-01-03,Sábado,7,12,ecommerce,prd_9f5272275347,Marcador de Texto,Acessórios,Sony,BASICO,True,cus_c3944101594c,Murilo Da Mata,RR,Norte,VIP,3,59.50,178.50,False
sal_c51d0e33c7ef,2026-01-04 20:37:03,2026-01-04,Domingo,1,20,ecommerce,prd_9239eec8982d,HD Externo 2TB,Informática,Arno,BASICO,True,cus_911b23c97589,Heitor Nunes,MS,Centro-Oeste,REGULAR,4,51.99,207.96,False
sal_6237a1aaa2da,2026-01-06 22:31:02,2026-01-06,Terça,3,22,ecommerce,prd_899bd21840eb,Mixer de Áudio,Áudio,O Boticário,BASICO,True,cus_c9cd13d1ae9f,Yasmin Siqueira,PA,Norte,VIP,5,53.50,267.50,False
sal_7a6ba00adef3,2025-12-31 18:57:58,2025-12-31,Quarta,4,18,ecommerce,prd_38c1b898aecc,Microfone para Stream,Games,Samsung,BASICO,True,cus_9d2dd4770a79,Luigi Camargo,GO,Centro-Oeste,TOP_TIER,1,133.85,133.85,False
sal_6088cafc2740,2026-01-05 22:31:58,2026-01-05,Segunda,2,22,ecommerce,prd_206eacaa3048,Joystick Arcade,Games,Asus,BASICO,True,cus_644bf6820c61,Heloísa Andrade,PR,Sul,REGULAR,1,116.99,116.99,False
sal_7034725e278d,2025-12-29 12:16:00,2025-12-29,Segunda,2,12,loja_fisica,prd_d92ad43fa137,Smart TV 43 Polegadas,Eletrônicos,Philips,BASICO,True,cus_6ff11137142d,Vitor Gabriel Sá,TO,Norte,TOP_TIER,1,56.87,56.87,False
sal_38cbdcc3540a,2025-12-24 21:49:30,2025-12-24,Quarta,4,21,loja_fisica,prd_289cf61bbd5e,Porta-moedas,Acessórios,Consul,BASICO,True,cus_4e62d52db97a,Josué Souza,RJ,Sudeste,VIP,1,100.50,100.50,False
sal_d71708c34917,2025-12-27 20:26:31,2025-12-27,Sábado,7,20,ecommerce,prd_205f309c1a21,Tapete Persa,Casa,Sony,BASICO,True,cus_71308b76151a,Amanda Sousa,MS,Centro-Oeste,TOP_TIER,1,33.24,33.24,False
sal_b30509e04eed,2025-12-31 13:55:37,2025-12-31,Quarta,4,13,ecommerce,prd_7798c88cc490,Kit Utensílios de Cozinha,Cozinha,Consul,BASICO,True,cus_508a15ccf0fa,Zoe Campos,MT,Centro-Oeste,TOP_TIER,1,418.95,418.95,False
sal_045825c1fc58,2026-01-02 16:36:44,2026-01-02,Sexta,6,16,ecommerce,prd_92c0ecf60a58,Jogo de Toalhas,Casa,Brastemp,BASICO,True,cus_639110db69ed,João Vitor Barros,AP,Norte,REGULAR,1,180.90,180.90,False
sal_4f198d36a74a,2025-12-13 22:21:27,2025-12-13,Sábado,7,22,loja_fisica,prd_84c0492c5dd9,Óculos de Natação,Esporte,Samsung,BASICO,True,cus_d4db3db9eccb,Ana Julia Camargo,PB,Nordeste,TOP_TIER,1,132.00,132.00,False
sal_547f6f41bd6b,2025-12-27 10:25:28,2025-12-27,Sábado,7,10,loja_fisica,prd_694bd92302c1,Gabinete ATX,Informática,Mondial,BASICO,True,cus_c3944101594c,Murilo Da Mata,RR,Norte,VIP,1,88.25,88.25,False
sal_644b0099d583,2026-01-01 19:57:49,2026-01-01,Quinta,5,19,ecommerce,prd_d22d1b8b1502,Camisa Social,Moda,Brastemp,PREMIUM,True,cus_b0026583b709,Mariane Pacheco,MT,Centro-Oeste,VIP,2,1149.90,2299.80,False
sal_f4ffb1461949,2026-01-02 18:25:02,2026-01-02,Sexta,6,18,ecommerce,prd_30518d908a92,Cinto de Couro,Acessórios,Asus,BASICO,True,cus_ec8d75866856,Luan Vargas,RS,Sul,TOP_TIER,1,80.99,80.99,False
sal_72d1d7e1db85,2026-01-05 17:47:33,2026-01-05,Segunda,2,17,ecommerce,prd_6f0a4eefed22,Faqueiro Inox 12 Peças,Cozinha,Apple,BASICO,True,cus_a8f8e01eaee8,Elisa Martins,ES,Sudeste,REGULAR,4,39.99,159.96,False
sal_69a0b035b770,2025-12-18 10:24:36,2025-12-18,Quinta,5,10,loja_fisica,prd_2cbafff50c72,Sabonete Facial,Beleza,Nike,BASICO,True,cus_639110db69ed,João Vitor Barros,AP,Norte,REGULAR,1,95.86,95.86,False
sal_f7414e960c1b,2025-12-25 21:56:17,2025-12-25,Quinta,5,21,loja_fisica,prd_84a009f1889d,Cortina Box,Casa,Consul,BASICO,True,cus_4209c24e0be2,Maya Castro,TO,Norte,REGULAR,1,31.25,31.25,False
sal_3812c95cc196,2026-01-01 16:55:54,2026-01-01,Quinta,5,16,ecommerce,prd_334f4a32f979,Persiana Vertical,Casa,Motorola,BASICO,True,cus_78ab1cf16e12,Beatriz Garcia,SE,Nordeste,TOP_TIER,3,364.05,1092.15,False
sal_9377d3c79018,2026-01-11 16:40:38,2026-01-11,Domingo,1,16,ecommerce,prd_d22d1b8b1502,Camisa Social,Moda,Brastemp,PREMIUM,True,cus_3580317ddeab,Bella Borges,AM,Norte,VIP,2,1034.91,2069.82,False
sal_5b1ab020dbcd,2025-12-23 15:22:57,2025-12-23,Terça,3,15,ecommerce,prd_295160cbf171,Controle Xbox,Games,Apple,BASICO,True,cus_78ab1cf16e12,Beatriz Garcia,SE,Nordeste,TOP_TIER,1,264.26,264.26,False
sal_897705004dcb,2026-01-01 01:44:43,2026-01-01,Quinta,5,1,ecommerce,prd_90725b7ac0e8,Espelho de Parede,Casa,Adidas,BASICO,True,cus_25c656241a9a,Amanda Novais,GO,Centro-Oeste,TOP_TIER,1,71.09,71.09,False
sal_0d8be4b4a664,2026-01-01 16:57:49,2026-01-01,Quinta,5,16,ecommerce,prd_38c1b898aecc,Microfone para Stream,Games,Samsung,BASICO,True,cus_0343c0763f76,Vitor Gabriel Da Luz,RS,Sul,VIP,1,140.90,140.90,False
sal_6c829e97c6a6,2026-01-04 10:43:14,2026-01-04,Domingo,1,10,ecommerce,prd_334f4a32f979,Persiana Vertical,Casa,Motorola,BASICO,True,cus_3580317ddeab,Bella Borges,AM,Norte,VIP,2,444.95,889.90,False
sal_d3434a45005d,2025-12-20 09:29:14,2025-12-20,Sábado,7,9,ecommerce,prd_815b38747487,Conjunto de Malha,Moda,Brastemp,BASICO,True,cus_d2762f5968fe,Aurora Pastor,SE,Nordeste,REGULAR,1,86.50,86.50,False
sal_bbf1f68c0b34,2026-01-06 11:31:15,2026-01-06,Terça,3,11,ecommerce,prd_bf5d8671f7a9,Placa Mãe B450,Informática,Brastemp,BASICO,True,cus_c9cd13d1ae9f,Yasmin Siqueira,PA,Norte,VIP,1,131.89,131.89,False
sal_2f093e218d6d,2025-12-15 15:35:35,2025-12-15,Segunda,2,15,ecommerce,prd_4ee65ed59110,Frigideira Antiaderente,Cozinha,Philips,BASICO,True,cus_71308b76151a,Amanda Sousa,MS,Centro-Oeste,TOP_TIER,1,41.90,41.90,False
sal_00bbd94f5639,2025-12-27 17:06:59,2025-12-27,Sábado,7,17,ecommerce,prd_bf5d8671f7a9,Placa Mãe B450,Informática,Brastemp,BASICO,True,cus_eae005fd3470,Calebe Fogaça,TO,Norte,TOP_TIER,1,119.90,119.90,False
sal_48d8f0a6eb65,2026-01-11 11:06:58,2026-01-11,Domingo,1,11,ecommerce,prd_8b22fd85d500,Garrafa Térmica 1L,Cozinha,Sony,BASICO,True,cus_66677d443e5e,Cecília Da Luz,AC,Norte,TOP_TIER,1,324.99,324.99,False
sal_c86c00592f6f,2025-12-21 15:46:24,2025-12-21,Domingo,1,15,ecommerce,prd_6d4e3b1efd0c,Necessaire,Acessórios,Xiaomi,PREMIUM,True,cus_0ff4cceccc6f,João Aparecida,CE,Nordeste,TOP_TIER,1,1082.99,1082.99,False
sal_6fd8f2b20fcb,2025-12-28 17:26:47,2025-12-28,Domingo,1,17,ecommerce,prd_2cbafff50c72,Sabonete Facial,Beleza,Nike,BASICO,True,cus_639110db69ed,João Vitor Barros,AP,Norte,REGULAR,1,95.86,95.86,False
sal_7bacf93526a8,2026-01-11 22:27:47,2026-01-11,Domingo,1,22,loja_fisica,prd_8b22fd85d500,Garrafa Térmica 1L,Cozinha,Sony,BASICO,True,cus_25d1cb23f872,Melissa Pastor,AC,Norte,VIP,1,292.49,292.49,False
sal_128909e4cb11,2025-12-17 09:20:53,2025-12-17,Quarta,4,9,ecommerce,prd_afd58e5fd09d,Condicionador Hidratante,Beleza,Asus,BASICO,True,cus_96658dc10aa5,Agatha Silveira,PA,Norte,TOP_TIER,1,451.90,451.90,False
sal_7e21a4fcd9e7,2025-12-17 20:53:31,2025-12-17,Quarta,4,20,ecommerce,prd_d92ad43fa137,Smart TV 43 Polegadas,Eletrônicos,Philips,BASICO,True,cus_b0026583b709,Mariane Pacheco,MT,Centro-Oeste,VIP,1,60.21,60.21,False
sal_06b62f7e0a07,2026-01-09 18:06:48,2026-01-09,Sexta,6,18,ecommerce,prd_c9ce9d378723,Processador Intel i5,Informática,Electrolux,BASICO,True,cus_c3944101594c,Murilo Da Mata,RR,Norte,VIP,1,41.90,41.90,False
sal_982b164fd1e5,2025-12-22 18:06:05,2025-12-22,Segunda,2,18,loja_fisica,prd_dfac11815029,Microfone para Stream,Games,Apple,BASICO,True,cus_cf84750c1fb4,Alana Teixeira,MA,Nordeste,TOP_TIER,1,189.00,189.00,False
sal_076f1e6f1670,2025-12-15 08:12:33,2025-12-15,Segunda,2,8,ecommerce,prd_d22d1b8b1502,Camisa Social,Moda,Brastemp,PREMIUM,True,cus_fa3a88d1ccef,Benício Gomes,AL,Nordeste,VIP,1,1149.90,1149.90,False
sal_5b1ed5809a0f,2025-12-19 19:12:09,2025-12-19,Sexta,6,19,ecommerce,prd_045813f96891,Cardigan de Lã,Moda,LG,BASICO,True,cus_d36c11b261a6,Cauã Rocha,MA,Nordeste,REGULAR,1,142.99,142.99,False
sal_1bd72e7256cb,2025-12-24 18:47:55,2025-12-24,Quarta,4,18,ecommerce,prd_c62100cc281c,Webcam para Stream,Games,Samsung,BASICO,True,cus_b42a15933072,Heitor Rezende,PE,Nordeste,TOP_TIER,1,46.45,46.45,False
sal_85d16d7afb74,2025-12-19 14:07:34,2025-12-19,Sexta,6,14,ecommerce,prd_ae7b2acb6812,Cinto de Couro,Acessórios,Samsung,PREMIUM,True,cus_31874cf2d1e5,Nina Moura,SP,Sudeste,TOP_TIER,3,1108.90,3326.70,False
sal_8755ae65d746,2025-12-17 16:39:25,2025-12-17,Quarta,4,16,ecommerce,prd_d22d1b8b1502,Camisa Social,Moda,Brastemp,PREMIUM,True,cus_25d1cb23f872,Melissa Pastor,AC,Norte,VIP,2,1149.90,2299.80,False
sal_4d1b7fbdec8a,2025-12-14 11:18:41,2025-12-14,Domingo,1,11,loja_fisica,prd_06c19781c3db,Assadeira de Vidro,Cozinha,Nike,BASICO,True,cus_d36c11b261a6,Cauã Rocha,MA,Nordeste,REGULAR,1,100.90,100.90,False
sal_17f72c709739,2026-01-04 23:57:50,2026-01-04,Domingo,1,23,ecommerce,prd_052f1c397fc6,Carteira de Couro,Acessórios,Philips,BASICO,True,cus_a2e18141f826,Ísis Leão,CE,Nordeste,REGULAR,1,63.64,63.64,False
sal_c6ed260f61f9,2025-12-16 17:31:11,2025-12-16,Terça,3,17,ecommerce,prd_ff56c9132964,Regata Básica,Moda,Xiaomi,BASICO,True,cus_13af118ef4e8,Sarah Teixeira,AM,Norte,TOP_TIER,1,203.29,203.29,False
sal_7c1986accd2c,2025-12-29 09:51:08,2025-12-29,Segunda,2,9,loja_fisica,prd_ff35b88df534,SSD 500GB,Eletrônicos,Acer,BASICO,True,cus_3580317ddeab,Bella Borges,AM,Norte,VIP,1,211.90,211.90,False
sal_32c7c7fb7a6d,2025-12-22 10:00:09,2025-12-22,Segunda,2,10,ecommerce,prd_f7ed5522d23e,Macacão Feminino,Moda,Samsung,BASICO,True,cus_df9e0b31fa20,Yuri Albuquerque,SE,Nordeste,REGULAR,1,218.61,218.61,False
sal_1950313d347b,2025-12-23 21:19:12,2025-12-23,Terça,3,21,ecommerce,prd_30518d908a92,Cinto de Couro,Acessórios,Asus,BASICO,True,cus_d36c11b261a6,Cauã Rocha,MA,Nordeste,REGULAR,1,80.99,80.99,False
sal_b84f07107173,2026-01-03 13:29:07,2026-01-03,Sábado,7,13,ecommerce,prd_2cbafff50c72,Sabonete Facial,Beleza,Nike,BASICO,True,cus_a8f8e01eaee8,Elisa Martins,ES,Sudeste,REGULAR,2,85.77,171.54,False
sal_914db1bfdcac,2025-12-17 21:19:32,2025-12-17,Quarta,4,21,ecommerce,prd_e3934c71bd0c,Meia Esportiva,Esporte,Sony,BASICO,True,cus_f50da5532735,João Gabriel Porto,MG,Sudeste,TOP_TIER,1,391.90,391.90,False
sal_d1d41f17e9a3,2025-12-17 13:57:06,2025-12-17,Quarta,4,13,ecommerce,prd_9239eec8982d,HD Externo 2TB,Informática,Arno,BASICO,True,cus_911b23c97589,Heitor Nunes,MS,Centro-Oeste,REGULAR,1,46.79,46.79,False
sal_99b1deea0522,2025-12-18 21:30:45,2025-12-18,Quinta,5,21,ecommerce,prd_205f309c1a21,Tapete Persa,Casa,Sony,BASICO,True,cus_a9747473c5c6,Ana Lívia Aparecida,AL,Nordeste,REGULAR,3,34.99,104.97,False
sal_922eb9585efe,2025-12-24 12:11:15,2025-12-24,Quarta,4,12,loja_fisica,prd_645f7859f379,Calça Jeans Skinny,Moda,Asus,BASICO,True,cus_fa3a88d1ccef,Benício Gomes,AL,Nordeste,VIP,1,462.55,462.55,False
sal_f4eae7f47b8a,2026-01-01 18:57:37,2026-01-01,Quinta,5,18,ecommerce,prd_30518d908a92,Cinto de Couro,Acessórios,Asus,BASICO,True,cus_a01814ad9247,Ana Beatriz Alves,SP,Sudeste,TOP_TIER,1,80.99,80.99,False
sal_4e0cc0d06492,2025-12-24 18:25:00,2025-12-24,Quarta,4,18,ecommerce,prd_645f7859f379,Calça Jeans Skinny,Moda,Asus,BASICO,True,cus_0ff4cceccc6f,João Aparecida,CE,Nordeste,TOP_TIER,3,462.55,1387.65,False
sal_6137cde18fd7,2025-12-31 12:45:36,2025-12-31,Quarta,4,12,ecommerce,prd_fb32df842fbd,Vestido Floral,Moda,Consul,BASICO,True,cus_71308b76151a,Amanda Sousa,MS,Centro-Oeste,TOP_TIER,1,78.97,78.97,False
sal_63cdd4bd6359,2025-12-27 13:32:31,2025-12-27,Sábado,7,13,ecommerce,prd_2befc441dd56,Bicicleta Ergométrica,Esporte,Motorola,BASICO,True,cus_639110db69ed,João Vitor Barros,AP,Norte,REGULAR,1,194.64,194.64,False
sal_44058511a7ec,2025-12-15 11:09:03,2025-12-15,Segunda,2,11,loja_fisica,prd_6d4e3b1efd0c,Necessaire,Acessórios,Xiaomi,PREMIUM,True,cus_418af67b6b28,Miguel Ramos,TO,Norte,REGULAR,1,1139.99,1139.99,False
sal_597468d079e7,2026-01-09 11:25:10,2026-01-09,Sexta,6,11,ecommerce,prd_a3ae425a3edd,Pesos de Pulso,Esporte,Philips,BASICO,True,cus_a8f8e01eaee8,Elisa Martins,ES,Sudeste,REGULAR,2,83.99,167.98,False
sal_a66367203b0c,2025-12-14 19:26:09,2025-12-14,Domingo,1,19,loja_fisica,prd_2cbafff50c72,Sabonete Facial,Beleza,Nike,BASICO,True,cus_a2e18141f826,Ísis Leão,CE,Nordeste,REGULAR,3,85.77,257.31,False
sal_530d66cfc07e,2025-12-20 21:44:19,2025-12-20,Sábado,7,21,loja_fisica,prd_30518d908a92,Cinto de Couro,Acessórios,Asus,BASICO,True,cus_c9cd13d1ae9f,Yasmin Siqueira,PA,Norte,VIP,1,72.89,72.89,False
sal_440bd1433d43,2025-12-15 08:34:00,2025-12-15,Segunda,2,8,loja_fisica,prd_9b6e92e0766c,Casaco de Inverno,Moda,Arno,BASICO,True,cus_b42a15933072,Heitor Rezende,PE,Nordeste,TOP_TIER,1,32.31,32.31,False
sal_bba502f8001f,2025-12-26 11:59:36,2025-12-26,Sexta,6,11,ecommerce,prd_bf5d8671f7a9,Placa Mãe B450,Informática,Brastemp,BASICO,True,cus_b42a15933072,Heitor Rezende,PE,Nordeste,TOP_TIER,1,107.91,107.91,False
sal_78ed715e3bff,2026-01-06 14:22:33,2026-01-06,Terça,3,14,loja_fisica,prd_07ff67746d02,Faqueiro Inox 12 Peças,Cozinha,Mondial,BASICO,True,cus_1a38731e1fbe,Otávio Fernandes,ES,Sudeste,TOP_TIER,2,316.99,633.98,False
sal_521985575775,2025-12-19 11:11:50,2025-12-19,Sexta,6,11,ecommerce,prd_d500fa66507e,Shorts Jeans,Moda,Electrolux,BASICO,True,cus_cf84750c1fb4,Alana Teixeira,MA,Nordeste,TOP_TIER,2,384.99,769.98,False
sal_3cc6f2503ea1,2025-12-20 16:28:28,2025-12-20,Sábado,7,16,ecommerce,prd_84a009f1889d,Cortina Box,Casa,Consul,BASICO,True,cus_fa3a88d1ccef,Benício Gomes,AL,Nordeste,VIP,2,32.90,65.80,False
sal_53261adbe28f,2025-12-22 21:40:18,2025-12-22,Segunda,2,21,ecommerce,prd_bf5d8671f7a9,Placa Mãe B450,Informática,Brastemp,BASICO,True,cus_4e62d52db97a,Josué Souza,RJ,Sudeste,VIP,1,101.92,101.92,False
sal_6e5710314d37,2025-12-26 09:24:16,2025-12-26,Sexta,6,9,ecommerce,prd_9239eec8982d,HD Externo 2TB,Informática,Arno,BASICO,True,cus_df9e0b31fa20,Yuri Albuquerque,SE,Nordeste,REGULAR,2,51.99,103.98,False
sal_13f95a48de48,2026-01-05 23:40:19,2026-01-05,Segunda,2,23,ecommerce,prd_0347eab01a6c,Memória RAM 8GB,Informática,Mondial,MEDIO,True,cus_d36c11b261a6,Cauã Rocha,MA,Nordeste,REGULAR,1,626.00,626.00,False
sal_6bc8b060c708,2025-12-15 10:10:46,2025-12-15,Segunda,2,10,ecommerce,prd_380fab5d7131,Porta-retrato,Casa,Philips,BASICO,True,cus_66677d443e5e,Cecília Da Luz,AC,Norte,TOP_TIER,1,142.90,142.90,False
sal_4fe167368e3b,2025-12-21 09:32:22,2025-12-21,Domingo,1,9,ecommerce,prd_d92ad43fa137,Smart TV 43 Polegadas,Eletrônicos,Philips,BASICO,True,cus_4209c24e0be2,Maya Castro,TO,Norte,REGULAR,1,66.90,66.90,False
sal_ee1de180dcf6,2025-12-19 22:52:10,2025-12-19,Sexta,6,22,ecommerce,prd_334f4a32f979,Persiana Vertical,Casa,Motorola,BASICO,True,cus_a2e18141f826,Ísis Leão,CE,Nordeste,REGULAR,1,364.05,364.05,False
sal_597b62f1e776,2025-12-20 15:57:53,2025-12-20,Sábado,7,15,ecommerce,prd_645f7859f379,Calça Jeans Skinny,Moda,Asus,BASICO,True,cus_d4db3db9eccb,Ana Julia Camargo,PB,Nordeste,TOP_TIER,4,486.90,1947.60,False
sal_700a4f943f6a,2025-12-27 19:28:31,2025-12-27,Sábado,7,19,ecommerce,prd_dd8079e89b90,Porta-retrato,Casa,Nike,BASICO,True,cus_a9747473c5c6,Ana Lívia Aparecida,AL,Nordeste,REGULAR,1,80.66,80.66,False
sal_b90a8f18880d,2025-12-31 08:52:07,2025-12-31,Quarta,4,8,loja_fisica,prd_686e2aab873d,Blusa de Frio,Moda,Philips,BASICO,True,cus_71308b76151a,Amanda Sousa,MS,Centro-Oeste,TOP_TIER,1,85.02,85.02,False
sal_4d07c763af2f,2025-12-30 11:56:10,2025-12-30,Terça,3,11,loja_fisica,prd_fb32df842fbd,Vestido Floral,Moda,Consul,BASICO,True,cus_4209c24e0be2,Maya Castro,TO,Norte,REGULAR,1,88.25,88.25,False
sal_e455a2fc3b75,2026-01-11 19:22:36,2026-01-11,Domingo,1,19,ecommerce,prd_c1f6dcbed826,Descascador de Legumes,Cozinha,Adidas,BASICO,True,cus_8ad3c8745efb,Eduardo Cunha,AC,Norte,TOP_TIER,3,163.97,491.91,False
sal_8f9bdbb04d33,2026-01-02 16:03:05,2026-01-02,Sexta,6,16,ecommerce,prd_045813f96891,Cardigan de Lã,Moda,LG,BASICO,True,cus_4209c24e0be2,Maya Castro,TO,Norte,REGULAR,1,128.69,128.69,False
sal_59226b77c554,2026-01-07 12:35:17,2026-01-07,Quarta,4,12,ecommerce,prd_9239eec8982d,HD Externo 2TB,Informática,Arno,BASICO,True,cus_f64907d41a69,Henrique Da Conceição,DF,Centro-Oeste,VIP,1,51.99,51.99,False
sal_569f6b4e57b3,2025-12-29 11:25:36,2025-12-29,Segunda,2,11,ecommerce,prd_cc3053305ba7,iPhone 14,Eletrônicos,Motorola,MEDIO,True,cus_f50da5532735,João Gabriel Porto,MG,Sudeste,TOP_TIER,1,678.59,678.59,False
sal_a71973c56532,2026-01-08 19:20:34,2026-01-08,Quinta,5,19,loja_fisica,prd_82cd17cb589d,Persiana Vertical,Casa,Dell,BASICO,True,cus_36595eecf105,Bruno Novaes,PA,Norte,REGULAR,1,44.90,44.90,False
sal_4bb9ad7428e9,2026-01-03 09:07:28,2026-01-03,Sábado,7,9,loja_fisica,prd_d92ad43fa137,Smart TV 43 Polegadas,Eletrônicos,Philips,BASICO,True,cus_66677d443e5e,Cecília Da Luz,AC,Norte,TOP_TIER,1,66.90,66.90,False
sal_975e30f8b09d,2026-01-04 20:51:49,2026-01-04,Domingo,1,20,loja_fisica,prd_b2fdb7f36a3f,Blusa de Algodão,Moda,LG,BASICO,True,cus_25c656241a9a,Amanda Novais,GO,Centro-Oeste,TOP_TIER,1,47.69,47.69,False
sal_26ed142c0e58,2026-01-11 09:50:32,2026-01-11,Domingo,1,9,ecommerce,prd_686e2aab873d,Blusa de Frio,Moda,Philips,BASICO,True,cus_2b1b3e2a1515,Ana Sophia Pereira,MG,Sudeste,VIP,1,76.08,76.08,False
sal_d9a9750d0329,2026-01-02 09:56:55,2026-01-02,Sexta,6,9,ecommerce,prd_1091c2cfe1e9,Edredom Casal,Casa,Sony,BASICO,True,cus_c9cd13d1ae9f,Yasmin Siqueira,PA,Norte,VIP,2,425.90,851.80,False
sal_5554608bac53,2025-12-16 16:26:15,2025-12-16,Terça,3,16,ecommerce,prd_d92ad43fa137,Smart TV 43 Polegadas,Eletrônicos,Philips,BASICO,True,cus_ec8d75866856,Luan Vargas,RS,Sul,TOP_TIER,1,66.90,66.90,False
sal_6709aa97759f,2025-12-14 16:03:15,2025-12-14,Domingo,1,16,ecommerce,prd_645f7859f379,Calça Jeans Skinny,Moda,Asus,BASICO,True,cus_a01814ad9247,Ana Beatriz Alves,SP,Sudeste,TOP_TIER,1,486.90,486.90,False
sal_23ea7690d65b,2026-01-06 17:41:09,2026-01-06,Terça,3,17,ecommerce,prd_686e2aab873d,Blusa de Frio,Moda,Philips,BASICO,True,cus_d36c11b261a6,Cauã Rocha,MA,Nordeste,REGULAR,1,89.50,89.50,False
sal_5ee665ee6705,2026-01-06 00:27:39,2026-01-06,Terça,3,0,ecommerce,prd_eea07161e6c8,Brincos de Prata,Acessórios,Electrolux,BASICO,True,cus_cf84750c1fb4,Alana Teixeira,MA,Nordeste,TOP_TIER,1,48.99,48.99,False
sal_d14c10213adc,2025-12-29 17:01:57,2025-12-29,Segunda,2,17,ecommerce,prd_645f7859f379,Calça Jeans Skinny,Moda,Asus,BASICO,True,cus_2b1b3e2a1515,Ana Sophia Pereira,MG,Sudeste,VIP,1,438.21,438.21,False
sal_222266ff5795,2026-01-09 09:20:57,2026-01-09,Sexta,6,9,ecommerce,prd_6343e70ed4b9,Sérum Vitamina C,Beleza,Xiaomi,BASICO,True,cus_8fa04d3a5837,Rafael Porto,RS,Sul,TOP_TIER,1,136.80,136.80,False
sal_4069fb468059,2026-01-07 19:23:43,2026-01-07,Quarta,4,19,ecommerce,prd_2cbafff50c72,Sabonete Facial,Beleza,Nike,BASICO,True,cus_2b1b3e2a1515,Ana Sophia Pereira,MG,Sudeste,VIP,1,100.90,100.90,False
sal_14381f778ace,2026-01-10 10:03:24,2026-01-10,Sábado,7,10,ecommerce,prd_1b8a6057bb97,Shampoo Anticaspa,Beleza,Sony,BASICO,True,cus_b0026583b709,Mariane Pacheco,MT,Centro-Oeste,VIP,1,315.99,315.99,False
sal_366085a8e455,2025-12-17 08:09:46,2025-12-17,Quarta,4,8,loja_fisica,prd_6343e70ed4b9,Sérum Vitamina C,Beleza,Xiaomi,BASICO,True,cus_df9e0b31fa20,Yuri Albuquerque,SE,Nordeste,REGULAR,1,152.00,152.00,False
sal_d1a84abd4219,2026-01-05 18:02:21,2026-01-05,Segunda,2,18,ecommerce,prd_686e2aab873d,Blusa de Frio,Moda,Philips,BASICO,True,cus_df9e0b31fa20,Yuri Albuquerque,SE,Nordeste,REGULAR,1,89.50,89.50,False
sal_0648f0d17798,2025-12-13 10:32:35,2025-12-13,Sábado,7,10,ecommerce,prd_686e2aab873d,Blusa de Frio,Moda,Philips,BASICO,True,cus_f64907d41a69,Henrique Da Conceição,DF,Centro-Oeste,VIP,1,89.50,89.50,False
sal_4c3c01777ff2,2025-12-30 08:51:58,2025-12-30,Terça,3,8,ecommerce,prd_d92ad43fa137,Smart TV 43 Polegadas,Eletrônicos,Philips,BASICO,True,cus_0343c0763f76,Vitor Gabriel Da Luz,RS,Sul,VIP,1,66.90,66.90,False
sal_e0cec57ebe4d,2025-12-14 10:41:16,2025-12-14,Domingo,1,10,loja_fisica,prd_235a85c800bf,Produto não cadastrado,Não cadastrado,Não cadastrado,,False,cus_f1a06ae11717,Gustavo Henrique Rios,AM,Norte,TOP_TIER,2,139.49,278.98,False
sal_d990fd41af58,2025-12-16 12:33:42,2025-12-16,Terça,3,12,ecommerce,prd_c9b4024b7b9e,Toca-discos USB,Áudio,Mondial,BASICO,True,cus_d2762f5968fe,Aurora Pastor,SE,Nordeste,REGULAR,2,95.50,191.00,False
sal_f45788532442,2026-01-01 16:00:58,2026-01-01,Quinta,5,16,ecommerce,prd_4ee65ed59110,Frigideira Antiaderente,Cozinha,Philips,BASICO,True,cus_79d52b75f259,Elisa Freitas,CE,Nordeste,TOP_TIER,1,37.71,37.71,False
sal_042c1da0a9bb,2025-12-25 17:12:43,2025-12-25,Quinta,5,17,ecommerce,prd_a4025bac91a7,Óculos de Sol,Acessórios,Xiaomi,BASICO,True,cus_96658dc10aa5,Agatha Silveira,PA,Norte,TOP_TIER,3,52.90,158.70,False
sal_82b463688521,2026-01-07 09:57:10,2026-01-07,Quarta,4,9,ecommerce,prd_9aa451566556,Jarra de Vidro,Cozinha,Apple,BASICO,True,cus_d2762f5968fe,Aurora Pastor,SE,Nordeste,REGULAR,1,376.10,376.10,False
sal_04a37e73f412,2025-12-20 18:35:57,2025-12-20,Sábado,7,18,ecommerce,prd_d22d1b8b1502,Camisa Social,Moda,Brastemp,PREMIUM,True,cus_66677d443e5e,Cecília Da Luz,AC,Norte,TOP_TIER,1,977.42,977.42,False
sal_1fece6c3db22,2025-12-17 08:30:57,2025-12-17,Quarta,4,8,ecommerce,prd_dfac11815029,Microfone para Stream,Games,Apple,BASICO,True,cus_418af67b6b28,Miguel Ramos,TO,Norte,REGULAR,1,189.00,189.00,False
sal_f86097bebe41,2026-01-09 22:52:12,2026-01-09,Sexta,6,22,loja_fisica,prd_2293732b7542,Cortina Blackout,Casa,Xiaomi,BASICO,True,cus_4209c24e0be2,Maya Castro,TO,Norte,REGULAR,3,68.90,206.70,False
sal_b66a7d6788e5,2026-01-09 08:52:08,2026-01-09,Sexta,6,8,ecommerce,prd_295160cbf171,Controle Xbox,Games,Apple,BASICO,True,cus_644bf6820c61,Heloísa Andrade,PR,Sul,REGULAR,1,279.81,279.81,False
sal_e7066ac6a973,2025-12-14 12:28:02,2025-12-14,Domingo,1,12,ecommerce,prd_f063f46a7ef8,Fone de Ouvido Esportivo,Áudio,Consul,PREMIUM,True,cus_eae005fd3470,Calebe Fogaça,TO,Norte,TOP_TIER,1,1428.99,1428.99,False
sal_1df181fcca5a,2026-01-05 11:45:34,2026-01-05,Segunda,2,11,ecommerce,prd_ab011325c1be,Suporte para Controle,Games,Samsung,BASICO,True,cus_418af67b6b28,Miguel Ramos,TO,Norte,REGULAR,2,31.99,63.98,False
sal_0da1fb5026fd,2026-01-03 08:59:21,2026-01-03,Sábado,7,8,loja_fisica,prd_30518d908a92,Cinto de Couro,Acessórios,Asus,BASICO,True,cus_b0026583b709,Mariane Pacheco,MT,Centro-Oeste,VIP,1,80.99,80.99,False
sal_6fc629c052b2,2025-12-17 16:38:40,2025-12-17,Quarta,4,16,ecommerce,prd_996db03524ae,Elástico de Resistência,Esporte,Sony,BASICO,True,cus_25c656241a9a,Amanda Novais,GO,Centro-Oeste,TOP_TIER,1,123.90,123.90,False
sal_7f410069c706,2025-12-29 11:49:35,2025-12-29,Segunda,2,11,ecommerce,prd_30518d908a92,Cinto de Couro,Acessórios,Asus,BASICO,True,cus_0343c0763f76,Vitor Gabriel Da Luz,RS,Sul,VIP,3,80.99,242.97,False
sal_f98aa96df71b,2025-12-17 08:21:29,2025-12-17,Quarta,4,8,loja_fisica,prd_dfac11815029,Microfone para Stream,Games,Apple,BASICO,True,cus_df9e0b31fa20,Yuri Albuquerque,SE,Nordeste,REGULAR,2,189.00,378.00,False
sal_bf1ad6829fc9,2025-12-15 10:19:08,2025-12-15,Segunda,2,10,ecommerce,prd_d22d1b8b1502,Camisa Social,Moda,Brastemp,PREMIUM,True,cus_f64907d41a69,Henrique Da Conceição,DF,Centro-Oeste,VIP,1,1149.90,1149.90,False
sal_d96bb8c5cee0,2025-12-23 15:42:30,2025-12-23,Terça,3,15,loja_fisica,prd_2293732b7542,Cortina Blackout,Casa,Xiaomi,BASICO,True,cus_8fa04d3a5837,Rafael Porto,RS,Sul,TOP_TIER,2,68.90,137.80,False
sal_39af189d7984,2025-12-29 21:37:20,2025-12-29,Segunda,2,21,loja_fisica,prd_334f4a32f979,Persiana Vertical,Casa,Motorola,BASICO,True,cus_df9e0b31fa20,Yuri Albuquerque,SE,Nordeste,REGULAR,2,364.05,728.10,False
sal_c53a8f592e5c,2025-12-29 11:38:54,2025-12-29,Segunda,2,11,ecommerce,prd_82cd17cb589d,Persiana Vertical,Casa,Dell,BASICO,True,cus_c3944101594c,Murilo Da Mata,RR,Norte,VIP,5,40.41,202.05,False
sal_58de09f95b86,2025-12-22 20:17:05,2025-12-22,Segunda,2,20,ecommerce,prd_2cbafff50c72,Sabonete Facial,Beleza,Nike,BASICO,True,cus_96658dc10aa5,Agatha Silveira,PA,Norte,TOP_TIER,2,100.90,201.80,False
sal_6befe4e49ec5,2025-12-21 11:05:56,2025-12-21,Domingo,1,11,ecommerce,prd_55776d3e5c2a,Garrafa Esportiva,Esporte,Adidas,BASICO,True,cus_f64907d41a69,Henrique Da Conceição,DF,Centro-Oeste,VIP,1,202.29,202.29,False
sal_cfac69e26f06,2025-12-25 21:13:59,2025-12-25,Quinta,5,21,ecommerce,prd_51511e44c92a,Kit Gamer Completo,Games,Mondial,BASICO,True,cus_0343c0763f76,Vitor Gabriel Da Luz,RS,Sul,VIP,2,88.90,177.80,False
sal_6fb2ac72d90c,2026-01-09 22:37:35,2026-01-09,Sexta,6,22,ecommerce,prd_afd58e5fd09d,Condicionador Hidratante,Beleza,Asus,BASICO,True,cus_d4db3db9eccb,Ana Julia Camargo,PB,Nordeste,TOP_TIER,1,406.71,406.71,False
sal_d432ff0b9df3,2026-01-04 15:32:10,2026-01-04,Domingo,1,15,ecommerce,prd_2cbafff50c72,Sabonete Facial,Beleza,Nike,BASICO,True,cus_f64907d41a69,Henrique Da Conceição,DF,Centro-Oeste,VIP,1,100.90,100.90,False
sal_25cf9648d2bc,2026-01-02 20:19:45,2026-01-02,Sexta,6,20,loja_fisica,prd_38c1b898aecc,Microfone para Stream,Games,Samsung,BASICO,True,cus_3580317ddeab,Bella Borges,AM,Norte,VIP,1,140.90,140.90,False
sal_f8a518a659c9,2026-01-03 20:07:38,2026-01-03,Sábado,7,20,loja_fisica,prd_686e2aab873d,Blusa de Frio,Moda,Philips,BASICO,True,cus_71308b76151a,Amanda Sousa,MS,Centro-Oeste,TOP_TIER,1,89.50,89.50,False
sal_ea81fd702844,2026-01-04 15:49:39,2026-01-04,Domingo,1,15,ecommerce,prd_c9b4024b7b9e,Toca-discos USB,Áudio,Mondial,BASICO,True,cus_f1a06ae11717,Gustavo Henrique Rios,AM,Norte,TOP_TIER,1,90.72,90.72,False
sal_bcf195dc46fc,2025-12-17 20:41:40,2025-12-17,Quarta,4,20,ecommerce,prd_84a009f1889d,Cortina Box,Casa,Consul,BASICO,True,cus_71308b76151a,Amanda Sousa,MS,Centro-Oeste,TOP_TIER,1,32.90,32.90,False
sal_49eb5a494e59,2025-12-21 11:48:36,2025-12-21,Domingo,1,11,ecommerce,prd_815b38747487,Conjunto de Malha,Moda,Brastemp,BASICO,True,cus_df9e0b31fa20,Yuri Albuquerque,SE,Nordeste,REGULAR,1,86.50,86.50,False
sal_94d855a02311,2025-12-29 20:33:12,2025-12-29,Segunda,2,20,ecommerce,prd_9259039bf9b2,Tábua de Corte,Cozinha,Sony,BASICO,True,cus_a9747473c5c6,Ana Lívia Aparecida,AL,Nordeste,REGULAR,1,240.99,240.99,False
sal_fd8399bff8f3,2026-01-06 09:04:42,2026-01-06,Terça,3,9,ecommerce,prd_ebdebaf4cd37,Edredom Casal,Casa,Xiaomi,BASICO,True,cus_cf84750c1fb4,Alana Teixeira,MA,Nordeste,TOP_TIER,1,39.90,39.90,False
sal_085a8dcbbbca,2025-12-20 21:51:47,2025-12-20,Sábado,7,21,loja_fisica,prd_d500fa66507e,Shorts Jeans,Moda,Electrolux,BASICO,True,cus_a9747473c5c6,Ana Lívia Aparecida,AL,Nordeste,REGULAR,1,384.99,384.99,False
sal_64784441b553,2025-12-21 18:47:39,2025-12-21,Domingo,1,18,loja_fisica,prd_385035a5bc20,Notebook Inspiron 15,Eletrônicos,Adidas,BASICO,True,cus_7262f4e5ce9f,Sophia Monteiro,SP,Sudeste,TOP_TIER,3,219.90,659.70,False
sal_5f438c7ef6a2,2025-12-31 22:13:26,2025-12-31,Quarta,4,22,ecommerce,prd_d92ad43fa137,Smart TV 43 Polegadas,Eletrônicos,Philips,BASICO,True,cus_508a15ccf0fa,Zoe Campos,MT,Centro-Oeste,TOP_TIER,1,66.90,66.90,False
sal_d6a3e6a0df9f,2025-12-31 22:45:24,2025-12-31,Quarta,4,22,loja_fisica,prd_c62100cc281c,Webcam para Stream,Games,Samsung,BASICO,True,cus_25c656241a9a,Amanda Novais,GO,Centro-Oeste,TOP_TIER,1,48.90,48.90,False
sal_d89318447078,2026-01-02 17:04:39,2026-01-02,Sexta,6,17,loja_fisica,prd_205f309c1a21,Tapete Persa,Casa,Sony,BASICO,True,cus_f1eccf8e0d99,Luiz Miguel Câmara,GO,Centro-Oeste,REGULAR,1,34.99,34.99,False
sal_3368c1edb54f,2026-01-11 12:40:32,2026-01-11,Domingo,1,12,ecommerce,prd_2cbafff50c72,Sabonete Facial,Beleza,Nike,BASICO,True,cus_96658dc10aa5,Agatha Silveira,PA,Norte,TOP_TIER,1,95.86,95.86,False
sal_ab38f5ca3e27,2025-12-23 12:25:57,2025-12-23,Terça,3,12,ecommerce,prd_007af8c5fb0e,Produto não cadastrado,Não cadastrado,Não cadastrado,,False,cus_4e62d52db97a,Josué Souza,RJ,Sudeste,VIP,2,199.79,399.58,False
sal_49d7386fc247,2026-01-11 09:26:16,2026-01-11,Domingo,1,9,ecommerce,prd_51511e44c92a,Kit Gamer Completo,Games,Mondial,BASICO,True,cus_1a38731e1fbe,Otávio Fernandes,ES,Sudeste,TOP_TIER,1,88.90,88.90,False
sal_6bbfb0c357af,2026-01-02 18:28:40,2026-01-02,Sexta,6,18,ecommerce,prd_a4025bac91a7,Óculos de Sol,Acessórios,Xiaomi,BASICO,True,cus_a8f8e01eaee8,Elisa Martins,ES,Sudeste,REGULAR,1,47.61,47.61,False
sal_dbcc3349ee65,2025-12-15 20:47:41,2025-12-15,Segunda,2,20,loja_fisica,prd_686e2aab873d,Blusa de Frio,Moda,Philips,BASICO,True,cus_ec8d75866856,Luan Vargas,RS,Sul,TOP_TIER,2,89.50,179.00,False
sal_20ada14a321c,2026-01-03 18:19:08,2026-01-03,Sábado,7,18,ecommerce,prd_205f309c1a21,Tapete Persa,Casa,Sony,BASICO,True,cus_b42a15933072,Heitor Rezende,PE,Nordeste,TOP_TIER,2,34.99,69.98,False
sal_6fa1af206767,2026-01-02 16:09:37,2026-01-02,Sexta,6,16,loja_fisica,prd_38c1b898aecc,Microfone para Stream,Games,Samsung,BASICO,True,cus_0ff4cceccc6f,João Aparecida,CE,Nordeste,TOP_TIER,3,126.81,380.43,False
sal_ea7dbc284faf,2025-12-16 15:10:24,2025-12-16,Terça,3,15,ecommerce,prd_2293732b7542,Cortina Blackout,Casa,Xiaomi,BASICO,True,cus_96658dc10aa5,Agatha Silveira,PA,Norte,TOP_TIER,1,58.57,58.57,False
sal_3e2f75540ff9,2025-12-29 11:33:29,2025-12-29,Segunda,2,11,ecommerce,prd_6212ac3178f2,Óculos de Natação,Esporte,Samsung,BASICO,True,cus_0343c0763f76,Vitor Gabriel Da Luz,RS,Sul,VIP,1,144.90,144.90,False
sal_0dab9202c685,2025-12-25 21:21:45,2025-12-25,Quinta,5,21,ecommerce,prd_3053916502fb,Cabo USB-C,Eletrônicos,Electrolux,BASICO,True,cus_96658dc10aa5,Agatha Silveira,PA,Norte,TOP_TIER,1,381.22,381.22,False
sal_8950113def3a,2026-01-06 11:52:35,2026-01-06,Terça,3,11,loja_fisica,prd_2293732b7542,Cortina Blackout,Casa,Xiaomi,BASICO,True,cus_6ff11137142d,Vitor Gabriel Sá,TO,Norte,TOP_TIER,1,68.90,68.90,False
sal_e32ad115b7a1,2025-12-24 18:45:15,2025-12-24,Quarta,4,18,ecommerce,prd_4ee65ed59110,Frigideira Antiaderente,Cozinha,Philips,BASICO,True,cus_f1eccf8e0d99,Luiz Miguel Câmara,GO,Centro-Oeste,REGULAR,2,41.90,83.80,False
sal_3d82deedfb3c,2025-12-25 22:44:58,2025-12-25,Quinta,5,22,loja_fisica,prd_a4025bac91a7,Óculos de Sol,Acessórios,Xiaomi,BASICO,True,cus_4e62d52db97a,Josué Souza,RJ,Sudeste,VIP,1,52.90,52.90,False
sal_54da58d44517,2026-01-01 09:16:13,2026-01-01,Quinta,5,9,loja_fisica,prd_9aa451566556,Jarra de Vidro,Cozinha,Apple,BASICO,True,cus_7262f4e5ce9f,Sophia Monteiro,SP,Sudeste,TOP_TIER,2,336.51,673.02,False
sal_7676b27183a5,2026-01-07 17:53:55,2026-01-07,Quarta,4,17,ecommerce,prd_bf5d8671f7a9,Placa Mãe B450,Informática,Brastemp,BASICO,True,cus_78ab1cf16e12,Beatriz Garcia,SE,Nordeste,TOP_TIER,1,119.90,119.90,False
sal_437ff7c0256e,2025-12-13 18:48:47,2025-12-13,Sábado,7,18,loja_fisica,prd_728d12065bf5,Suporte para Monitor,Informática,Consul,BASICO,True,cus_25c656241a9a,Amanda Novais,GO,Centro-Oeste,TOP_TIER,1,473.00,473.00,False
sal_7c0da56c13bb,2025-12-14 19:48:14,2025-12-14,Domingo,1,19,ecommerce,prd_4a5427b33a63,Mouse Pad Gamer,Informática,Sony,BASICO,True,cus_ec8d75866856,Luan Vargas,RS,Sul,TOP_TIER,3,86.79,260.37,False
sal_5f7d6b557266,2025-12-16 12:35:17,2025-12-16,Terça,3,12,ecommerce,prd_385035a5bc20,Notebook Inspiron 15,Eletrônicos,Adidas,BASICO,True,cus_8ad3c8745efb,Eduardo Cunha,AC,Norte,TOP_TIER,1,197.91,197.91,False
sal_ebb9293f0354,2025-12-28 19:06:08,2025-12-28,Domingo,1,19,ecommerce,prd_d0368e440753,Batom Matte,Beleza,Adidas,BASICO,True,cus_9d2dd4770a79,Luigi Camargo,GO,Centro-Oeste,TOP_TIER,1,34.90,34.90,False
sal_deee0ed63240,2025-12-20 12:18:42,2025-12-20,Sábado,7,12,ecommerce,prd_82cd17cb589d,Persiana Vertical,Casa,Dell,BASICO,True,cus_a8f8e01eaee8,Elisa Martins,ES,Sudeste,REGULAR,1,44.90,44.90,False
sal_aada38afe551,2025-12-13 16:05:31,2025-12-13,Sábado,7,16,ecommerce,prd_951e09f3ecb1,Chaveiro Personalizado,Acessórios,LG,BASICO,True,cus_fa3a88d1ccef,Benício Gomes,AL,Nordeste,VIP,4,53.89,215.56,False
sal_3b9d53c67157,2025-12-15 15:35:59,2025-12-15,Segunda,2,15,loja_fisica,prd_2cbafff50c72,Sabonete Facial,Beleza,Nike,BASICO,True,cus_8fa04d3a5837,Rafael Porto,RS,Sul,TOP_TIER,2,85.77,171.54,False
sal_b9af632b1d74,2025-12-28 11:07:05,2025-12-28,Domingo,1,11,ecommerce,prd_3e585d1aaf6c,Gabinete ATX,Informática,LG,BASICO,True,cus_418af67b6b28,Miguel Ramos,TO,Norte,REGULAR,2,209.90,419.80,False
sal_781a64afde28,2025-12-25 09:44:59,2025-12-25,Quinta,5,9,ecommerce,prd_a4025bac91a7,Óculos de Sol,Acessórios,Xiaomi,BASICO,True,cus_b42a15933072,Heitor Rezende,PE,Nordeste,TOP_TIER,1,52.90,52.90,False
sal_7aeb44afd7ba,2026-01-08 18:01:24,2026-01-08,Quinta,5,18,ecommerce,prd_f063f46a7ef8,Fone de Ouvido Esportivo,Áudio,Consul,PREMIUM,True,cus_911b23c97589,Heitor Nunes,MS,Centro-Oeste,REGULAR,1,1428.99,1428.99,False
sal_5f8180e4e6f7,2026-01-07 20:08:08,2026-01-07,Quarta,4,20,ecommerce,prd_bf5d8671f7a9,Placa Mãe B450,Informática,Brastemp,BASICO,True,cus_fa3a88d1ccef,Benício Gomes,AL,Nordeste,VIP,1,101.92,101.92,False
sal_88cc18306b17,2026-01-05 10:15:24,2026-01-05,Segunda,2,10,loja_fisica,prd_289cf61bbd5e,Porta-moedas,Acessórios,Consul,BASICO,True,cus_508a15ccf0fa,Zoe Campos,MT,Centro-Oeste,TOP_TIER,1,100.50,100.50,False
sal_203762f61aa2,2026-01-07 14:28:00,2026-01-07,Quarta,4,14,loja_fisica,prd_645f7859f379,Calça Jeans Skinny,Moda,Asus,BASICO,True,cus_d4db3db9eccb,Ana Julia Camargo,PB,Nordeste,TOP_TIER,2,438.21,876.42,False
sal_0fbb2d00bcc2,2025-12-29 11:47:01,2025-12-29,Segunda,2,11,ecommerce,prd_473cb7923d3d,Kit Gamer Completo,Games,Motorola,BASICO,True,cus_2b1b3e2a1515,Ana Sophia Pereira,MG,Sudeste,VIP,1,109.90,109.90,False
sal_0edfb70eb6b8,2025-12-23 11:41:48,2025-12-23,Terça,3,11,ecommerce,prd_dfac11815029,Microfone para Stream,Games,Apple,BASICO,True,cus_79d52b75f259,Elisa Freitas,CE,Nordeste,TOP_TIER,1,189.00,189.00,False
sal_12a35cba5734,2026-01-10 22:30:07,2026-01-10,Sábado,7,22,ecommerce,prd_dfac11815029,Microfone para Stream,Games,Apple,BASICO,True,cus_418af67b6b28,Miguel Ramos,TO,Norte,REGULAR,1,179.55,179.55,False
sal_5066e6dc8751,2026-01-10 13:23:49,2026-01-10,Sábado,7,13,ecommerce,prd_8b22fd85d500,Garrafa Térmica 1L,Cozinha,Sony,BASICO,True,cus_a9747473c5c6,Ana Lívia Aparecida,AL,Nordeste,REGULAR,1,324.99,324.99,False
sal_80c533d83c4e,2026-01-03 15:03:06,2026-01-03,Sábado,7,15,loja_fisica,prd_334f4a32f979,Persiana Vertical,Casa,Motorola,BASICO,True,cus_2b1b3e2a1515,Ana Sophia Pereira,MG,Sudeste,VIP,1,404.50,404.50,False
sal_1cec859e1275,2026-01-06 21:44:27,2026-01-06,Terça,3,21,ecommerce,prd_afd58e5fd09d,Condicionador Hidratante,Beleza,Asus,BASICO,True,cus_4e62d52db97a,Josué Souza,RJ,Sudeste,VIP,1,406.71,406.71,False
sal_5eba0e11cc65,2025-12-25 11:52:46,2025-12-25,Quinta,5,11,loja_fisica,prd_3e585d1aaf6c,Gabinete ATX,Informática,LG,BASICO,True,cus_d36c11b261a6,Cauã Rocha,MA,Nordeste,REGULAR,2,209.90,419.80,False
sal_831620a60a53,2025-12-13 08:42:57,2025-12-13,Sábado,7,8,ecommerce,prd_206eacaa3048,Joystick Arcade,Games,Asus,BASICO,True,cus_a8f8e01eaee8,Elisa Martins,ES,Sudeste,REGULAR,1,105.29,105.29,False
sal_7c6e5a81916d,2025-12-31 15:05:19,2025-12-31,Quarta,4,15,ecommerce,prd_df1e44c528e0,Fone de Ouvido Esportivo,Áudio,O Boticário,BASICO,True,cus_d2762f5968fe,Aurora Pastor,SE,Nordeste,REGULAR,2,212.29,424.58,False
sal_eea4312d931b,2025-12-23 14:41:56,2025-12-23,Terça,3,14,ecommerce,prd_bf5d8671f7a9,Placa Mãe B450,Informática,Brastemp,BASICO,True,cus_3580317ddeab,Bella Borges,AM,Norte,VIP,1,119.90,119.90,False
sal_27f6d9e83b90,2025-12-28 19:09:59,2025-12-28,Domingo,1,19,ecommerce,prd_92c0ecf60a58,Jogo de Toalhas,Casa,Brastemp,BASICO,True,cus_884be6e0ce9a,Emanuel Vieira,PA,Norte,REGULAR,2,171.85,343.70,False
sal_69d890b40a11,2026-01-03 19:45:52,2026-01-03,Sábado,7,19,ecommerce,prd_e561d57f2a21,Caixa de Som 2.1,Áudio,Acer,BASICO,True,cus_0343c0763f76,Vitor Gabriel Da Luz,RS,Sul,VIP,1,105.29,105.29,False
sal_3a8c62af05b7,2026-01-08 19:06:25,2026-01-08,Quinta,5,19,ecommerce,prd_30518d908a92,Cinto de Couro,Acessórios,Asus,BASICO,True,cus_df9e0b31fa20,Yuri Albuquerque,SE,Nordeste,REGULAR,1,80.99,80.99,False
sal_c6484be90d06,2025-12-20 18:29:29,2025-12-20,Sábado,7,18,ecommerce,prd_18c839427e8c,Gabinete ATX,Informática,Samsung,MEDIO,True,cus_ec8d75866856,Luan Vargas,RS,Sul,TOP_TIER,2,798.90,1597.80,False
sal_a03e90974684,2026-01-09 17:12:33,2026-01-09,Sexta,6,17,ecommerce,prd_dfac11815029,Microfone para Stream,Games,Apple,BASICO,True,cus_911b23c97589,Heitor Nunes,MS,Centro-Oeste,REGULAR,1,189.00,189.00,False
sal_44b59b9a6762,2026-01-11 12:50:19,2026-01-11,Domingo,1,12,ecommerce,prd_23664e42a71c,Jogo de Toalhas,Casa,Xiaomi,BASICO,True,cus_c3944101594c,Murilo Da Mata,RR,Norte,VIP,1,93.42,93.42,False
sal_26649279b8cf,2025-12-20 21:12:45,2025-12-20,Sábado,7,21,loja_fisica,prd_334f4a32f979,Persiana Vertical,Casa,Motorola,BASICO,True,cus_c3944101594c,Murilo Da Mata,RR,Norte,VIP,1,404.50,404.50,False
sal_06f29c5130bb,2025-12-22 18:52:00,2025-12-22,Segunda,2,18,ecommerce,prd_1091c2cfe1e9,Edredom Casal,Casa,Sony,BASICO,True,cus_ec8d75866856,Luan Vargas,RS,Sul,TOP_TIER,2,404.60,809.20,False
sal_7b533ac056bc,2025-12-23 13:28:14,2025-12-23,Terça,3,13,loja_fisica,prd_bf5d8671f7a9,Placa Mãe B450,Informática,Brastemp,BASICO,True,cus_df9e0b31fa20,Yuri Albuquerque,SE,Nordeste,REGULAR,4,107.91,431.64,False
sal_e042e9b67b14,2026-01-04 01:16:55,2026-01-04,Domingo,1,1,ecommerce,prd_385035a5bc20,Notebook Inspiron 15,Eletrônicos,Adidas,BASICO,True,cus_f1eccf8e0d99,Luiz Miguel Câmara,GO,Centro-Oeste,REGULAR,1,219.90,219.90,False
sal_52e631a9e7be,2026-01-04 17:44:47,2026-01-04,Domingo,1,17,ecommerce,prd_5112469132ff,Placa Mãe B450,Informática,Dell,BASICO,True,cus_9d2dd4770a79,Luigi Camargo,GO,Centro-Oeste,TOP_TIER,1,413.50,413.50,False
sal_27c5e374a2db,2025-12-26 18:06:21,2025-12-26,Sexta,6,18,loja_fisica,prd_b3d5d6aac3ff,Produto não cadastrado,Não cadastrado,Não cadastrado,,False,cus_fa3a88d1ccef,Benício Gomes,AL,Nordeste,VIP,1,26.99,26.99,False
sal_078c457ca1e1,2025-12-22 13:12:12,2025-12-22,Segunda,2,13,ecommerce,prd_d22d1b8b1502,Camisa Social,Moda,Brastemp,PREMIUM,True,cus_d36c11b261a6,Cauã Rocha,MA,Nordeste,REGULAR,1,1149.90,1149.90,False
sal_002ea1900cc9,2026-01-06 12:08:23,2026-01-06,Terça,3,12,ecommerce,prd_2cbafff50c72,Sabonete Facial,Beleza,Nike,BASICO,True,cus_644bf6820c61,Heloísa Andrade,PR,Sul,REGULAR,3,85.77,257.31,False
sal_54298dc02421,2025-12-29 19:33:44,2025-12-29,Segunda,2,19,ecommerce,prd_6742b65088d8,Porta-temperos,Cozinha,Adidas,BASICO,True,cus_a01814ad9247,Ana Beatriz Alves,SP,Sudeste,TOP_TIER,2,35.69,71.38,False
sal_3f314ca12141,2026-01-10 20:04:30,2026-01-10,Sábado,7,20,ecommerce,prd_30518d908a92,Cinto de Couro,Acessórios,Asus,BASICO,True,cus_c3944101594c,Murilo Da Mata,RR,Norte,VIP,1,72.89,72.89,False
sal_9db0e88254e0,2026-01-11 14:21:38,2026-01-11,Domingo,1,14,ecommerce,prd_b76e68fde5cb,Perfume 100ml,Beleza,Nike,BASICO,True,cus_911b23c97589,Heitor Nunes,MS,Centro-Oeste,REGULAR,1,457.90,457.90,False
sal_31517321de0f,2026-01-09 11:33:07,2026-01-09,Sexta,6,11,ecommerce,prd_3e585d1aaf6c,Gabinete ATX,Informática,LG,BASICO,True,cus_0343c0763f76,Vitor Gabriel Da Luz,RS,Sul,VIP,2,230.89,461.78,False
sal_548c9402ae34,2026-01-07 10:05:24,2026-01-07,Quarta,4,10,ecommerce,prd_7a89c1a36f9e,Mesa para Notebook,Informática,Puma,MEDIO,True,cus_fa3a88d1ccef,Benício Gomes,AL,Nordeste,VIP,1,467.55,467.55,False
sal_81ccc7d8bf01,2025-12-16 12:45:47,2025-12-16,Terça,3,12,ecommerce,prd_2cbafff50c72,Sabonete Facial,Beleza,Nike,BASICO,True,cus_7262f4e5ce9f,Sophia Monteiro,SP,Sudeste,TOP_TIER,1,95.86,95.86,False
sal_5eb75d95a5a1,2025-12-17 09:58:21,2025-12-17,Quarta,4,9,ecommerce,prd_ebdebaf4cd37,Edredom Casal,Casa,Xiaomi,BASICO,True,cus_ec8d75866856,Luan Vargas,RS,Sul,TOP_TIER,2,39.90,79.80,False
sal_5129a863b07a,2025-12-28 17:13:26,2025-12-28,Domingo,1,17,ecommerce,prd_bf5d8671f7a9,Placa Mãe B450,Informática,Brastemp,BASICO,True,cus_f64907d41a69,Henrique Da Conceição,DF,Centro-Oeste,VIP,1,107.91,107.91,False
sal_e084f522ed67,2025-12-24 18:27:03,2025-12-24,Quarta,4,18,loja_fisica,prd_84a009f1889d,Cortina Box,Casa,Consul,BASICO,True,cus_f1a06ae11717,Gustavo Henrique Rios,AM,Norte,TOP_TIER,1,32.90,32.90,False
sal_ea6fa2d3c5d3,2026-01-06 22:04:54,2026-01-06,Terça,3,22,ecommerce,prd_d22d1b8b1502,Camisa Social,Moda,Brastemp,PREMIUM,True,cus_c9cd13d1ae9f,Yasmin Siqueira,PA,Norte,VIP,4,1149.90,4599.60,False
sal_44e7d61cd4a6,2026-01-05 16:29:44,2026-01-05,Segunda,2,16,ecommerce,prd_2bf8388221ea,Mouse Gamer RGB,Games,Asus,BASICO,True,cus_a2e18141f826,Ísis Leão,CE,Nordeste,REGULAR,2,49.99,99.98,False
sal_5bfc9b766f4e,2026-01-07 11:26:19,2026-01-07,Quarta,4,11,loja_fisica,prd_f063f46a7ef8,Fone de Ouvido Esportivo,Áudio,Consul,PREMIUM,True,cus_f64907d41a69,Henrique Da Conceição,DF,Centro-Oeste,VIP,1,1428.99,1428.99,False
sal_173ff5ef2188,2026-01-11 13:56:01,2026-01-11,Domingo,1,13,loja_fisica,prd_2cbafff50c72,Sabonete Facial,Beleza,Nike,BASICO,True,cus_c8d383cfde0c,Maria Cecília Oliveira,AM,Norte,TOP_TIER,1,85.77,85.77,False
sal_a4282405c93e,2026-01-05 18:21:39,2026-01-05,Segunda,2,18,ecommerce,prd_4ee65ed59110,Frigideira Antiaderente,Cozinha,Philips,BASICO,True,cus_13af118ef4e8,Sarah Teixeira,AM,Norte,TOP_TIER,1,41.90,41.90,False
sal_a77a13a5a942,2026-01-05 15:58:13,2026-01-05,Segunda,2,15,loja_fisica,prd_4ee65ed59110,Frigideira Antiaderente,Cozinha,Philips,BASICO,True,cus_d4db3db9eccb,Ana Julia Camargo,PB,Nordeste,TOP_TIER,1,37.71,37.71,False
sal_2010d6a2769f,2025-12-20 09:19:29,2025-12-20,Sábado,7,9,ecommerce,prd_3e585d1aaf6c,Gabinete ATX,Informática,LG,BASICO,True,cus_3580317ddeab,Bella Borges,AM,Norte,VIP,3,230.89,692.67,False
sal_688f66283547,2025-12-27 21:30:25,2025-12-27,Sábado,7,21,loja_fisica,prd_686e2aab873d,Blusa de Frio,Moda,Philips,BASICO,True,cus_c9cd13d1ae9f,Yasmin Siqueira,PA,Norte,VIP,1,89.50,89.50,False
sal_15fb65289b79,2025-12-19 22:51:54,2025-12-19,Sexta,6,22,ecommerce,prd_afd58e5fd09d,Condicionador Hidratante,Beleza,Asus,BASICO,True,cus_25d1cb23f872,Melissa Pastor,AC,Norte,VIP,1,451.90,451.90,False
sal_bb7125558871,2025-12-17 15:40:30,2025-12-17,Quarta,4,15,ecommerce,prd_2cbafff50c72,Sabonete Facial,Beleza,Nike,BASICO,True,cus_ec8d75866856,Luan Vargas,RS,Sul,TOP_TIER,1,90.81,90.81,False
sal_63fd7bdb393d,2025-12-25 17:16:55,2025-12-25,Quinta,5,17,ecommerce,prd_385035a5bc20,Notebook Inspiron 15,Eletrônicos,Adidas,BASICO,True,cus_a8f8e01eaee8,Elisa Martins,ES,Sudeste,REGULAR,1,208.91,208.91,False
sal_7aab0789cf17,2026-01-05 09:37:37,2026-01-05,Segunda,2,9,ecommerce,prd_645f7859f379,Calça Jeans Skinny,Moda,Asus,BASICO,True,cus_13af118ef4e8,Sarah Teixeira,AM,Norte,TOP_TIER,2,413.86,827.72,False
sal_93917631a57b,2026-01-11 23:19:28,2026-01-11,Domingo,1,23,ecommerce,prd_686e2aab873d,Blusa de Frio,Moda,Philips,BASICO,True,cus_25c656241a9a,Amanda Novais,GO,Centro-Oeste,TOP_TIER,1,80.55,80.55,False
sal_11d0ca1d5660,2026-01-09 14:24:50,2026-01-09,Sexta,6,14,ecommerce,prd_4ee65ed59110,Frigideira Antiaderente,Cozinha,Philips,BASICO,True,cus_71308b76151a,Amanda Sousa,MS,Centro-Oeste,TOP_TIER,2,41.90,83.80,False
sal_57962fa4b7dc,2025-12-15 17:26:42,2025-12-15,Segunda,2,17,ecommerce,prd_30518d908a92,Cinto de Couro,Acessórios,Asus,BASICO,True,cus_f64907d41a69,Henrique Da Conceição,DF,Centro-Oeste,VIP,1,80.99,80.99,False
sal_8cc1a99ca012,2025-12-31 10:16:51,2025-12-31,Quarta,4,10,ecommerce,prd_8b22fd85d500,Garrafa Térmica 1L,Cozinha,Sony,BASICO,True,cus_78ab1cf16e12,Beatriz Garcia,SE,Nordeste,TOP_TIER,1,292.49,292.49,False
sal_cc3e2319e9a6,2025-12-24 08:34:29,2025-12-24,Quarta,4,8,ecommerce,prd_ff35b88df534,SSD 500GB,Eletrônicos,Acer,BASICO,True,cus_36595eecf105,Bruno Novaes,PA,Norte,REGULAR,1,211.90,211.90,False
sal_8e91a6dc1839,2026-01-02 20:40:43,2026-01-02,Sexta,6,20,ecommerce,prd_ff56c9132964,Regata Básica,Moda,Xiaomi,BASICO,True,cus_ec8d75866856,Luan Vargas,RS,Sul,TOP_TIER,1,203.29,203.29,False
sal_afa094db17ec,2026-01-04 21:29:01,2026-01-04,Domingo,1,21,ecommerce,prd_4ee65ed59110,Frigideira Antiaderente,Cozinha,Philips,BASICO,True,cus_71308b76151a,Amanda Sousa,MS,Centro-Oeste,TOP_TIER,5,39.80,199.00,False
sal_b437f1d2c2c0,2026-01-01 08:38:41,2026-01-01,Quinta,5,8,loja_fisica,prd_9a3dfc23b7a3,Relógio Analógico,Acessórios,Mondial,BASICO,True,cus_cf84750c1fb4,Alana Teixeira,MA,Nordeste,TOP_TIER,2,105.50,211.00,False
sal_0c7b393268c4,2026-01-10 14:01:47,2026-01-10,Sábado,7,14,loja_fisica,prd_a4025bac91a7,Óculos de Sol,Acessórios,Xiaomi,BASICO,True,cus_0ff4cceccc6f,João Aparecida,CE,Nordeste,TOP_TIER,1,47.61,47.61,False
sal_2cd165121973,2025-12-13 11:55:39,2025-12-13,Sábado,7,11,loja_fisica,prd_223c9b6a0a76,Luminária de Mesa,Casa,Mondial,BASICO,True,cus_78ab1cf16e12,Beatriz Garcia,SE,Nordeste,TOP_TIER,2,69.69,139.38,False
sal_2a84335d32ed,2025-12-22 09:30:09,2025-12-22,Segunda,2,9,ecommerce,prd_92c0ecf60a58,Jogo de Toalhas,Casa,Brastemp,BASICO,True,cus_b42a15933072,Heitor Rezende,PE,Nordeste,TOP_TIER,1,180.90,180.90,False
sal_4833b3329b41,2026-01-01 14:23:55,2026-01-01,Quinta,5,14,ecommerce,prd_2293732b7542,Cortina Blackout,Casa,Xiaomi,BASICO,True,cus_8ad3c8745efb,Eduardo Cunha,AC,Norte,TOP_TIER,1,62.01,62.01,False
sal_fc7c70b7d92b,2025-12-25 13:05:00,2025-12-25,Quinta,5,13,ecommerce,prd_84fc6c2a33f2,Abre-latas,Cozinha,Sony,BASICO,True,cus_f64907d41a69,Henrique Da Conceição,DF,Centro-Oeste,VIP,1,374.20,374.20,False
sal_192964dfd929,2025-12-29 22:55:49,2025-12-29,Segunda,2,22,ecommerce,prd_bf94f6ee7033,Mochila Esportiva,Esporte,Sony,BASICO,True,cus_b42a15933072,Heitor Rezende,PE,Nordeste,TOP_TIER,2,71.01,142.02,False
sal_60a6a40b0264,2026-01-11 13:05:05,2026-01-11,Domingo,1,13,ecommerce,prd_65c60230d4ed,Base Líquida,Beleza,Asus,BASICO,True,cus_f50da5532735,João Gabriel Porto,MG,Sudeste,TOP_TIER,1,109.89,109.89,False
sal_d24685a1dc1b,2026-01-04 10:11:06,2026-01-04,Domingo,1,10,ecommerce,prd_803bcbb7ef84,Porta-temperos,Cozinha,Samsung,BASICO,True,cus_884be6e0ce9a,Emanuel Vieira,PA,Norte,REGULAR,1,106.20,106.20,False
sal_3ae8f4a13da7,2025-12-19 17:02:41,2025-12-19,Sexta,6,17,loja_fisica,prd_82cd17cb589d,Persiana Vertical,Casa,Dell,BASICO,True,cus_911b23c97589,Heitor Nunes,MS,Centro-Oeste,REGULAR,5,38.16,190.80,False
sal_05197ad7d0f7,2025-12-31 18:17:05,2025-12-31,Quarta,4,18,ecommerce,prd_76ede0cece8f,Óculos de Natação,Esporte,Lenovo,BASICO,True,cus_d2762f5968fe,Aurora Pastor,SE,Nordeste,REGULAR,1,49.30,49.30,False
sal_663fe09d86e9,2025-12-22 10:31:39,2025-12-22,Segunda,2,10,loja_fisica,prd_205f309c1a21,Tapete Persa,Casa,Sony,BASICO,True,cus_d36c11b261a6,Cauã Rocha,MA,Nordeste,REGULAR,1,33.24,33.24,False
sal_e6d52de108df,2025-12-20 00:38:55,2025-12-20,Sábado,7,0,ecommerce,prd_92c0ecf60a58,Jogo de Toalhas,Casa,Brastemp,BASICO,True,cus_639110db69ed,João Vitor Barros,AP,Norte,REGULAR,1,153.77,153.77,False
sal_a0d795eed375,2025-12-18 18:35:47,2025-12-18,Quinta,5,18,ecommerce,prd_84a009f1889d,Cortina Box,Casa,Consul,BASICO,True,cus_f1a06ae11717,Gustavo Henrique Rios,AM,Norte,TOP_TIER,1,36.19,36.19,False
sal_483637dfccc9,2025-12-26 17:45:11,2025-12-26,Sexta,6,17,ecommerce,prd_4ee65ed59110,Frigideira Antiaderente,Cozinha,Philips,BASICO,True,cus_0ff4cceccc6f,João Aparecida,CE,Nordeste,TOP_TIER,3,41.90,125.70,False
sal_a04b60c13c30,2025-12-20 08:35:03,2025-12-20,Sábado,7,8,ecommerce,prd_8b22fd85d500,Garrafa Térmica 1L,Cozinha,Sony,BASICO,True,cus_0ff4cceccc6f,João Aparecida,CE,Nordeste,TOP_TIER,2,324.99,649.98,False
sal_5b025e013a5b,2025-12-17 19:00:45,2025-12-17,Quarta,4,19,ecommerce,prd_b4a823952be5,Amplificador de Áudio,Áudio,Consul,BASICO,True,cus_ec8d75866856,Luan Vargas,RS,Sul,TOP_TIER,1,73.90,73.90,False
sal_01a202130bda,2026-01-02 19:42:57,2026-01-02,Sexta,6,19,loja_fisica,prd_82cd17cb589d,Persiana Vertical,Casa,Dell,BASICO,True,cus_8fa04d3a5837,Rafael Porto,RS,Sul,TOP_TIER,1,38.16,38.16,False
sal_ef975d6ee679,2026-01-05 21:05:10,2026-01-05,Segunda,2,21,loja_fisica,prd_ff35b88df534,SSD 500GB,Eletrônicos,Acer,BASICO,True,cus_31874cf2d1e5,Nina Moura,SP,Sudeste,TOP_TIER,2,211.90,423.80,False
sal_df31cdbac240,2025-12-30 14:50:43,2025-12-30,Terça,3,14,loja_fisica,prd_686e2aab873d,Blusa de Frio,Moda,Philips,BASICO,True,cus_a9747473c5c6,Ana Lívia Aparecida,AL,Nordeste,REGULAR,1,85.02,85.02,False
sal_5864131411ad,2025-12-29 15:16:40,2025-12-29,Segunda,2,15,ecommerce,prd_223c9b6a0a76,Luminária de Mesa,Casa,Mondial,BASICO,True,cus_0343c0763f76,Vitor Gabriel Da Luz,RS,Sul,VIP,1,81.99,81.99,False
sal_d6b7e2f5aa20,2025-12-17 08:50:19,2025-12-17,Quarta,4,8,ecommerce,prd_d500fa66507e,Shorts Jeans,Moda,Electrolux,BASICO,True,cus_a8f8e01eaee8,Elisa Martins,ES,Sudeste,REGULAR,1,384.99,384.99,False
sal_6f671425b82e,2025-12-27 19:56:59,2025-12-27,Sábado,7,19,ecommerce,prd_045813f96891,Cardigan de Lã,Moda,LG,BASICO,True,cus_9d2dd4770a79,Luigi Camargo,GO,Centro-Oeste,TOP_TIER,2,142.99,285.98,False
sal_add8dda3a538,2025-12-28 08:56:28,2025-12-28,Domingo,1,8,ecommerce,prd_645f7859f379,Calça Jeans Skinny,Moda,Asus,BASICO,True,cus_b0026583b709,Mariane Pacheco,MT,Centro-Oeste,VIP,1,486.90,486.90,False
sal_d824a696fc77,2025-12-24 21:39:49,2025-12-24,Quarta,4,21,ecommerce,prd_a4025bac91a7,Óculos de Sol,Acessórios,Xiaomi,BASICO,True,cus_78ab1cf16e12,Beatriz Garcia,SE,Nordeste,TOP_TIER,1,52.90,52.90,False
sal_fb5a870b5667,2025-12-21 21:35:17,2025-12-21,Domingo,1,21,ecommerce,prd_727f175116c6,Bicicleta Ergométrica,Esporte,Apple,BASICO,True,cus_c3944101594c,Murilo Da Mata,RR,Norte,VIP,3,63.90,191.70,False
sal_227af9427fc0,2025-12-13 14:17:50,2025-12-13,Sábado,7,14,ecommerce,prd_d22d1b8b1502,Camisa Social,Moda,Brastemp,PREMIUM,True,cus_13af118ef4e8,Sarah Teixeira,AM,Norte,TOP_TIER,3,1149.90,3449.70,False
sal_83d902c330d8,2026-01-04 18:31:45,2026-01-04,Domingo,1,18,ecommerce,prd_a4025bac91a7,Óculos de Sol,Acessórios,Xiaomi,BASICO,True,cus_36595eecf105,Bruno Novaes,PA,Norte,REGULAR,1,47.61,47.61,False
sal_add60d3336ed,2026-01-09 18:41:25,2026-01-09,Sexta,6,18,loja_fisica,prd_d500fa66507e,Shorts Jeans,Moda,Electrolux,BASICO,True,cus_a01814ad9247,Ana Beatriz Alves,SP,Sudeste,TOP_TIER,1,365.74,365.74,False
sal_ed6be258bd31,2025-12-14 18:24:28,2025-12-14,Domingo,1,18,loja_fisica,prd_2255432fabe7,Marcador de Texto,Acessórios,Nike,BASICO,True,cus_d2762f5968fe,Aurora Pastor,SE,Nordeste,REGULAR,1,107.99,107.99,False
sal_8a7681f4e0a0,2025-12-31 21:03:02,2025-12-31,Quarta,4,21,ecommerce,prd_645f7859f379,Calça Jeans Skinny,Moda,Asus,BASICO,True,cus_418af67b6b28,Miguel Ramos,TO,Norte,REGULAR,1,462.55,462.55,False
sal_c95a1e6bb2f6,2025-12-24 22:13:34,2025-12-24,Quarta,4,22,ecommerce,prd_9adbaa3083e1,Jaqueta Jeans,Moda,Sony,BASICO,True,cus_66677d443e5e,Cecília Da Luz,AC,Norte,TOP_TIER,1,79.47,79.47,False
sal_f5549d0205d6,2025-12-13 09:42:42,2025-12-13,Sábado,7,9,ecommerce,prd_08fc82e8b75d,Persiana Vertical,Casa,Acer,BASICO,True,cus_c8d383cfde0c,Maria Cecília Oliveira,AM,Norte,TOP_TIER,4,131.00,524.00,False
sal_fdc8603795e0,2025-12-16 19:49:52,2025-12-16,Terça,3,19,loja_fisica,prd_1f81bf3405b1,Fonte PC 500W,Informática,O Boticário,BASICO,True,cus_4209c24e0be2,Maya Castro,TO,Norte,REGULAR,1,58.80,58.80,False
sal_bee390aa1f7c,2025-12-14 17:49:44,2025-12-14,Domingo,1,17,loja_fisica,prd_a7c360e156c0,Gabinete ATX,Informática,Motorola,BASICO,True,cus_0914bdf6e1fe,Isabelly Câmara,MT,Centro-Oeste,REGULAR,1,163.39,163.39,False
sal_d22dc9f32cf2,2025-12-28 08:55:23,2025-12-28,Domingo,1,8,ecommerce,prd_d92ad43fa137,Smart TV 43 Polegadas,Eletrônicos,Philips,BASICO,True,cus_36595eecf105,Bruno Novaes,PA,Norte,REGULAR,1,66.90,66.90,False
sal_35f19bf68b10,2026-01-05 18:12:00,2026-01-05,Segunda,2,18,ecommerce,prd_08611917c0ae,Relógio de Parede,Casa,Adidas,BASICO,True,cus_a9747473c5c6,Ana Lívia Aparecida,AL,Nordeste,REGULAR,3,105.99,317.97,False
sal_26aa62f8f717,2025-12-13 20:36:34,2025-12-13,Sábado,7,20,ecommerce,prd_92c0ecf60a58,Jogo de Toalhas,Casa,Brastemp,BASICO,True,cus_a2e18141f826,Ísis Leão,CE,Nordeste,REGULAR,1,180.90,180.90,False
sal_03d53bccdaed,2025-12-24 19:26:27,2025-12-24,Quarta,4,19,ecommerce,prd_803bcbb7ef84,Porta-temperos,Cozinha,Samsung,BASICO,True,cus_f1eccf8e0d99,Luiz Miguel Câmara,GO,Centro-Oeste,REGULAR,1,118.00,118.00,False
sal_64d39cb9a034,2025-12-31 18:02:33,2025-12-31,Quarta,4,18,ecommerce,prd_9239eec8982d,HD Externo 2TB,Informática,Arno,BASICO,True,cus_c3944101594c,Murilo Da Mata,RR,Norte,VIP,1,51.99,51.99,False
sal_0e8601d59e31,2026-01-08 12:04:45,2026-01-08,Quinta,5,12,ecommerce,prd_64000b956cf3,Tapete Persa,Casa,Motorola,BASICO,True,cus_8ad3c8745efb,Eduardo Cunha,AC,Norte,TOP_TIER,1,245.95,245.95,False
sal_0e72a777d9e1,2025-12-13 13:03:36,2025-12-13,Sábado,7,13,ecommerce,prd_9239eec8982d,HD Externo 2TB,Informática,Arno,BASICO,True,cus_ec8d75866856,Luan Vargas,RS,Sul,TOP_TIER,1,51.99,51.99,False
sal_7792f92be43a,2025-12-16 15:02:36,2025-12-16,Terça,3,15,ecommerce,prd_8b22fd85d500,Garrafa Térmica 1L,Cozinha,Sony,BASICO,True,cus_b42a15933072,Heitor Rezende,PE,Nordeste,TOP_TIER,1,308.74,308.74,False
sal_b42cec002000,2026-01-03 21:13:45,2026-01-03,Sábado,7,21,loja_fisica,prd_d500fa66507e,Shorts Jeans,Moda,Electrolux,BASICO,True,cus_f1a06ae11717,Gustavo Henrique Rios,AM,Norte,TOP_TIER,3,346.49,1039.47,False
sal_ee3c671ddab6,2026-01-07 15:56:39,2026-01-07,Quarta,4,15,ecommerce,prd_cc3053305ba7,iPhone 14,Eletrônicos,Motorola,MEDIO,True,cus_0ff4cceccc6f,João Aparecida,CE,Nordeste,TOP_TIER,1,586.05,586.05,False
sal_e63f081bb9ee,2025-12-13 21:18:07,2025-12-13,Sábado,7,21,loja_fisica,prd_c62100cc281c,Webcam para Stream,Games,Samsung,BASICO,True,cus_ec8d75866856,Luan Vargas,RS,Sul,TOP_TIER,1,48.90,48.90,False
sal_dcad961bc810,2025-12-15 16:32:34,2025-12-15,Segunda,2,16,ecommerce,prd_92c0ecf60a58,Jogo de Toalhas,Casa,Brastemp,BASICO,True,cus_66677d443e5e,Cecília Da Luz,AC,Norte,TOP_TIER,1,180.90,180.90,False
sal_ebf0918e68b8,2025-12-30 13:01:41,2025-12-30,Terça,3,13,ecommerce,prd_a4025bac91a7,Óculos de Sol,Acessórios,Xiaomi,BASICO,True,cus_2b1b3e2a1515,Ana Sophia Pereira,MG,Sudeste,VIP,2,52.90,105.80,False
sal_76d3f8380d21,2025-12-20 14:36:21,2025-12-20,Sábado,7,14,ecommerce,prd_d92ad43fa137,Smart TV 43 Polegadas,Eletrônicos,Philips,BASICO,True,cus_c3944101594c,Murilo Da Mata,RR,Norte,VIP,1,60.21,60.21,False
sal_26849f313b3d,2026-01-10 18:18:20,2026-01-10,Sábado,7,18,loja_fisica,prd_51511e44c92a,Kit Gamer Completo,Games,Mondial,BASICO,True,cus_1a38731e1fbe,Otávio Fernandes,ES,Sudeste,TOP_TIER,1,88.90,88.90,False
sal_16c1e1c20c57,2025-12-26 14:08:20,2025-12-26,Sexta,6,14,ecommerce,prd_5744e3f88341,Jarra de Vidro,Cozinha,Apple,BASICO,True,cus_fa3a88d1ccef,Benício Gomes,AL,Nordeste,VIP,1,192.90,192.90,False
sal_521eed58f3db,2025-12-23 13:38:42,2025-12-23,Terça,3,13,ecommerce,prd_ea6b930ce9ac,Gravador de Voz,Áudio,Lenovo,BASICO,True,cus_cf84750c1fb4,Alana Teixeira,MA,Nordeste,TOP_TIER,1,156.99,156.99,False
sal_c8b630163252,2026-01-03 16:11:11,2026-01-03,Sábado,7,16,loja_fisica,prd_c90040774892,Tênis de Corrida,Esporte,Sony,BASICO,True,cus_a9747473c5c6,Ana Lívia Aparecida,AL,Nordeste,REGULAR,2,147.99,295.98,False
sal_c23b96b6dfbe,2025-12-13 08:36:06,2025-12-13,Sábado,7,8,ecommerce,prd_30518d908a92,Cinto de Couro,Acessórios,Asus,BASICO,True,cus_7262f4e5ce9f,Sophia Monteiro,SP,Sudeste,TOP_TIER,1,80.99,80.99,False
sal_25665896e4b9,2025-12-17 22:57:50,2025-12-17,Quarta,4,22,ecommerce,prd_28cd8ab86936,Porta-moedas,Acessórios,Xiaomi,BASICO,True,cus_66677d443e5e,Cecília Da Luz,AC,Norte,TOP_TIER,1,226.00,226.00,False
sal_7b689c0b5f96,2025-12-24 20:24:01,2025-12-24,Quarta,4,20,loja_fisica,prd_a17c779dd289,Gravador de Voz,Áudio,Asus,BASICO,True,cus_13af118ef4e8,Sarah Teixeira,AM,Norte,TOP_TIER,2,58.41,116.82,False
sal_3241453f36b0,2025-12-15 11:55:30,2025-12-15,Segunda,2,11,ecommerce,prd_bf94f6ee7033,Mochila Esportiva,Esporte,Sony,BASICO,True,cus_25d1cb23f872,Melissa Pastor,AC,Norte,VIP,2,71.01,142.02,False
sal_8640ae41d795,2025-12-26 21:48:35,2025-12-26,Sexta,6,21,ecommerce,prd_d500fa66507e,Shorts Jeans,Moda,Electrolux,BASICO,True,cus_a8f8e01eaee8,Elisa Martins,ES,Sudeste,REGULAR,1,384.99,384.99,False
sal_afed337e2a0b,2025-12-30 10:35:20,2025-12-30,Terça,3,10,loja_fisica,prd_8b22fd85d500,Garrafa Térmica 1L,Cozinha,Sony,BASICO,True,cus_a8f8e01eaee8,Elisa Martins,ES,Sudeste,REGULAR,1,292.49,292.49,False
sal_93d86879f73f,2026-01-08 16:47:40,2026-01-08,Quinta,5,16,ecommerce,prd_686e2aab873d,Blusa de Frio,Moda,Philips,BASICO,True,cus_f50da5532735,João Gabriel Porto,MG,Sudeste,TOP_TIER,3,89.50,268.50,False
sal_84f25f1d226d,2025-12-17 14:15:11,2025-12-17,Quarta,4,14,loja_fisica,prd_4ee65ed59110,Frigideira Antiaderente,Cozinha,Philips,BASICO,True,cus_418af67b6b28,Miguel Ramos,TO,Norte,REGULAR,1,41.90,41.90,False
sal_d692adab2ab8,2025-12-29 16:31:13,2025-12-29,Segunda,2,16,loja_fisica,prd_951e09f3ecb1,Chaveiro Personalizado,Acessórios,LG,BASICO,True,cus_25c656241a9a,Amanda Novais,GO,Centro-Oeste,TOP_TIER,1,48.99,48.99,False
sal_d376160da2da,2026-01-05 08:33:08,2026-01-05,Segunda,2,8,ecommerce,prd_686e2aab873d,Blusa de Frio,Moda,Philips,BASICO,True,cus_fa3a88d1ccef,Benício Gomes,AL,Nordeste,VIP,1,80.55,80.55,False
sal_41b3c9a8c135,2025-12-16 09:16:30,2025-12-16,Terça,3,9,ecommerce,prd_e66747c9b59e,Cesto de Vime,Casa,Brastemp,BASICO,True,cus_f1eccf8e0d99,Luiz Miguel Câmara,GO,Centro-Oeste,REGULAR,1,194.00,194.00,False
sal_2e94d88546c0,2025-12-28 17:07:39,2025-12-28,Domingo,1,17,ecommerce,prd_6212ac3178f2,Óculos de Natação,Esporte,Samsung,BASICO,True,cus_d4db3db9eccb,Ana Julia Camargo,PB,Nordeste,TOP_TIER,1,144.90,144.90,False
sal_a2c6085e6ee9,2026-01-07 15:09:15,2026-01-07,Quarta,4,15,ecommerce,prd_65c60230d4ed,Base Líquida,Beleza,Asus,BASICO,True,cus_644bf6820c61,Heloísa Andrade,PR,Sul,REGULAR,3,89.91,269.73,False
sal_dc20653fb8f5,2025-12-21 14:43:50,2025-12-21,Domingo,1,14,loja_fisica,prd_51511e44c92a,Kit Gamer Completo,Games,Mondial,BASICO,True,cus_a8f8e01eaee8,Elisa Martins,ES,Sudeste,REGULAR,1,88.90,88.90,False
sal_eca7326e1d25,2025-12-19 11:58:15,2025-12-19,Sexta,6,11,ecommerce,prd_eda682ecfacb,Organizador de Gaveta,Casa,Electrolux,BASICO,True,cus_a9747473c5c6,Ana Lívia Aparecida,AL,Nordeste,REGULAR,1,171.00,171.00,False
sal_bd160f549635,2025-12-27 16:30:21,2025-12-27,Sábado,7,16,ecommerce,prd_d22d1b8b1502,Camisa Social,Moda,Brastemp,PREMIUM,True,cus_a01814ad9247,Ana Beatriz Alves,SP,Sudeste,TOP_TIER,1,1092.40,1092.40,False
sal_a1f233148821,2026-01-11 21:45:56,2026-01-11,Domingo,1,21,loja_fisica,prd_9d7b9035daa0,Forma de Bolo Redonda,Cozinha,O Boticário,BASICO,True,cus_418af67b6b28,Miguel Ramos,TO,Norte,REGULAR,4,182.31,729.24,False
sal_4edcfd22b6af,2026-01-07 18:40:45,2026-01-07,Quarta,4,18,loja_fisica,prd_cb9e965f2314,Produto não cadastrado,Não cadastrado,Não cadastrado,,False,cus_a01814ad9247,Ana Beatriz Alves,SP,Sudeste,TOP_TIER,1,202.82,202.82,False
sal_f5ac8ed03bb5,2026-01-11 12:28:28,2026-01-11,Domingo,1,12,ecommerce,prd_9adbaa3083e1,Jaqueta Jeans,Moda,Sony,BASICO,True,cus_a8f8e01eaee8,Elisa Martins,ES,Sudeste,REGULAR,1,102.85,102.85,False
sal_a060d59fd6c1,2025-12-17 14:58:45,2025-12-17,Quarta,4,14,ecommerce,prd_96fbc500aec1,Edredom Casal,Casa,Asus,BASICO,True,cus_7262f4e5ce9f,Sophia Monteiro,SP,Sudeste,TOP_TIER,1,58.90,58.90,False
sal_6eaa866a032d,2025-12-23 22:31:47,2025-12-23,Terça,3,22,ecommerce,prd_c62100cc281c,Webcam para Stream,Games,Samsung,BASICO,True,cus_c8d383cfde0c,Maria Cecília Oliveira,AM,Norte,TOP_TIER,1,48.90,48.90,False
sal_e0341c9a9ada,2025-12-29 16:58:11,2025-12-29,Segunda,2,16,ecommerce,prd_c9b4024b7b9e,Toca-discos USB,Áudio,Mondial,BASICO,True,cus_d2762f5968fe,Aurora Pastor,SE,Nordeste,REGULAR,2,81.17,162.34,False
sal_58e4ef3bc4ae,2026-01-02 09:07:55,2026-01-02,Sexta,6,9,ecommerce,prd_84a009f1889d,Cortina Box,Casa,Consul,BASICO,True,cus_f1a06ae11717,Gustavo Henrique Rios,AM,Norte,TOP_TIER,2,32.90,65.80,False
sal_1b8c6c98825e,2025-12-19 20:01:05,2025-12-19,Sexta,6,20,ecommerce,prd_ea6b930ce9ac,Gravador de Voz,Áudio,Lenovo,BASICO,True,cus_f1a06ae11717,Gustavo Henrique Rios,AM,Norte,TOP_TIER,1,156.99,156.99,False
sal_70a258d42410,2025-12-30 19:28:37,2025-12-30,Terça,3,19,loja_fisica,prd_f063f46a7ef8,Fone de Ouvido Esportivo,Áudio,Consul,PREMIUM,True,cus_2b1b3e2a1515,Ana Sophia Pereira,MG,Sudeste,VIP,1,1286.09,1286.09,False
sal_d3ac797af155,2026-01-08 15:17:05,2026-01-08,Quinta,5,15,ecommerce,prd_334f4a32f979,Persiana Vertical,Casa,Motorola,BASICO,True,cus_79d52b75f259,Elisa Freitas,CE,Nordeste,TOP_TIER,1,404.50,404.50,False
sal_63d27a91a660,2026-01-04 20:39:56,2026-01-04,Domingo,1,20,ecommerce,prd_dfac11815029,Microfone para Stream,Games,Apple,BASICO,True,cus_f50da5532735,João Gabriel Porto,MG,Sudeste,TOP_TIER,1,179.55,179.55,False
sal_a34cd1a21fea,2025-12-16 14:06:28,2025-12-16,Terça,3,14,ecommerce,prd_a4025bac91a7,Óculos de Sol,Acessórios,Xiaomi,BASICO,True,cus_b0026583b709,Mariane Pacheco,MT,Centro-Oeste,VIP,1,47.61,47.61,False
sal_e34c32d0a843,2026-01-11 19:48:48,2026-01-11,Domingo,1,19,ecommerce,prd_afd58e5fd09d,Condicionador Hidratante,Beleza,Asus,BASICO,True,cus_f64907d41a69,Henrique Da Conceição,DF,Centro-Oeste,VIP,1,451.90,451.90,False
sal_f457de736db8,2025-12-18 18:42:38,2025-12-18,Quinta,5,18,ecommerce,prd_728d12065bf5,Suporte para Monitor,Informática,Consul,BASICO,True,cus_4209c24e0be2,Maya Castro,TO,Norte,REGULAR,1,430.00,430.00,False
sal_c555e084f841,2025-12-16 22:50:44,2025-12-16,Terça,3,22,ecommerce,prd_4ee65ed59110,Frigideira Antiaderente,Cozinha,Philips,BASICO,True,cus_4209c24e0be2,Maya Castro,TO,Norte,REGULAR,2,37.71,75.42,False
sal_b1b6f155f976,2026-01-01 10:05:17,2026-01-01,Quinta,5,10,ecommerce,prd_5744e3f88341,Jarra de Vidro,Cozinha,Apple,BASICO,True,cus_eae005fd3470,Calebe Fogaça,TO,Norte,TOP_TIER,2,163.97,327.94,False
sal_80bea61d79c1,2025-12-28 21:11:07,2025-12-28,Domingo,1,21,ecommerce,prd_385035a5bc20,Notebook Inspiron 15,Eletrônicos,Adidas,BASICO,True,cus_f1eccf8e0d99,Luiz Miguel Câmara,GO,Centro-Oeste,REGULAR,2,219.90,439.80,False
sal_f60dc2c7714c,2025-12-27 20:20:58,2025-12-27,Sábado,7,20,ecommerce,prd_f063f46a7ef8,Fone de Ouvido Esportivo,Áudio,Consul,PREMIUM,True,cus_3580317ddeab,Bella Borges,AM,Norte,VIP,1,1428.99,1428.99,False
sal_78ffad519706,2025-12-31 23:28:53,2025-12-31,Quarta,4,23,ecommerce,prd_2293732b7542,Cortina Blackout,Casa,Xiaomi,BASICO,True,cus_d2762f5968fe,Aurora Pastor,SE,Nordeste,REGULAR,1,75.79,75.79,False
sal_678a1c36a362,2025-12-18 23:03:01,2025-12-18,Quinta,5,23,ecommerce,prd_334f4a32f979,Persiana Vertical,Casa,Motorola,BASICO,True,cus_644bf6820c61,Heloísa Andrade,PR,Sul,REGULAR,2,384.27,768.54,False
sal_a1368adeed2a,2025-12-30 22:33:32,2025-12-30,Terça,3,22,ecommerce,prd_2cbafff50c72,Sabonete Facial,Beleza,Nike,BASICO,True,cus_c9cd13d1ae9f,Yasmin Siqueira,PA,Norte,VIP,1,90.81,90.81,False
sal_00056305bb8d,2025-12-22 10:23:09,2025-12-22,Segunda,2,10,ecommerce,prd_334f4a32f979,Persiana Vertical,Casa,Motorola,BASICO,True,cus_f1eccf8e0d99,Luiz Miguel Câmara,GO,Centro-Oeste,REGULAR,1,404.50,404.50,False
sal_9caaed27e2e8,2025-12-14 16:46:57,2025-12-14,Domingo,1,16,ecommerce,prd_474405dcce41,Brincos de Prata,Acessórios,Motorola,BASICO,True,cus_f50da5532735,João Gabriel Porto,MG,Sudeste,TOP_TIER,3,67.90,203.70,False
sal_14dc4687d198,2025-12-14 16:27:41,2025-12-14,Domingo,1,16,ecommerce,prd_4ee65ed59110,Frigideira Antiaderente,Cozinha,Philips,BASICO,True,cus_a01814ad9247,Ana Beatriz Alves,SP,Sudeste,TOP_TIER,1,39.80,39.80,False
sal_bdaad1eba079,2025-12-23 14:54:54,2025-12-23,Terça,3,14,ecommerce,prd_c62100cc281c,Webcam para Stream,Games,Samsung,BASICO,True,cus_fa3a88d1ccef,Benício Gomes,AL,Nordeste,VIP,1,48.90,48.90,False
sal_17b2ac401d3c,2026-01-05 21:42:19,2026-01-05,Segunda,2,21,ecommerce,prd_4ee65ed59110,Frigideira Antiaderente,Cozinha,Philips,BASICO,True,cus_df9e0b31fa20,Yuri Albuquerque,SE,Nordeste,REGULAR,1,39.80,39.80,False
sal_405c8837b6cb,2026-01-10 19:53:27,2026-01-10,Sábado,7,19,loja_fisica,prd_56e08463d21c,Tapete Persa,Casa,Brastemp,BASICO,True,cus_a2e18141f826,Ísis Leão,CE,Nordeste,REGULAR,2,223.90,447.80,False
sal_f93685b5f784,2025-12-13 14:36:20,2025-12-13,Sábado,7,14,loja_fisica,prd_6eca734f2e84,Edredom Casal,Casa,Electrolux,BASICO,True,cus_ec8d75866856,Luan Vargas,RS,Sul,TOP_TIER,1,193.79,193.79,False
sal_b6cf9770b860,2025-12-20 09:21:53,2025-12-20,Sábado,7,9,loja_fisica,prd_385035a5bc20,Notebook Inspiron 15,Eletrônicos,Adidas,BASICO,True,cus_d36c11b261a6,Cauã Rocha,MA,Nordeste,REGULAR,3,197.91,593.73,False
sal_42e34ce989d9,2025-12-13 15:25:42,2025-12-13,Sábado,7,15,ecommerce,prd_4a5427b33a63,Mouse Pad Gamer,Informática,Sony,BASICO,True,cus_a01814ad9247,Ana Beatriz Alves,SP,Sudeste,TOP_TIER,3,78.90,236.70,False
sal_06865caefb00,2025-12-14 08:15:02,2025-12-14,Domingo,1,8,ecommerce,prd_ff56c9132964,Regata Básica,Moda,Xiaomi,BASICO,True,cus_79d52b75f259,Elisa Freitas,CE,Nordeste,TOP_TIER,1,192.59,192.59,False
sal_a13d819003ba,2025-12-17 18:33:46,2025-12-17,Quarta,4,18,ecommerce,prd_d22d1b8b1502,Camisa Social,Moda,Brastemp,PREMIUM,True,cus_911b23c97589,Heitor Nunes,MS,Centro-Oeste,REGULAR,1,1034.91,1034.91,False
sal_df70e2984cff,2026-01-08 09:31:11,2026-01-08,Quinta,5,9,ecommerce,prd_205f309c1a21,Tapete Persa,Casa,Sony,BASICO,True,cus_13af118ef4e8,Sarah Teixeira,AM,Norte,TOP_TIER,4,29.74,118.96,False
sal_0cacd7014cee,2025-12-13 17:26:44,2025-12-13,Sábado,7,17,ecommerce,prd_f063f46a7ef8,Fone de Ouvido Esportivo,Áudio,Consul,PREMIUM,True,cus_f50da5532735,João Gabriel Porto,MG,Sudeste,TOP_TIER,1,1428.99,1428.99,False
sal_eee91586554e,2025-12-23 22:56:33,2025-12-23,Terça,3,22,ecommerce,prd_e66747c9b59e,Cesto de Vime,Casa,Brastemp,BASICO,True,cus_25d1cb23f872,Melissa Pastor,AC,Norte,VIP,1,184.30,184.30,False
sal_2e60ab91e3dc,2026-01-01 11:45:12,2026-01-01,Quinta,5,11,ecommerce,prd_f063f46a7ef8,Fone de Ouvido Esportivo,Áudio,Consul,PREMIUM,True,cus_fa3a88d1ccef,Benício Gomes,AL,Nordeste,VIP,3,1286.09,3858.27,False
sal_22a1daba8151,2026-01-07 22:51:33,2026-01-07,Quarta,4,22,ecommerce,prd_bf5d8671f7a9,Placa Mãe B450,Informática,Brastemp,BASICO,True,cus_fa3a88d1ccef,Benício Gomes,AL,Nordeste,VIP,1,119.90,119.90,False
sal_452ee6d1df35,2025-12-13 16:52:43,2025-12-13,Sábado,7,16,ecommerce,prd_205f309c1a21,Tapete Persa,Casa,Sony,BASICO,True,cus_4e62d52db97a,Josué Souza,RJ,Sudeste,VIP,1,34.99,34.99,False
sal_8bed8ccc1e6b,2026-01-01 20:50:22,2026-01-01,Quinta,5,20,ecommerce,prd_686e2aab873d,Blusa de Frio,Moda,Philips,BASICO,True,cus_8ad3c8745efb,Eduardo Cunha,AC,Norte,TOP_TIER,1,98.45,98.45,False
sal_70bc3d5e6a0a,2026-01-08 09:29:35,2026-01-08,Quinta,5,9,ecommerce,prd_dfac11815029,Microfone para Stream,Games,Apple,BASICO,True,cus_644bf6820c61,Heloísa Andrade,PR,Sul,REGULAR,1,179.55,179.55,False
sal_8003d630a435,2025-12-17 19:48:09,2025-12-17,Quarta,4,19,ecommerce,prd_82cd17cb589d,Persiana Vertical,Casa,Dell,BASICO,True,cus_418af67b6b28,Miguel Ramos,TO,Norte,REGULAR,1,44.90,44.90,False
sal_9f6b047ffd2a,2025-12-19 18:14:57,2025-12-19,Sexta,6,18,loja_fisica,prd_c62100cc281c,Webcam para Stream,Games,Samsung,BASICO,True,cus_639110db69ed,João Vitor Barros,AP,Norte,REGULAR,2,44.01,88.02,False
sal_acec6ec0d956,2025-12-18 12:29:46,2025-12-18,Quinta,5,12,ecommerce,prd_9239eec8982d,HD Externo 2TB,Informática,Arno,BASICO,True,cus_cf84750c1fb4,Alana Teixeira,MA,Nordeste,TOP_TIER,1,51.99,51.99,False
sal_62a319a86fd2,2026-01-11 17:14:17,2026-01-11,Domingo,1,17,ecommerce,prd_9239eec8982d,HD Externo 2TB,Informática,Arno,BASICO,True,cus_c3944101594c,Murilo Da Mata,RR,Norte,VIP,2,46.79,93.58,False
sal_069ba24275f3,2026-01-05 12:07:39,2026-01-05,Segunda,2,12,ecommerce,prd_686e2aab873d,Blusa de Frio,Moda,Philips,BASICO,True,cus_df9e0b31fa20,Yuri Albuquerque,SE,Nordeste,REGULAR,1,80.55,80.55,False
sal_188c8eea2c37,2026-01-04 08:06:03,2026-01-04,Domingo,1,8,ecommerce,prd_a4025bac91a7,Óculos de Sol,Acessórios,Xiaomi,BASICO,True,cus_f50da5532735,João Gabriel Porto,MG,Sudeste,TOP_TIER,1,52.90,52.90,False
sal_7fb11a2011fd,2026-01-11 15:45:59,2026-01-11,Domingo,1,15,ecommerce,prd_8fa1119d3982,Roteador Wi-Fi 6,Eletrônicos,Adidas,BASICO,True,cus_a2e18141f826,Ísis Leão,CE,Nordeste,REGULAR,1,39.90,39.90,False
sal_a32089371eb5,2026-01-08 20:42:09,2026-01-08,Quinta,5,20,ecommerce,prd_385035a5bc20,Notebook Inspiron 15,Eletrônicos,Adidas,BASICO,True,cus_911b23c97589,Heitor Nunes,MS,Centro-Oeste,REGULAR,1,186.91,186.91,False
sal_73204dd9a746,2026-01-08 20:02:06,2026-01-08,Quinta,5,20,loja_fisica,prd_bf5d8671f7a9,Placa Mãe B450,Informática,Brastemp,BASICO,True,cus_a01814ad9247,Ana Beatriz Alves,SP,Sudeste,TOP_TIER,2,107.91,215.82,False
sal_56ce8d6f847b,2025-12-26 22:03:12,2025-12-26,Sexta,6,22,ecommerce,prd_c62100cc281c,Webcam para Stream,Games,Samsung,BASICO,True,cus_1a38731e1fbe,Otávio Fernandes,ES,Sudeste,TOP_TIER,1,48.90,48.90,False
sal_b8d12a14e7a3,2026-01-06 12:16:19,2026-01-06,Terça,3,12,ecommerce,prd_a4025bac91a7,Óculos de Sol,Acessórios,Xiaomi,BASICO,True,cus_d2762f5968fe,Aurora Pastor,SE,Nordeste,REGULAR,1,52.90,52.90,False
sal_6c6612fe6f26,2026-01-06 13:12:16,2026-01-06,Terça,3,13,ecommerce,prd_3dd1d39581ca,Halteres Ajustáveis,Esporte,Asus,BASICO,True,cus_0914bdf6e1fe,Isabelly Câmara,MT,Centro-Oeste,REGULAR,1,52.99,52.99,False
sal_1676e78aa823,2025-12-16 13:07:22,2025-12-16,Terça,3,13,ecommerce,prd_223c9b6a0a76,Luminária de Mesa,Casa,Mondial,BASICO,True,cus_31874cf2d1e5,Nina Moura,SP,Sudeste,TOP_TIER,1,77.89,77.89,False
sal_8508e1534dd1,2026-01-07 20:53:38,2026-01-07,Quarta,4,20,loja_fisica,prd_a3ae425a3edd,Pesos de Pulso,Esporte,Philips,BASICO,True,cus_36595eecf105,Bruno Novaes,PA,Norte,REGULAR,1,75.59,75.59,False
sal_aae32c66e66d,2026-01-08 22:47:19,2026-01-08,Quinta,5,22,ecommerce,prd_2293732b7542,Cortina Blackout,Casa,Xiaomi,BASICO,True,cus_df9e0b31fa20,Yuri Albuquerque,SE,Nordeste,REGULAR,1,62.01,62.01,False
sal_f4d2aad626ee,2025-12-22 23:02:13,2025-12-22,Segunda,2,23,ecommerce,prd_6d4e3b1efd0c,Necessaire,Acessórios,Xiaomi,PREMIUM,True,cus_b0026583b709,Mariane Pacheco,MT,Centro-Oeste,VIP,2,1082.99,2165.98,False
sal_6d5f3689fbad,2025-12-24 21:08:38,2025-12-24,Quarta,4,21,ecommerce,prd_295160cbf171,Controle Xbox,Games,Apple,BASICO,True,cus_a8f8e01eaee8,Elisa Martins,ES,Sudeste,REGULAR,1,279.81,279.81,False
sal_66cc7e294ec7,2026-01-07 23:59:43,2026-01-07,Quarta,4,23,ecommerce,prd_c62100cc281c,Webcam para Stream,Games,Samsung,BASICO,True,cus_3580317ddeab,Bella Borges,AM,Norte,VIP,1,41.56,41.56,False
sal_acb27c51aa50,2026-01-06 15:15:51,2026-01-06,Terça,3,15,loja_fisica,prd_3e585d1aaf6c,Gabinete ATX,Informática,LG,BASICO,True,cus_78ab1cf16e12,Beatriz Garcia,SE,Nordeste,TOP_TIER,1,209.90,209.90,False
sal_04f5d2598dd1,2025-12-22 10:58:53,2025-12-22,Segunda,2,10,loja_fisica,prd_4ee65ed59110,Frigideira Antiaderente,Cozinha,Philips,BASICO,True,cus_1a38731e1fbe,Otávio Fernandes,ES,Sudeste,TOP_TIER,1,41.90,41.90,False
sal_d11b77982d74,2025-12-15 08:26:28,2025-12-15,Segunda,2,8,ecommerce,prd_c62100cc281c,Webcam para Stream,Games,Samsung,BASICO,True,cus_639110db69ed,João Vitor Barros,AP,Norte,REGULAR,1,46.45,46.45,False
sal_e32e5a6f08e4,2025-12-23 22:39:44,2025-12-23,Terça,3,22,ecommerce,prd_38c1b898aecc,Microfone para Stream,Games,Samsung,BASICO,True,cus_1a38731e1fbe,Otávio Fernandes,ES,Sudeste,TOP_TIER,2,140.90,281.80,False
sal_63e057d093ec,2025-12-29 16:08:51,2025-12-29,Segunda,2,16,ecommerce,prd_dd8079e89b90,Porta-retrato,Casa,Nike,BASICO,True,cus_7262f4e5ce9f,Sophia Monteiro,SP,Sudeste,TOP_TIER,1,84.90,84.90,False
sal_fdb3ee2e8391,2026-01-03 08:03:21,2026-01-03,Sábado,7,8,ecommerce,prd_30518d908a92,Cinto de Couro,Acessórios,Asus,BASICO,True,cus_6ff11137142d,Vitor Gabriel Sá,TO,Norte,TOP_TIER,1,76.94,76.94,False
sal_6d6e1b181703,2026-01-06 08:59:12,2026-01-06,Terça,3,8,ecommerce,prd_f063f46a7ef8,Fone de Ouvido Esportivo,Áudio,Consul,PREMIUM,True,cus_c3944101594c,Murilo Da Mata,RR,Norte,VIP,1,1214.64,1214.64,False
sal_8407f9fce42c,2026-01-08 18:15:42,2026-01-08,Quinta,5,18,ecommerce,prd_d92ad43fa137,Smart TV 43 Polegadas,Eletrônicos,Philips,BASICO,True,cus_ec8d75866856,Luan Vargas,RS,Sul,TOP_TIER,2,66.90,133.80,False
sal_70dfee0adc21,2025-12-30 22:26:29,2025-12-30,Terça,3,22,ecommerce,prd_b7490508211e,Vestido Floral,Moda,Apple,BASICO,True,cus_b0026583b709,Mariane Pacheco,MT,Centro-Oeste,VIP,2,209.00,418.00,False
sal_d9c57cbf7c7d,2025-12-23 17:25:39,2025-12-23,Terça,3,17,ecommerce,prd_dd8079e89b90,Porta-retrato,Casa,Nike,BASICO,True,cus_d36c11b261a6,Cauã Rocha,MA,Nordeste,REGULAR,1,72.17,72.17,False
sal_6bc1efaecc28,2026-01-11 09:24:42,2026-01-11,Domingo,1,9,ecommerce,prd_d92ad43fa137,Smart TV 43 Polegadas,Eletrônicos,Philips,BASICO,True,cus_4209c24e0be2,Maya Castro,TO,Norte,REGULAR,3,60.21,180.63,False
sal_df4b52d478c3,2025-12-16 10:31:55,2025-12-16,Terça,3,10,ecommerce,prd_4ee65ed59110,Frigideira Antiaderente,Cozinha,Philips,BASICO,True,cus_644bf6820c61,Heloísa Andrade,PR,Sul,REGULAR,4,39.80,159.20,False
sal_49fa17516a7f,2025-12-17 13:48:49,2025-12-17,Quarta,4,13,ecommerce,prd_afd58e5fd09d,Condicionador Hidratante,Beleza,Asus,BASICO,True,cus_0ff4cceccc6f,João Aparecida,CE,Nordeste,TOP_TIER,4,429.30,1717.20,False
sal_c797d2543885,2026-01-10 10:10:09,2026-01-10,Sábado,7,10,ecommerce,prd_686e2aab873d,Blusa de Frio,Moda,Philips,BASICO,True,cus_71308b76151a,Amanda Sousa,MS,Centro-Oeste,TOP_TIER,1,80.55,80.55,False
sal_552c7e4aca0a,2026-01-01 08:12:07,2026-01-01,Quinta,5,8,ecommerce,prd_9f5272275347,Marcador de Texto,Acessórios,Sony,BASICO,True,cus_cf84750c1fb4,Alana Teixeira,MA,Nordeste,TOP_TIER,1,53.55,53.55,False
sal_968bb3937978,2025-12-29 16:46:25,2025-12-29,Segunda,2,16,ecommerce,prd_d92ad43fa137,Smart TV 43 Polegadas,Eletrônicos,Philips,BASICO,True,cus_f1eccf8e0d99,Luiz Miguel Câmara,GO,Centro-Oeste,REGULAR,1,66.90,66.90,False
sal_4a8052ebed49,2026-01-11 12:12:58,2026-01-11,Domingo,1,12,loja_fisica,prd_2293732b7542,Cortina Blackout,Casa,Xiaomi,BASICO,True,cus_508a15ccf0fa,Zoe Campos,MT,Centro-Oeste,TOP_TIER,1,68.90,68.90,False
sal_25bf68ea06f8,2025-12-21 16:11:12,2025-12-21,Domingo,1,16,loja_fisica,prd_045813f96891,Cardigan de Lã,Moda,LG,BASICO,True,cus_d36c11b261a6,Cauã Rocha,MA,Nordeste,REGULAR,1,121.54,121.54,False
sal_f6120bcd635a,2025-12-21 10:42:25,2025-12-21,Domingo,1,10,ecommerce,prd_ff35b88df534,SSD 500GB,Eletrônicos,Acer,BASICO,True,cus_a9747473c5c6,Ana Lívia Aparecida,AL,Nordeste,REGULAR,1,211.90,211.90,False
sal_2ee49bbb9aac,2025-12-18 17:44:07,2025-12-18,Quinta,5,17,ecommerce,prd_d92ad43fa137,Smart TV 43 Polegadas,Eletrônicos,Philips,BASICO,True,cus_508a15ccf0fa,Zoe Campos,MT,Centro-Oeste,TOP_TIER,4,56.87,227.48,False
sal_7e836bc2307b,2025-12-17 09:31:11,2025-12-17,Quarta,4,9,ecommerce,prd_faf3fd1a4155,Cinto de Couro,Acessórios,Dell,BASICO,True,cus_7262f4e5ce9f,Sophia Monteiro,SP,Sudeste,TOP_TIER,1,102.90,102.90,False
sal_de24bb2178fc,2025-12-26 19:01:00,2025-12-26,Sexta,6,19,ecommerce,prd_2befc441dd56,Bicicleta Ergométrica,Esporte,Motorola,BASICO,True,cus_9d2dd4770a79,Luigi Camargo,GO,Centro-Oeste,TOP_TIER,1,194.64,194.64,False
sal_7481e90fc6ec,2026-01-05 11:12:43,2026-01-05,Segunda,2,11,ecommerce,prd_a4025bac91a7,Óculos de Sol,Acessórios,Xiaomi,BASICO,True,cus_6ff11137142d,Vitor Gabriel Sá,TO,Norte,TOP_TIER,1,50.25,50.25,False
sal_81145c18de0b,2025-12-21 01:01:40,2025-12-21,Domingo,1,1,loja_fisica,prd_ff35b88df534,SSD 500GB,Eletrônicos,Acer,BASICO,True,cus_a9747473c5c6,Ana Lívia Aparecida,AL,Nordeste,REGULAR,1,211.90,211.90,False
sal_3c91ffabe0ea,2025-12-25 08:47:06,2025-12-25,Quinta,5,8,ecommerce,prd_bf5d8671f7a9,Placa Mãe B450,Informática,Brastemp,BASICO,True,cus_4e62d52db97a,Josué Souza,RJ,Sudeste,VIP,1,119.90,119.90,False
sal_15c2046be2a6,2026-01-10 22:29:12,2026-01-10,Sábado,7,22,ecommerce,prd_a4025bac91a7,Óculos de Sol,Acessórios,Xiaomi,BASICO,True,cus_3580317ddeab,Bella Borges,AM,Norte,VIP,2,47.61,95.22,False
sal_1a92c66b59d1,2025-12-20 11:34:28,2025-12-20,Sábado,7,11,ecommerce,prd_8b22fd85d500,Garrafa Térmica 1L,Cozinha,Sony,BASICO,True,cus_508a15ccf0fa,Zoe Campos,MT,Centro-Oeste,TOP_TIER,2,292.49,584.98,False
sal_3fafff649c09,2025-12-19 19:42:59,2025-12-19,Sexta,6,19,ecommerce,prd_223c9b6a0a76,Luminária de Mesa,Casa,Mondial,BASICO,True,cus_a8f8e01eaee8,Elisa Martins,ES,Sudeste,REGULAR,1,73.79,73.79,False
sal_6d5be893a9ab,2025-12-17 18:49:43,2025-12-17,Quarta,4,18,ecommerce,prd_fb32df842fbd,Vestido Floral,Moda,Consul,BASICO,True,cus_b0026583b709,Mariane Pacheco,MT,Centro-Oeste,VIP,1,92.90,92.90,False
sal_eaf2364291c7,2025-12-26 23:29:17,2025-12-26,Sexta,6,23,ecommerce,prd_ff35b88df534,SSD 500GB,Eletrônicos,Acer,BASICO,True,cus_ec8d75866856,Luan Vargas,RS,Sul,TOP_TIER,1,211.90,211.90,False
sal_ab0bc4bb8055,2026-01-08 17:57:09,2026-01-08,Quinta,5,17,ecommerce,prd_622325b011e6,Iluminador para Stream,Games,Sony,BASICO,True,cus_c9cd13d1ae9f,Yasmin Siqueira,PA,Norte,VIP,1,291.51,291.51,False
sal_514d230d6bd3,2025-12-22 20:18:29,2025-12-22,Segunda,2,20,loja_fisica,prd_3e42ffcc8dd9,Mochila Escolar,Acessórios,Acer,BASICO,True,cus_a2e18141f826,Ísis Leão,CE,Nordeste,REGULAR,3,67.90,203.70,False
sal_cc7821914dfe,2025-12-21 15:50:00,2025-12-21,Domingo,1,15,loja_fisica,prd_dfac11815029,Microfone para Stream,Games,Apple,BASICO,True,cus_4209c24e0be2,Maya Castro,TO,Norte,REGULAR,1,170.10,170.10,False
sal_b2e06a7ab493,2025-12-18 14:22:22,2025-12-18,Quinta,5,14,loja_fisica,prd_d22d1b8b1502,Camisa Social,Moda,Brastemp,PREMIUM,True,cus_25d1cb23f872,Melissa Pastor,AC,Norte,VIP,1,1092.40,1092.40,False
sal_25584c62bb37,2025-12-31 13:08:57,2025-12-31,Quarta,4,13,ecommerce,prd_c62100cc281c,Webcam para Stream,Games,Samsung,BASICO,True,cus_1a38731e1fbe,Otávio Fernandes,ES,Sudeste,TOP_TIER,1,48.90,48.90,False
sal_2738f75f01c5,2025-12-28 20:09:34,2025-12-28,Domingo,1,20,ecommerce,prd_a4025bac91a7,Óculos de Sol,Acessórios,Xiaomi,BASICO,True,cus_9d2dd4770a79,Luigi Camargo,GO,Centro-Oeste,TOP_TIER,2,47.61,95.22,False
sal_7a8fefaa5c0f,2026-01-02 18:04:20,2026-01-02,Sexta,6,18,ecommerce,prd_11a9489c4c86,Porta-retrato,Casa,Asus,BASICO,True,cus_0343c0763f76,Vitor Gabriel Da Luz,RS,Sul,VIP,1,71.24,71.24,False
sal_047d94158fd6,2026-01-07 09:00:25,2026-01-07,Quarta,4,9,ecommerce,prd_045813f96891,Cardigan de Lã,Moda,LG,BASICO,True,cus_0914bdf6e1fe,Isabelly Câmara,MT,Centro-Oeste,REGULAR,3,142.99,428.97,False
sal_1bbfbe2763d3,2025-12-14 20:58:26,2025-12-14,Domingo,1,20,ecommerce,prd_645f7859f379,Calça Jeans Skinny,Moda,Asus,BASICO,True,cus_c3944101594c,Murilo Da Mata,RR,Norte,VIP,2,486.90,973.80,False
sal_da0d3e2b4fdc,2025-12-13 16:21:35,2025-12-13,Sábado,7,16,loja_fisica,prd_82cd17cb589d,Persiana Vertical,Casa,Dell,BASICO,True,cus_8fa04d3a5837,Rafael Porto,RS,Sul,TOP_TIER,1,44.90,44.90,False
sal_6554b402c706,2025-12-13 15:35:26,2025-12-13,Sábado,7,15,ecommerce,prd_c62100cc281c,Webcam para Stream,Games,Samsung,BASICO,True,cus_96658dc10aa5,Agatha Silveira,PA,Norte,TOP_TIER,1,48.90,48.90,False
sal_20aeaeb54d8a,2025-12-31 21:33:37,2025-12-31,Quarta,4,21,loja_fisica,prd_ff35b88df534,SSD 500GB,Eletrônicos,Acer,BASICO,True,cus_3580317ddeab,Bella Borges,AM,Norte,VIP,5,201.31,1006.55,False
sal_f1bfe5e471c0,2025-12-19 14:25:43,2025-12-19,Sexta,6,14,ecommerce,prd_8b22fd85d500,Garrafa Térmica 1L,Cozinha,Sony,BASICO,True,cus_1a38731e1fbe,Otávio Fernandes,ES,Sudeste,TOP_TIER,1,324.99,324.99,False
sal_6ee6f6abdb80,2025-12-14 22:34:43,2025-12-14,Domingo,1,22,loja_fisica,prd_f063f46a7ef8,Fone de Ouvido Esportivo,Áudio,Consul,PREMIUM,True,cus_31874cf2d1e5,Nina Moura,SP,Sudeste,TOP_TIER,1,1428.99,1428.99,False
sal_beedc3261e6f,2025-12-28 16:40:31,2025-12-28,Domingo,1,16,loja_fisica,prd_2293732b7542,Cortina Blackout,Casa,Xiaomi,BASICO,True,cus_96658dc10aa5,Agatha Silveira,PA,Norte,TOP_TIER,1,65.45,65.45,False
sal_9b8ab413a886,2025-12-26 13:23:31,2025-12-26,Sexta,6,13,ecommerce,prd_d22d1b8b1502,Camisa Social,Moda,Brastemp,PREMIUM,True,cus_508a15ccf0fa,Zoe Campos,MT,Centro-Oeste,TOP_TIER,2,1149.90,2299.80,False
sal_43485dcbbda1,2026-01-09 08:44:56,2026-01-09,Sexta,6,8,ecommerce,prd_6343e70ed4b9,Sérum Vitamina C,Beleza,Xiaomi,BASICO,True,cus_0343c0763f76,Vitor Gabriel Da Luz,RS,Sul,VIP,1,152.00,152.00,False
sal_2991b075e5f3,2026-01-05 10:27:49,2026-01-05,Segunda,2,10,loja_fisica,prd_6d4e3b1efd0c,Necessaire,Acessórios,Xiaomi,PREMIUM,True,cus_36595eecf105,Bruno Novaes,PA,Norte,REGULAR,1,1139.99,1139.99,False
sal_9a280351f464,2025-12-16 19:36:25,2025-12-16,Terça,3,19,ecommerce,prd_afd58e5fd09d,Condicionador Hidratante,Beleza,Asus,BASICO,True,cus_ec8d75866856,Luan Vargas,RS,Sul,TOP_TIER,1,451.90,451.90,False
sal_24c3509de4a3,2026-01-01 18:43:20,2026-01-01,Quinta,5,18,ecommerce,prd_6d4e3b1efd0c,Necessaire,Acessórios,Xiaomi,PREMIUM,True,cus_78ab1cf16e12,Beatriz Garcia,SE,Nordeste,TOP_TIER,1,1139.99,1139.99,False
sal_6c0d3d92d8b0,2025-12-30 08:54:21,2025-12-30,Terça,3,8,ecommerce,prd_0aba258682b7,Vestido Floral,Moda,Adidas,BASICO,True,cus_7262f4e5ce9f,Sophia Monteiro,SP,Sudeste,TOP_TIER,1,65.25,65.25,False
sal_ebe90b0f87c1,2026-01-09 15:09:04,2026-01-09,Sexta,6,15,loja_fisica,prd_b7490508211e,Vestido Floral,Moda,Apple,BASICO,True,cus_d36c11b261a6,Cauã Rocha,MA,Nordeste,REGULAR,1,220.00,220.00,False
sal_73fe3841c112,2025-12-30 19:12:01,2025-12-30,Terça,3,19,loja_fisica,prd_205f309c1a21,Tapete Persa,Casa,Sony,BASICO,True,cus_eae005fd3470,Calebe Fogaça,TO,Norte,TOP_TIER,1,31.49,31.49,False
sal_9e97524d8ece,2025-12-31 13:38:03,2025-12-31,Quarta,4,13,ecommerce,prd_2293732b7542,Cortina Blackout,Casa,Xiaomi,BASICO,True,cus_a9747473c5c6,Ana Lívia Aparecida,AL,Nordeste,REGULAR,1,65.45,65.45,False
sal_f29f8f9595da,2025-12-18 15:44:46,2025-12-18,Quinta,5,15,ecommerce,prd_afd58e5fd09d,Condicionador Hidratante,Beleza,Asus,BASICO,True,cus_78ab1cf16e12,Beatriz Garcia,SE,Nordeste,TOP_TIER,1,497.09,497.09,False
sal_24e985c8265f,2026-01-01 18:58:44,2026-01-01,Quinta,5,18,ecommerce,prd_a4025bac91a7,Óculos de Sol,Acessórios,Xiaomi,BASICO,True,cus_ec8d75866856,Luan Vargas,RS,Sul,TOP_TIER,1,50.25,50.25,False
sal_3a4ced663bc8,2025-12-21 09:08:38,2025-12-21,Domingo,1,9,ecommerce,prd_51511e44c92a,Kit Gamer Completo,Games,Mondial,BASICO,True,cus_f50da5532735,João Gabriel Porto,MG,Sudeste,TOP_TIER,2,88.90,177.80,False
sal_dbdd289f86cb,2026-01-11 18:52:40,2026-01-11,Domingo,1,18,loja_fisica,prd_1974423eecee,Suporte para Monitor,Informática,LG,BASICO,True,cus_a8f8e01eaee8,Elisa Martins,ES,Sudeste,REGULAR,1,156.28,156.28,False
sal_474b43678df2,2025-12-31 18:57:09,2025-12-31,Quarta,4,18,ecommerce,prd_4ee65ed59110,Frigideira Antiaderente,Cozinha,Philips,BASICO,True,cus_df9e0b31fa20,Yuri Albuquerque,SE,Nordeste,REGULAR,1,37.71,37.71,False
sal_da5e8a8675c9,2025-12-20 20:10:53,2025-12-20,Sábado,7,20,ecommerce,prd_4ee65ed59110,Frigideira Antiaderente,Cozinha,Philips,BASICO,True,cus_71308b76151a,Amanda Sousa,MS,Centro-Oeste,TOP_TIER,1,41.90,41.90,False
sal_56b119aa68bd,2025-12-22 18:22:16,2025-12-22,Segunda,2,18,ecommerce,prd_c62100cc281c,Webcam para Stream,Games,Samsung,BASICO,True,cus_f64907d41a69,Henrique Da Conceição,DF,Centro-Oeste,VIP,1,48.90,48.90,False
sal_0b7e60d4c427,2025-12-23 19:38:22,2025-12-23,Terça,3,19,ecommerce,prd_2cbafff50c72,Sabonete Facial,Beleza,Nike,BASICO,True,cus_96658dc10aa5,Agatha Silveira,PA,Norte,TOP_TIER,1,100.90,100.90,False
sal_ad6bb24dbf47,2026-01-04 09:47:26,2026-01-04,Domingo,1,9,loja_fisica,prd_4a5427b33a63,Mouse Pad Gamer,Informática,Sony,BASICO,True,cus_13af118ef4e8,Sarah Teixeira,AM,Norte,TOP_TIER,1,86.79,86.79,False
sal_714622e5a0d3,2025-12-19 21:35:37,2025-12-19,Sexta,6,21,ecommerce,prd_a4025bac91a7,Óculos de Sol,Acessórios,Xiaomi,BASICO,True,cus_418af67b6b28,Miguel Ramos,TO,Norte,REGULAR,2,52.90,105.80,False
sal_ff685c1245c1,2025-12-29 23:11:56,2025-12-29,Segunda,2,23,loja_fisica,prd_045813f96891,Cardigan de Lã,Moda,LG,BASICO,True,cus_cf84750c1fb4,Alana Teixeira,MA,Nordeste,TOP_TIER,2,142.99,285.98,False
sal_1875b6a18ce4,2025-12-27 15:26:30,2025-12-27,Sábado,7,15,ecommerce,prd_645f7859f379,Calça Jeans Skinny,Moda,Asus,BASICO,True,cus_0914bdf6e1fe,Isabelly Câmara,MT,Centro-Oeste,REGULAR,1,486.90,486.90,False
sal_f134ffa6890d,2025-12-16 09:05:41,2025-12-16,Terça,3,9,ecommerce,prd_8b22fd85d500,Garrafa Térmica 1L,Cozinha,Sony,BASICO,True,cus_9d2dd4770a79,Luigi Camargo,GO,Centro-Oeste,TOP_TIER,2,324.99,649.98,False
sal_407ecbaed4c4,2025-12-17 08:30:58,2025-12-17,Quarta,4,8,ecommerce,prd_ff35b88df534,SSD 500GB,Eletrônicos,Acer,BASICO,True,cus_6ff11137142d,Vitor Gabriel Sá,TO,Norte,TOP_TIER,1,211.90,211.90,False
sal_eda0a688682f,2025-12-14 13:30:31,2025-12-14,Domingo,1,13,ecommerce,prd_a4025bac91a7,Óculos de Sol,Acessórios,Xiaomi,BASICO,True,cus_df9e0b31fa20,Yuri Albuquerque,SE,Nordeste,REGULAR,1,52.90,52.90,False
sal_64097bfbb41e,2025-12-27 18:40:39,2025-12-27,Sábado,7,18,loja_fisica,prd_651e8d1acbf8,Processador de Alimentos,Cozinha,Brastemp,BASICO,True,cus_644bf6820c61,Heloísa Andrade,PR,Sul,REGULAR,1,464.90,464.90,False
sal_0cc590f72498,2026-01-07 11:03:41,2026-01-07,Quarta,4,11,ecommerce,prd_4ee65ed59110,Frigideira Antiaderente,Cozinha,Philips,BASICO,True,cus_6ff11137142d,Vitor Gabriel Sá,TO,Norte,TOP_TIER,1,39.80,39.80,False
sal_b70f39aed7ad,2025-12-20 17:37:25,2025-12-20,Sábado,7,17,ecommerce,prd_11a9489c4c86,Porta-retrato,Casa,Asus,BASICO,True,cus_911b23c97589,Heitor Nunes,MS,Centro-Oeste,REGULAR,1,63.74,63.74,False
sal_5718381f6286,2025-12-14 11:22:27,2025-12-14,Domingo,1,11,ecommerce,prd_b7490508211e,Vestido Floral,Moda,Apple,BASICO,True,cus_508a15ccf0fa,Zoe Campos,MT,Centro-Oeste,TOP_TIER,1,209.00,209.00,False
sal_580c898677f0,2026-01-03 19:25:57,2026-01-03,Sábado,7,19,ecommerce,prd_8b22fd85d500,Garrafa Térmica 1L,Cozinha,Sony,BASICO,True,cus_2b1b3e2a1515,Ana Sophia Pereira,MG,Sudeste,VIP,1,308.74,308.74,False
sal_190e7bd7aaec,2025-12-25 09:15:37,2025-12-25,Quinta,5,9,ecommerce,prd_f063f46a7ef8,Fone de Ouvido Esportivo,Áudio,Consul,PREMIUM,True,cus_f1eccf8e0d99,Luiz Miguel Câmara,GO,Centro-Oeste,REGULAR,2,1428.99,2857.98,False
sal_383b65c394e4,2026-01-03 19:36:23,2026-01-03,Sábado,7,19,ecommerce,prd_996db03524ae,Elástico de Resistência,Esporte,Sony,BASICO,True,cus_cf84750c1fb4,Alana Teixeira,MA,Nordeste,TOP_TIER,1,123.90,123.90,False
sal_54212d50717d,2025-12-13 18:40:34,2025-12-13,Sábado,7,18,loja_fisica,prd_951e09f3ecb1,Chaveiro Personalizado,Acessórios,LG,BASICO,True,cus_66677d443e5e,Cecília Da Luz,AC,Norte,TOP_TIER,1,48.99,48.99,False
sal_e28aa1c46a06,2026-01-05 08:43:49,2026-01-05,Segunda,2,8,ecommerce,prd_92c0ecf60a58,Jogo de Toalhas,Casa,Brastemp,BASICO,True,cus_8ad3c8745efb,Eduardo Cunha,AC,Norte,TOP_TIER,1,171.85,171.85,False
sal_fc9c95bdff1f,2025-12-31 16:10:44,2025-12-31,Quarta,4,16,ecommerce,prd_82cd17cb589d,Persiana Vertical,Casa,Dell,BASICO,True,cus_eae005fd3470,Calebe Fogaça,TO,Norte,TOP_TIER,5,44.90,224.50,False
sal_3382dc3db5e2,2026-01-11 20:19:49,2026-01-11,Domingo,1,20,ecommerce,prd_23664e42a71c,Jogo de Toalhas,Casa,Xiaomi,BASICO,True,cus_418af67b6b28,Miguel Ramos,TO,Norte,REGULAR,1,104.41,104.41,False
sal_514c330c39cb,2025-12-21 13:38:34,2025-12-21,Domingo,1,13,ecommerce,prd_22f73233f9a5,Notebook Inspiron 15,Eletrônicos,O Boticário,BASICO,True,cus_c9cd13d1ae9f,Yasmin Siqueira,PA,Norte,VIP,1,103.90,103.90,False
sal_bb5da56afbe0,2025-12-14 01:31:03,2025-12-14,Domingo,1,1,ecommerce,prd_b7490508211e,Vestido Floral,Moda,Apple,BASICO,True,cus_96658dc10aa5,Agatha Silveira,PA,Norte,TOP_TIER,1,220.00,220.00,False
sal_38d69b2a2bc9,2025-12-24 14:11:27,2025-12-24,Quarta,4,14,ecommerce,prd_205f309c1a21,Tapete Persa,Casa,Sony,BASICO,True,cus_a2e18141f826,Ísis Leão,CE,Nordeste,REGULAR,1,34.99,34.99,False
sal_642b08f27610,2025-12-17 18:30:14,2025-12-17,Quarta,4,18,loja_fisica,prd_b7490508211e,Vestido Floral,Moda,Apple,BASICO,True,cus_4209c24e0be2,Maya Castro,TO,Norte,REGULAR,1,220.00,220.00,False
sal_48c1f35a936d,2025-12-30 13:47:57,2025-12-30,Terça,3,13,ecommerce,prd_c62100cc281c,Webcam para Stream,Games,Samsung,BASICO,True,cus_418af67b6b28,Miguel Ramos,TO,Norte,REGULAR,1,53.79,53.79,False
sal_462912d8929c,2026-01-08 10:14:40,2026-01-08,Quinta,5,10,ecommerce,prd_bf5d8671f7a9,Placa Mãe B450,Informática,Brastemp,BASICO,True,cus_0914bdf6e1fe,Isabelly Câmara,MT,Centro-Oeste,REGULAR,1,113.91,113.91,False
sal_69781e150e96,2026-01-08 13:32:36,2026-01-08,Quinta,5,13,loja_fisica,prd_51511e44c92a,Kit Gamer Completo,Games,Mondial,BASICO,True,cus_13af118ef4e8,Sarah Teixeira,AM,Norte,TOP_TIER,1,88.90,88.90,False
sal_b28c5be4429e,2026-01-03 21:16:08,2026-01-03,Sábado,7,21,ecommerce,prd_cc3053305ba7,iPhone 14,Eletrônicos,Motorola,MEDIO,True,cus_c3944101594c,Murilo Da Mata,RR,Norte,VIP,1,616.90,616.90,False
sal_07001dc510c9,2025-12-26 15:01:51,2025-12-26,Sexta,6,15,ecommerce,prd_9259039bf9b2,Tábua de Corte,Cozinha,Sony,BASICO,True,cus_25c656241a9a,Amanda Novais,GO,Centro-Oeste,TOP_TIER,1,240.99,240.99,False
sal_e8361694d06c,2025-12-21 13:57:42,2025-12-21,Domingo,1,13,ecommerce,prd_334f4a32f979,Persiana Vertical,Casa,Motorola,BASICO,True,cus_25c656241a9a,Amanda Novais,GO,Centro-Oeste,TOP_TIER,2,404.50,809.00,False
sal_630fb5616861,2025-12-30 17:43:33,2025-12-30,Terça,3,17,ecommerce,prd_a3ae425a3edd,Pesos de Pulso,Esporte,Philips,BASICO,True,cus_71308b76151a,Amanda Sousa,MS,Centro-Oeste,TOP_TIER,2,83.99,167.98,False
sal_af6e0f060cad,2026-01-01 09:14:50,2026-01-01,Quinta,5,9,ecommerce,prd_92c0ecf60a58,Jogo de Toalhas,Casa,Brastemp,BASICO,True,cus_8ad3c8745efb,Eduardo Cunha,AC,Norte,TOP_TIER,1,162.81,162.81,False
sal_141db82bd031,2026-01-04 08:10:51,2026-01-04,Domingo,1,8,loja_fisica,prd_0347eab01a6c,Memória RAM 8GB,Informática,Mondial,MEDIO,True,cus_8fa04d3a5837,Rafael Porto,RS,Sul,TOP_TIER,1,563.40,563.40,False
sal_a9c30ae5a72c,2025-12-16 09:21:26,2025-12-16,Terça,3,9,loja_fisica,prd_47a25ae10c23,Soundbar TV,Áudio,Acer,BASICO,True,cus_508a15ccf0fa,Zoe Campos,MT,Centro-Oeste,TOP_TIER,1,80.09,80.09,False
sal_df033b3e0fc2,2026-01-05 13:36:36,2026-01-05,Segunda,2,13,ecommerce,prd_2293732b7542,Cortina Blackout,Casa,Xiaomi,BASICO,True,cus_25d1cb23f872,Melissa Pastor,AC,Norte,VIP,1,68.90,68.90,False
sal_01c05ba35a99,2025-12-28 14:32:41,2025-12-28,Domingo,1,14,loja_fisica,prd_dfac11815029,Microfone para Stream,Games,Apple,BASICO,True,cus_9d2dd4770a79,Luigi Camargo,GO,Centro-Oeste,TOP_TIER,1,179.55,179.55,False
sal_d12a9926442b,2025-12-28 09:05:39,2025-12-28,Domingo,1,9,ecommerce,prd_d500fa66507e,Shorts Jeans,Moda,Electrolux,BASICO,True,cus_639110db69ed,João Vitor Barros,AP,Norte,REGULAR,1,423.49,423.49,False
sal_f763cf64b68b,2025-12-31 11:44:39,2025-12-31,Quarta,4,11,ecommerce,prd_205f309c1a21,Tapete Persa,Casa,Sony,BASICO,True,cus_f50da5532735,João Gabriel Porto,MG,Sudeste,TOP_TIER,1,33.24,33.24,False
sal_359807cf41be,2025-12-16 19:05:10,2025-12-16,Terça,3,19,ecommerce,prd_205f309c1a21,Tapete Persa,Casa,Sony,BASICO,True,cus_c8d383cfde0c,Maria Cecília Oliveira,AM,Norte,TOP_TIER,1,33.24,33.24,False
sal_9fbd6adce007,2025-12-29 23:42:57,2025-12-29,Segunda,2,23,loja_fisica,prd_2293732b7542,Cortina Blackout,Casa,Xiaomi,BASICO,True,cus_ec8d75866856,Luan Vargas,RS,Sul,TOP_TIER,1,68.90,68.90,False
sal_2f66433fa6d8,2026-01-04 20:30:12,2026-01-04,Domingo,1,20,loja_fisica,prd_c50822dc2e7c,Teclado Mecânico RGB,Eletrônicos,Philips,BASICO,True,cus_ec8d75866856,Luan Vargas,RS,Sul,TOP_TIER,1,190.39,190.39,False
sal_b7be49b7b28a,2026-01-10 17:22:18,2026-01-10,Sábado,7,17,ecommerce,prd_4ee65ed59110,Frigideira Antiaderente,Cozinha,Philips,BASICO,True,cus_c8d383cfde0c,Maria Cecília Oliveira,AM,Norte,TOP_TIER,1,41.90,41.90,False
sal_ef0c264d178b,2025-12-15 20:12:13,2025-12-15,Segunda,2,20,ecommerce,prd_bf5d8671f7a9,Placa Mãe B450,Informática,Brastemp,BASICO,True,cus_911b23c97589,Heitor Nunes,MS,Centro-Oeste,REGULAR,1,131.89,131.89,False
sal_46b0722bb165,2025-12-23 00:53:54,2025-12-23,Terça,3,0,ecommerce,prd_b4a98acf1a5f,Cardigan de Lã,Moda,LG,BASICO,True,cus_f50da5532735,João Gabriel Porto,MG,Sudeste,TOP_TIER,2,34.10,68.20,True
sal_a01bdf9a96ad,2026-01-01 16:32:58,2026-01-01,Quinta,5,16,loja_fisica,prd_2365af16d827,Tela Mosquiteira,Casa,Brastemp,BASICO,True,cus_644bf6820c61,Heloísa Andrade,PR,Sul,REGULAR,1,166.10,166.10,False
sal_25e3bd319b23,2026-01-08 08:00:03,2026-01-08,Quinta,5,8,ecommerce,prd_045813f96891,Cardigan de Lã,Moda,LG,BASICO,True,cus_b42a15933072,Heitor Rezende,PE,Nordeste,TOP_TIER,1,142.99,142.99,False
sal_1f43f69f94fd,2025-12-21 15:44:46,2025-12-21,Domingo,1,15,loja_fisica,prd_045813f96891,Cardigan de Lã,Moda,LG,BASICO,True,cus_c9cd13d1ae9f,Yasmin Siqueira,PA,Norte,VIP,1,135.84,135.84,False
sal_2106d3c726d7,2025-12-18 20:58:36,2025-12-18,Quinta,5,20,ecommerce,prd_d92ad43fa137,Smart TV 43 Polegadas,Eletrônicos,Philips,BASICO,True,cus_df9e0b31fa20,Yuri Albuquerque,SE,Nordeste,REGULAR,5,60.21,301.05,False
sal_79b6cade67f6,2025-12-21 10:20:03,2025-12-21,Domingo,1,10,ecommerce,prd_2293732b7542,Cortina Blackout,Casa,Xiaomi,BASICO,True,cus_911b23c97589,Heitor Nunes,MS,Centro-Oeste,REGULAR,2,68.90,137.80,False
sal_09731c8e4be4,2025-12-30 12:34:49,2025-12-30,Terça,3,12,ecommerce,prd_38c1b898aecc,Microfone para Stream,Games,Samsung,BASICO,True,cus_4209c24e0be2,Maya Castro,TO,Norte,REGULAR,2,119.77,239.54,False
sal_356f69484e5f,2025-12-26 09:52:52,2025-12-26,Sexta,6,9,loja_fisica,prd_9f5272275347,Marcador de Texto,Acessórios,Sony,BASICO,True,cus_79d52b75f259,Elisa Freitas,CE,Nordeste,TOP_TIER,2,53.55,107.10,False
sal_f97f23799f07,2025-12-27 14:35:20,2025-12-27,Sábado,7,14,ecommerce,prd_82cd17cb589d,Persiana Vertical,Casa,Dell,BASICO,True,cus_1a38731e1fbe,Otávio Fernandes,ES,Sudeste,TOP_TIER,1,40.41,40.41,False
sal_5c358f5ee60a,2025-12-20 18:24:32,2025-12-20,Sábado,7,18,ecommerce,prd_686e2aab873d,Blusa de Frio,Moda,Philips,BASICO,True,cus_b42a15933072,Heitor Rezende,PE,Nordeste,TOP_TIER,4,89.50,358.00,False
sal_ca1a7eaa50bc,2025-12-29 15:21:33,2025-12-29,Segunda,2,15,ecommerce,prd_a4025bac91a7,Óculos de Sol,Acessórios,Xiaomi,BASICO,True,cus_a8f8e01eaee8,Elisa Martins,ES,Sudeste,REGULAR,1,52.90,52.90,False
sal_6ba367e40c2f,2026-01-02 01:39:18,2026-01-02,Sexta,6,1,ecommerce,prd_9f5272275347,Marcador de Texto,Acessórios,Sony,BASICO,True,cus_6ff11137142d,Vitor Gabriel Sá,TO,Norte,TOP_TIER,1,59.50,59.50,False
sal_57b5cea82fc8,2026-01-11 12:11:50,2026-01-11,Domingo,1,12,ecommerce,prd_045813f96891,Cardigan de Lã,Moda,LG,BASICO,True,cus_9d2dd4770a79,Luigi Camargo,GO,Centro-Oeste,TOP_TIER,2,128.69,257.38,False
sal_688d893416d2,2026-01-05 09:18:35,2026-01-05,Segunda,2,9,loja_fisica,prd_205f309c1a21,Tapete Persa,Casa,Sony,BASICO,True,cus_1a38731e1fbe,Otávio Fernandes,ES,Sudeste,TOP_TIER,1,34.99,34.99,False
sal_cb82a5fd2ac6,2025-12-29 19:19:38,2025-12-29,Segunda,2,19,ecommerce,prd_334f4a32f979,Persiana Vertical,Casa,Motorola,BASICO,True,cus_d2762f5968fe,Aurora Pastor,SE,Nordeste,REGULAR,2,404.50,809.00,False
sal_0533d63dc47c,2025-12-25 12:36:30,2025-12-25,Quinta,5,12,ecommerce,prd_385035a5bc20,Notebook Inspiron 15,Eletrônicos,Adidas,BASICO,True,cus_2b1b3e2a1515,Ana Sophia Pereira,MG,Sudeste,VIP,2,208.91,417.82,False
sal_ee7db6c56ef2,2026-01-04 08:36:07,2026-01-04,Domingo,1,8,ecommerce,prd_d22d1b8b1502,Camisa Social,Moda,Brastemp,PREMIUM,True,cus_ec8d75866856,Luan Vargas,RS,Sul,TOP_TIER,1,1149.90,1149.90,False
sal_7d5200dbefd4,2025-12-21 20:53:34,2025-12-21,Domingo,1,20,ecommerce,prd_84c0492c5dd9,Óculos de Natação,Esporte,Samsung,BASICO,True,cus_fa3a88d1ccef,Benício Gomes,AL,Nordeste,VIP,1,132.00,132.00,False
sal_8cfd29236af8,2025-12-29 15:06:43,2025-12-29,Segunda,2,15,ecommerce,prd_c62100cc281c,Webcam para Stream,Games,Samsung,BASICO,True,cus_13af118ef4e8,Sarah Teixeira,AM,Norte,TOP_TIER,1,48.90,48.90,False
sal_15bacb45226c,2025-12-25 16:56:45,2025-12-25,Quinta,5,16,loja_fisica,prd_2255432fabe7,Marcador de Texto,Acessórios,Nike,BASICO,True,cus_66677d443e5e,Cecília Da Luz,AC,Norte,TOP_TIER,1,119.99,119.99,False
sal_62551515d0fb,2026-01-03 13:43:39,2026-01-03,Sábado,7,13,ecommerce,prd_334f4a32f979,Persiana Vertical,Casa,Motorola,BASICO,True,cus_d36c11b261a6,Cauã Rocha,MA,Nordeste,REGULAR,1,404.50,404.50,False
sal_3430e4a15b4a,2025-12-16 22:32:21,2025-12-16,Terça,3,22,ecommerce,prd_30518d908a92,Cinto de Couro,Acessórios,Asus,BASICO,True,cus_b42a15933072,Heitor Rezende,PE,Nordeste,TOP_TIER,3,68.84,206.52,False
sal_2a4123f3e3d4,2025-12-21 15:56:59,2025-12-21,Domingo,1,15,ecommerce,prd_82cd17cb589d,Persiana Vertical,Casa,Dell,BASICO,True,cus_7262f4e5ce9f,Sophia Monteiro,SP,Sudeste,TOP_TIER,1,44.90,44.90,False
sal_1e1205816d71,2025-12-15 22:17:53,2025-12-15,Segunda,2,22,ecommerce,prd_651e8d1acbf8,Processador de Alimentos,Cozinha,Brastemp,BASICO,True,cus_c8d383cfde0c,Maria Cecília Oliveira,AM,Norte,TOP_TIER,1,464.90,464.90,False
sal_a4d6ab9eed5d,2025-12-13 18:54:23,2025-12-13,Sábado,7,18,ecommerce,prd_9a3dfc23b7a3,Relógio Analógico,Acessórios,Mondial,BASICO,True,cus_a01814ad9247,Ana Beatriz Alves,SP,Sudeste,TOP_TIER,1,100.22,100.22,False
sal_a5b36f8fb59f,2025-12-13 16:51:07,2025-12-13,Sábado,7,16,ecommerce,prd_d0368e440753,Batom Matte,Beleza,Adidas,BASICO,True,cus_36595eecf105,Bruno Novaes,PA,Norte,REGULAR,1,34.90,34.90,False
sal_a1261dad2e3f,2026-01-08 16:39:38,2026-01-08,Quinta,5,16,loja_fisica,prd_eea07161e6c8,Brincos de Prata,Acessórios,Electrolux,BASICO,True,cus_b0026583b709,Mariane Pacheco,MT,Centro-Oeste,VIP,1,48.99,48.99,False
sal_ace17bffdbb9,2025-12-17 18:01:11,2025-12-17,Quarta,4,18,loja_fisica,prd_727f175116c6,Bicicleta Ergométrica,Esporte,Apple,BASICO,True,cus_79d52b75f259,Elisa Freitas,CE,Nordeste,TOP_TIER,2,63.90,127.80,False
sal_b5c3ba6d747b,2026-01-03 13:19:17,2026-01-03,Sábado,7,13,ecommerce,prd_9259039bf9b2,Tábua de Corte,Cozinha,Sony,BASICO,True,cus_f1a06ae11717,Gustavo Henrique Rios,AM,Norte,TOP_TIER,1,240.99,240.99,False
sal_d43cbf43b4cc,2025-12-26 18:51:26,2025-12-26,Sexta,6,18,loja_fisica,prd_f063f46a7ef8,Fone de Ouvido Esportivo,Áudio,Consul,PREMIUM,True,cus_639110db69ed,João Vitor Barros,AP,Norte,REGULAR,1,1428.99,1428.99,False
sal_9cc2c83164f4,2025-12-31 17:49:20,2025-12-31,Quarta,4,17,ecommerce,prd_6d4e3b1efd0c,Necessaire,Acessórios,Xiaomi,PREMIUM,True,cus_96658dc10aa5,Agatha Silveira,PA,Norte,TOP_TIER,1,1139.99,1139.99,False
sal_a5522d6f20d5,2026-01-10 22:27:57,2026-01-10,Sábado,7,22,ecommerce,prd_d0368e440753,Batom Matte,Beleza,Adidas,BASICO,True,cus_c3944101594c,Murilo Da Mata,RR,Norte,VIP,2,34.90,69.80,False
sal_ac2007594ec5,2025-12-29 19:07:15,2025-12-29,Segunda,2,19,loja_fisica,prd_c62100cc281c,Webcam para Stream,Games,Samsung,BASICO,True,cus_508a15ccf0fa,Zoe Campos,MT,Centro-Oeste,TOP_TIER,4,44.01,176.04,False
sal_be9283ea96ee,2026-01-10 15:30:44,2026-01-10,Sábado,7,15,ecommerce,prd_f063f46a7ef8,Fone de Ouvido Esportivo,Áudio,Consul,PREMIUM,True,cus_25c656241a9a,Amanda Novais,GO,Centro-Oeste,TOP_TIER,1,1428.99,1428.99,False
sal_2802b5019bfb,2025-12-27 13:25:07,2025-12-27,Sábado,7,13,ecommerce,prd_82cd17cb589d,Persiana Vertical,Casa,Dell,BASICO,True,cus_b42a15933072,Heitor Rezende,PE,Nordeste,TOP_TIER,4,42.65,170.60,False
sal_12ca28dbead4,2025-12-28 15:13:27,2025-12-28,Domingo,1,15,ecommerce,prd_0c5fb549e1c2,Edredom Casal,Casa,Dell,BASICO,True,cus_f1eccf8e0d99,Luiz Miguel Câmara,GO,Centro-Oeste,REGULAR,1,266.31,266.31,False
sal_649a13df8eb8,2026-01-10 15:09:30,2026-01-10,Sábado,7,15,ecommerce,prd_df1e44c528e0,Fone de Ouvido Esportivo,Áudio,O Boticário,BASICO,True,cus_fa3a88d1ccef,Benício Gomes,AL,Nordeste,VIP,1,192.99,192.99,False
sal_82049cb5d800,2025-12-28 17:36:50,2025-12-28,Domingo,1,17,ecommerce,prd_305f920b8836,Brincos de Prata,Acessórios,Lenovo,MEDIO,True,cus_0343c0763f76,Vitor Gabriel Da Luz,RS,Sul,VIP,1,935.50,935.50,False
sal_d73033f0205f,2026-01-11 12:48:08,2026-01-11,Domingo,1,12,ecommerce,prd_82cd17cb589d,Persiana Vertical,Casa,Dell,BASICO,True,cus_f50da5532735,João Gabriel Porto,MG,Sudeste,TOP_TIER,1,44.90,44.90,False
sal_3b8424bb9bab,2025-12-14 22:52:46,2025-12-14,Domingo,1,22,ecommerce,prd_84a009f1889d,Cortina Box,Casa,Consul,BASICO,True,cus_639110db69ed,João Vitor Barros,AP,Norte,REGULAR,1,32.90,32.90,False
sal_568efe448a07,2025-12-14 16:07:00,2025-12-14,Domingo,1,16,ecommerce,prd_c29b93111bd9,Colar de Ouro,Acessórios,Arno,BASICO,True,cus_d2762f5968fe,Aurora Pastor,SE,Nordeste,REGULAR,1,206.90,206.90,False
sal_85bd36ce78af,2025-12-25 11:16:56,2025-12-25,Quinta,5,11,loja_fisica,prd_334f4a32f979,Persiana Vertical,Casa,Motorola,BASICO,True,cus_4e62d52db97a,Josué Souza,RJ,Sudeste,VIP,1,404.50,404.50,False
sal_2d2e41080074,2025-12-27 18:23:27,2025-12-27,Sábado,7,18,ecommerce,prd_a4025bac91a7,Óculos de Sol,Acessórios,Xiaomi,BASICO,True,cus_a01814ad9247,Ana Beatriz Alves,SP,Sudeste,TOP_TIER,3,50.25,150.75,False
sal_e401872c3114,2025-12-21 11:45:01,2025-12-21,Domingo,1,11,loja_fisica,prd_c9ce9d378723,Processador Intel i5,Informática,Electrolux,BASICO,True,cus_25d1cb23f872,Melissa Pastor,AC,Norte,VIP,2,41.90,83.80,False
sal_0cdb7d67970c,2025-12-13 20:48:10,2025-12-13,Sábado,7,20,ecommerce,prd_30518d908a92,Cinto de Couro,Acessórios,Asus,BASICO,True,cus_2b1b3e2a1515,Ana Sophia Pereira,MG,Sudeste,VIP,1,80.99,80.99,False
sal_455dcaecca60,2025-12-17 20:13:46,2025-12-17,Quarta,4,20,loja_fisica,prd_8b22fd85d500,Garrafa Térmica 1L,Cozinha,Sony,BASICO,True,cus_0914bdf6e1fe,Isabelly Câmara,MT,Centro-Oeste,REGULAR,1,324.99,324.99,False
sal_988f7f76d9c4,2025-12-22 16:17:17,2025-12-22,Segunda,2,16,ecommerce,prd_0aba258682b7,Vestido Floral,Moda,Adidas,BASICO,True,cus_2b1b3e2a1515,Ana Sophia Pereira,MG,Sudeste,VIP,1,72.50,72.50,False
sal_74a3b60acf31,2026-01-06 20:12:56,2026-01-06,Terça,3,20,ecommerce,prd_51511e44c92a,Kit Gamer Completo,Games,Mondial,BASICO,True,cus_36595eecf105,Bruno Novaes,PA,Norte,REGULAR,1,88.90,88.90,False
sal_830bc7366648,2025-12-21 16:26:52,2025-12-21,Domingo,1,16,ecommerce,prd_c90040774892,Tênis de Corrida,Esporte,Sony,BASICO,True,cus_a2e18141f826,Ísis Leão,CE,Nordeste,REGULAR,1,140.59,140.59,False
sal_a5406e036815,2025-12-30 18:31:39,2025-12-30,Terça,3,18,ecommerce,prd_8b22fd85d500,Garrafa Térmica 1L,Cozinha,Sony,BASICO,True,cus_a8f8e01eaee8,Elisa Martins,ES,Sudeste,REGULAR,1,276.24,276.24,False
sal_ca9f70ab3cd6,2026-01-02 15:05:30,2026-01-02,Sexta,6,15,loja_fisica,prd_645f7859f379,Calça Jeans Skinny,Moda,Asus,BASICO,True,cus_31874cf2d1e5,Nina Moura,SP,Sudeste,TOP_TIER,1,462.55,462.55,False
sal_c7ec11d93206,2026-01-03 21:31:19,2026-01-03,Sábado,7,21,ecommerce,prd_8b22fd85d500,Garrafa Térmica 1L,Cozinha,Sony,BASICO,True,cus_2b1b3e2a1515,Ana Sophia Pereira,MG,Sudeste,VIP,1,324.99,324.99,False
sal_a620c89b5d24,2026-01-09 08:21:31,2026-01-09,Sexta,6,8,ecommerce,prd_2cbafff50c72,Sabonete Facial,Beleza,Nike,BASICO,True,cus_7262f4e5ce9f,Sophia Monteiro,SP,Sudeste,TOP_TIER,3,100.90,302.70,False
sal_54ed29de4c8b,2025-12-13 20:08:46,2025-12-13,Sábado,7,20,loja_fisica,prd_045813f96891,Cardigan de Lã,Moda,LG,BASICO,True,cus_f50da5532735,João Gabriel Porto,MG,Sudeste,TOP_TIER,5,157.29,786.45,False
sal_770baf46337d,2025-12-25 08:49:08,2025-12-25,Quinta,5,8,ecommerce,prd_803bcbb7ef84,Porta-temperos,Cozinha,Samsung,BASICO,True,cus_f50da5532735,João Gabriel Porto,MG,Sudeste,TOP_TIER,1,118.00,118.00,False
sal_e27a839b7afc,2026-01-04 14:01:18,2026-01-04,Domingo,1,14,ecommerce,prd_1091c2cfe1e9,Edredom Casal,Casa,Sony,BASICO,True,cus_418af67b6b28,Miguel Ramos,TO,Norte,REGULAR,1,425.90,425.90,False
sal_0635847915ab,2026-01-03 15:52:08,2026-01-03,Sábado,7,15,ecommerce,prd_c62100cc281c,Webcam para Stream,Games,Samsung,BASICO,True,cus_0ff4cceccc6f,João Aparecida,CE,Nordeste,TOP_TIER,3,48.90,146.70,False
sal_39663a1bc3ff,2026-01-08 13:29:15,2026-01-08,Quinta,5,13,ecommerce,prd_0c113961481f,Vestido Floral,Moda,Apple,BASICO,True,cus_8ad3c8745efb,Eduardo Cunha,AC,Norte,TOP_TIER,2,243.90,487.80,False
sal_a27563d0e7cd,2025-12-18 09:28:22,2025-12-18,Quinta,5,9,ecommerce,prd_ff35b88df534,SSD 500GB,Eletrônicos,Acer,BASICO,True,cus_a01814ad9247,Ana Beatriz Alves,SP,Sudeste,TOP_TIER,1,211.90,211.90,False
sal_f26ce48737bb,2025-12-21 15:19:07,2025-12-21,Domingo,1,15,ecommerce,prd_bf5d8671f7a9,Placa Mãe B450,Informática,Brastemp,BASICO,True,cus_eae005fd3470,Calebe Fogaça,TO,Norte,TOP_TIER,1,119.90,119.90,False
sal_c0a630871a8c,2025-12-23 11:07:57,2025-12-23,Terça,3,11,ecommerce,prd_142839b15f63,Vestido Casual,Moda,Xiaomi,BASICO,True,cus_c3944101594c,Murilo Da Mata,RR,Norte,VIP,1,84.58,84.58,False
sal_0f99a3fdc8ae,2026-01-04 08:45:11,2026-01-04,Domingo,1,8,ecommerce,prd_a3ae425a3edd,Pesos de Pulso,Esporte,Philips,BASICO,True,cus_25d1cb23f872,Melissa Pastor,AC,Norte,VIP,1,83.99,83.99,False
sal_c5380d1b3016,2026-01-06 15:41:54,2026-01-06,Terça,3,15,loja_fisica,prd_30518d908a92,Cinto de Couro,Acessórios,Asus,BASICO,True,cus_a9747473c5c6,Ana Lívia Aparecida,AL,Nordeste,REGULAR,1,76.94,76.94,False
sal_c6cec6619d54,2026-01-04 18:47:45,2026-01-04,Domingo,1,18,ecommerce,prd_8b22fd85d500,Garrafa Térmica 1L,Cozinha,Sony,BASICO,True,cus_c3944101594c,Murilo Da Mata,RR,Norte,VIP,2,324.99,649.98,False
sal_1d98d99e6096,2025-12-31 12:02:51,2025-12-31,Quarta,4,12,ecommerce,prd_a17c779dd289,Gravador de Voz,Áudio,Asus,BASICO,True,cus_a01814ad9247,Ana Beatriz Alves,SP,Sudeste,TOP_TIER,2,64.90,129.80,False
sal_088503fe6eb6,2026-01-03 09:25:08,2026-01-03,Sábado,7,9,loja_fisica,prd_ef0b5e05efef,Creme Hidratante,Beleza,Electrolux,BASICO,True,cus_b42a15933072,Heitor Rezende,PE,Nordeste,TOP_TIER,1,223.11,223.11,False
sal_409de8fc0d04,2026-01-08 10:24:45,2026-01-08,Quinta,5,10,ecommerce,prd_bf5d8671f7a9,Placa Mãe B450,Informática,Brastemp,BASICO,True,cus_4e62d52db97a,Josué Souza,RJ,Sudeste,VIP,1,119.90,119.90,False
sal_2ebf83ca7ce2,2025-12-13 09:00:35,2025-12-13,Sábado,7,9,ecommerce,prd_23664e42a71c,Jogo de Toalhas,Casa,Xiaomi,BASICO,True,cus_96658dc10aa5,Agatha Silveira,PA,Norte,TOP_TIER,2,109.90,219.80,False
sal_562751a78479,2025-12-20 21:50:09,2025-12-20,Sábado,7,21,loja_fisica,prd_ff35b88df534,SSD 500GB,Eletrônicos,Acer,BASICO,True,cus_36595eecf105,Bruno Novaes,PA,Norte,REGULAR,2,180.12,360.24,False
sal_3cfc3e68d669,2025-12-31 16:06:05,2025-12-31,Quarta,4,16,ecommerce,prd_305f920b8836,Brincos de Prata,Acessórios,Lenovo,MEDIO,True,cus_78ab1cf16e12,Beatriz Garcia,SE,Nordeste,TOP_TIER,1,888.72,888.72,False
sal_33d303e49a2c,2025-12-29 22:13:06,2025-12-29,Segunda,2,22,ecommerce,prd_6ae727ee4463,Placa Mãe B450,Informática,Xiaomi,BASICO,True,cus_508a15ccf0fa,Zoe Campos,MT,Centro-Oeste,TOP_TIER,2,66.60,133.20,False
sal_24d282cb20ea,2025-12-29 19:30:24,2025-12-29,Segunda,2,19,loja_fisica,prd_2255432fabe7,Marcador de Texto,Acessórios,Nike,BASICO,True,cus_508a15ccf0fa,Zoe Campos,MT,Centro-Oeste,TOP_TIER,1,131.99,131.99,False
sal_bd2d34f49abd,2025-12-17 18:11:38,2025-12-17,Quarta,4,18,ecommerce,prd_c29b93111bd9,Colar de Ouro,Acessórios,Arno,BASICO,True,cus_f64907d41a69,Henrique Da Conceição,DF,Centro-Oeste,VIP,2,186.21,372.42,False
sal_521decfb51f4,2025-12-22 11:40:40,2025-12-22,Segunda,2,11,ecommerce,prd_045813f96891,Cardigan de Lã,Moda,LG,BASICO,True,cus_f1eccf8e0d99,Luiz Miguel Câmara,GO,Centro-Oeste,REGULAR,1,142.99,142.99,False
sal_669f4e8f61b5,2025-12-15 13:08:47,2025-12-15,Segunda,2,13,loja_fisica,prd_1e4ccab8af1a,Máscara Facial,Beleza,Apple,BASICO,True,cus_3580317ddeab,Bella Borges,AM,Norte,VIP,1,106.31,106.31,False
sal_34bd40ed119e,2025-12-25 14:30:41,2025-12-25,Quinta,5,14,loja_fisica,prd_d92ad43fa137,Smart TV 43 Polegadas,Eletrônicos,Philips,BASICO,True,cus_644bf6820c61,Heloísa Andrade,PR,Sul,REGULAR,1,66.90,66.90,False
sal_50433a67cc63,2026-01-07 16:17:42,2026-01-07,Quarta,4,16,ecommerce,prd_206eacaa3048,Joystick Arcade,Games,Asus,BASICO,True,cus_ec8d75866856,Luan Vargas,RS,Sul,TOP_TIER,1,105.29,105.29,False
sal_a3983d97b617,2026-01-07 08:19:30,2026-01-07,Quarta,4,8,ecommerce,prd_996db03524ae,Elástico de Resistência,Esporte,Sony,BASICO,True,cus_b0026583b709,Mariane Pacheco,MT,Centro-Oeste,VIP,3,123.90,371.70,False
sal_38120e1134e2,2025-12-23 22:23:13,2025-12-23,Terça,3,22,loja_fisica,prd_6d4e3b1efd0c,Necessaire,Acessórios,Xiaomi,PREMIUM,True,cus_b0026583b709,Mariane Pacheco,MT,Centro-Oeste,VIP,1,1253.99,1253.99,False
sal_600a8097afb1,2026-01-07 16:55:07,2026-01-07,Quarta,4,16,ecommerce,prd_3805ad8d3d2c,Adaptador HDMI-VGA,Informática,Apple,BASICO,True,cus_c8d383cfde0c,Maria Cecília Oliveira,AM,Norte,TOP_TIER,1,148.90,148.90,False
sal_979d10663424,2026-01-09 18:59:12,2026-01-09,Sexta,6,18,ecommerce,prd_9b6e92e0766c,Casaco de Inverno,Moda,Arno,BASICO,True,cus_c3944101594c,Murilo Da Mata,RR,Norte,VIP,1,34.10,34.10,False
sal_6f2c5578b484,2026-01-04 22:04:22,2026-01-04,Domingo,1,22,loja_fisica,prd_84a009f1889d,Cortina Box,Casa,Consul,BASICO,True,cus_a01814ad9247,Ana Beatriz Alves,SP,Sudeste,TOP_TIER,3,29.61,88.83,False
sal_c2f1b763a963,2025-12-13 13:49:18,2025-12-13,Sábado,7,13,ecommerce,prd_22f73233f9a5,Notebook Inspiron 15,Eletrônicos,O Boticário,BASICO,True,cus_4e62d52db97a,Josué Souza,RJ,Sudeste,VIP,1,98.70,98.70,False
sal_612590608dca,2025-12-19 19:37:11,2025-12-19,Sexta,6,19,loja_fisica,prd_d22d1b8b1502,Camisa Social,Moda,Brastemp,PREMIUM,True,cus_eae005fd3470,Calebe Fogaça,TO,Norte,TOP_TIER,2,1149.90,2299.80,False
sal_c170b9e4e170,2025-12-15 19:36:52,2025-12-15,Segunda,2,19,ecommerce,prd_a4025bac91a7,Óculos de Sol,Acessórios,Xiaomi,BASICO,True,cus_8ad3c8745efb,Eduardo Cunha,AC,Norte,TOP_TIER,1,52.90,52.90,False
sal_3050f6d58f29,2025-12-25 14:46:33,2025-12-25,Quinta,5,14,ecommerce,prd_4ee65ed59110,Frigideira Antiaderente,Cozinha,Philips,BASICO,True,cus_25d1cb23f872,Melissa Pastor,AC,Norte,VIP,1,41.90,41.90,False
sal_46baa20f7928,2025-12-30 19:22:37,2025-12-30,Terça,3,19,ecommerce,prd_686e2aab873d,Blusa de Frio,Moda,Philips,BASICO,True,cus_d2762f5968fe,Aurora Pastor,SE,Nordeste,REGULAR,2,89.50,179.00,False
sal_901ee6d06052,2025-12-27 10:22:14,2025-12-27,Sábado,7,10,ecommerce,prd_35a61bfe666d,Teclado Mecânico RGB,Eletrônicos,Xiaomi,BASICO,True,cus_eae005fd3470,Calebe Fogaça,TO,Norte,TOP_TIER,1,55.99,55.99,False
sal_953412060563,2026-01-09 21:15:23,2026-01-09,Sexta,6,21,ecommerce,prd_5744e3f88341,Jarra de Vidro,Cozinha,Apple,BASICO,True,cus_4209c24e0be2,Maya Castro,TO,Norte,REGULAR,1,173.61,173.61,False
sal_fb7a85567fbc,2025-12-22 20:01:39,2025-12-22,Segunda,2,20,ecommerce,prd_380fab5d7131,Porta-retrato,Casa,Philips,BASICO,True,cus_4e62d52db97a,Josué Souza,RJ,Sudeste,VIP,1,128.61,128.61,False
sal_e5a0b3dc55b8,2025-12-19 08:59:35,2025-12-19,Sexta,6,8,loja_fisica,prd_6b1b9c7303d5,Peneira Inox,Cozinha,Samsung,MEDIO,True,cus_b42a15933072,Heitor Rezende,PE,Nordeste,TOP_TIER,4,765.99,3063.96,False
sal_5cda829c921e,2025-12-20 17:40:45,2025-12-20,Sábado,7,17,ecommerce,prd_dd8079e89b90,Porta-retrato,Casa,Nike,BASICO,True,cus_418af67b6b28,Miguel Ramos,TO,Norte,REGULAR,1,84.90,84.90,False
sal_90d7fd686153,2025-12-30 17:13:34,2025-12-30,Terça,3,17,ecommerce,prd_045813f96891,Cardigan de Lã,Moda,LG,BASICO,True,cus_71308b76151a,Amanda Sousa,MS,Centro-Oeste,TOP_TIER,1,142.99,142.99,False
sal_d73aad1f13f5,2025-12-27 09:46:53,2025-12-27,Sábado,7,9,ecommerce,prd_380fab5d7131,Porta-retrato,Casa,Philips,BASICO,True,cus_4e62d52db97a,Josué Souza,RJ,Sudeste,VIP,2,142.90,285.80,False
sal_5ae148380eee,2025-12-17 15:53:33,2025-12-17,Quarta,4,15,ecommerce,prd_9a3dfc23b7a3,Relógio Analógico,Acessórios,Mondial,BASICO,True,cus_0ff4cceccc6f,João Aparecida,CE,Nordeste,TOP_TIER,1,105.50,105.50,False
sal_a28c078314b0,2026-01-03 11:37:54,2026-01-03,Sábado,7,11,ecommerce,prd_a4025bac91a7,Óculos de Sol,Acessórios,Xiaomi,BASICO,True,cus_a8f8e01eaee8,Elisa Martins,ES,Sudeste,REGULAR,1,52.90,52.90,False
sal_cf481d18c72f,2025-12-31 14:55:35,2025-12-31,Quarta,4,14,ecommerce,prd_645f7859f379,Calça Jeans Skinny,Moda,Asus,BASICO,True,cus_c3944101594c,Murilo Da Mata,RR,Norte,VIP,1,486.90,486.90,False
sal_2db88c9e18e1,2026-01-05 10:39:46,2026-01-05,Segunda,2,10,ecommerce,prd_5744e3f88341,Jarra de Vidro,Cozinha,Apple,BASICO,True,cus_c3944101594c,Murilo Da Mata,RR,Norte,VIP,1,192.90,192.90,False
sal_987b908f41f7,2026-01-06 15:23:43,2026-01-06,Terça,3,15,loja_fisica,prd_1974423eecee,Suporte para Monitor,Informática,LG,BASICO,True,cus_f1a06ae11717,Gustavo Henrique Rios,AM,Norte,TOP_TIER,5,156.28,781.40,False
sal_5a1bb712ce58,2026-01-07 13:36:51,2026-01-07,Quarta,4,13,loja_fisica,prd_d21486ad974a,Teclado Gamer RGB,Games,Motorola,BASICO,True,cus_0ff4cceccc6f,João Aparecida,CE,Nordeste,TOP_TIER,2,307.50,615.00,False
sal_e022afe7af39,2025-12-18 10:22:28,2025-12-18,Quinta,5,10,ecommerce,prd_30518d908a92,Cinto de Couro,Acessórios,Asus,BASICO,True,cus_2b1b3e2a1515,Ana Sophia Pereira,MG,Sudeste,VIP,1,76.94,76.94,False
sal_5c8b2e614fea,2025-12-19 17:02:31,2025-12-19,Sexta,6,17,loja_fisica,prd_30518d908a92,Cinto de Couro,Acessórios,Asus,BASICO,True,cus_639110db69ed,João Vitor Barros,AP,Norte,REGULAR,3,68.84,206.52,False
sal_a3cdba5c59a7,2026-01-03 14:05:24,2026-01-03,Sábado,7,14,loja_fisica,prd_a4025bac91a7,Óculos de Sol,Acessórios,Xiaomi,BASICO,True,cus_d4db3db9eccb,Ana Julia Camargo,PB,Nordeste,TOP_TIER,1,52.90,52.90,False
sal_6df2cf5e2253,2026-01-09 09:24:25,2026-01-09,Sexta,6,9,loja_fisica,prd_4ee65ed59110,Frigideira Antiaderente,Cozinha,Philips,BASICO,True,cus_b42a15933072,Heitor Rezende,PE,Nordeste,TOP_TIER,1,41.90,41.90,False
sal_b3f677ebfe68,2026-01-11 17:05:43,2026-01-11,Domingo,1,17,loja_fisica,prd_3bee9877eb80,Rádio AM/FM,Áudio,Lenovo,BASICO,True,cus_d2762f5968fe,Aurora Pastor,SE,Nordeste,REGULAR,1,38.67,38.67,False
sal_fcc8e8601a1c,2026-01-05 21:51:40,2026-01-05,Segunda,2,21,ecommerce,prd_2293732b7542,Cortina Blackout,Casa,Xiaomi,BASICO,True,cus_36595eecf105,Bruno Novaes,PA,Norte,REGULAR,1,68.90,68.90,False
sal_a873ab4a4557,2026-01-05 16:30:34,2026-01-05,Segunda,2,16,ecommerce,prd_9adbaa3083e1,Jaqueta Jeans,Moda,Sony,BASICO,True,cus_d2762f5968fe,Aurora Pastor,SE,Nordeste,REGULAR,1,88.83,88.83,False
sal_a740cb636c45,2025-12-26 18:10:35,2025-12-26,Sexta,6,18,loja_fisica,prd_f063f46a7ef8,Fone de Ouvido Esportivo,Áudio,Consul,PREMIUM,True,cus_f50da5532735,João Gabriel Porto,MG,Sudeste,TOP_TIER,1,1214.64,1214.64,False
sal_93568c4b65d5,2026-01-02 15:21:42,2026-01-02,Sexta,6,15,ecommerce,prd_30518d908a92,Cinto de Couro,Acessórios,Asus,BASICO,True,cus_3580317ddeab,Bella Borges,AM,Norte,VIP,1,80.99,80.99,False
sal_f2e0ccb81310,2026-01-02 19:17:29,2026-01-02,Sexta,6,19,loja_fisica,prd_23664e42a71c,Jogo de Toalhas,Casa,Xiaomi,BASICO,True,cus_0914bdf6e1fe,Isabelly Câmara,MT,Centro-Oeste,REGULAR,1,109.90,109.90,False
sal_e42f7c2feb34,2025-12-17 20:00:24,2025-12-17,Quarta,4,20,ecommerce,prd_d51f590876b9,Boné Esportivo,Esporte,O Boticário,BASICO,True,cus_4209c24e0be2,Maya Castro,TO,Norte,REGULAR,1,50.06,50.06,False
sal_1c0e903b42ce,2026-01-08 20:55:15,2026-01-08,Quinta,5,20,ecommerce,prd_38c1b898aecc,Microfone para Stream,Games,Samsung,BASICO,True,cus_4e62d52db97a,Josué Souza,RJ,Sudeste,VIP,1,133.85,133.85,False
sal_d2b411ae0688,2025-12-14 10:16:05,2025-12-14,Domingo,1,10,ecommerce,prd_76ede0cece8f,Óculos de Natação,Esporte,Lenovo,BASICO,True,cus_a9747473c5c6,Ana Lívia Aparecida,AL,Nordeste,REGULAR,1,58.00,58.00,False
sal_b394cf38f07e,2025-12-22 16:43:26,2025-12-22,Segunda,2,16,loja_fisica,prd_205f309c1a21,Tapete Persa,Casa,Sony,BASICO,True,cus_a9747473c5c6,Ana Lívia Aparecida,AL,Nordeste,REGULAR,2,34.99,69.98,False
sal_fb956cf53e73,2026-01-06 18:27:27,2026-01-06,Terça,3,18,ecommerce,prd_47a25ae10c23,Soundbar TV,Áudio,Acer,BASICO,True,cus_c3944101594c,Murilo Da Mata,RR,Norte,VIP,1,75.64,75.64,False
sal_d2c11b98a95a,2025-12-30 11:11:22,2025-12-30,Terça,3,11,ecommerce,prd_30518d908a92,Cinto de Couro,Acessórios,Asus,BASICO,True,cus_a8f8e01eaee8,Elisa Martins,ES,Sudeste,REGULAR,1,80.99,80.99,False
sal_7a6dca9c7c0e,2026-01-03 16:39:55,2026-01-03,Sábado,7,16,ecommerce,prd_6f0a4eefed22,Faqueiro Inox 12 Peças,Cozinha,Apple,BASICO,True,cus_c8d383cfde0c,Maria Cecília Oliveira,AM,Norte,TOP_TIER,1,39.99,39.99,False
sal_1967532f1fc6,2026-01-07 12:12:25,2026-01-07,Quarta,4,12,ecommerce,prd_645f7859f379,Calça Jeans Skinny,Moda,Asus,BASICO,True,cus_a8f8e01eaee8,Elisa Martins,ES,Sudeste,REGULAR,2,438.21,876.42,False
sal_b7727d24db1e,2025-12-17 10:19:36,2025-12-17,Quarta,4,10,loja_fisica,prd_651e8d1acbf8,Processador de Alimentos,Cozinha,Brastemp,BASICO,True,cus_7262f4e5ce9f,Sophia Monteiro,SP,Sudeste,TOP_TIER,3,418.41,1255.23,False
sal_f098507a690c,2025-12-21 09:52:55,2025-12-21,Domingo,1,9,loja_fisica,prd_2cbafff50c72,Sabonete Facial,Beleza,Nike,BASICO,True,cus_25d1cb23f872,Melissa Pastor,AC,Norte,VIP,1,100.90,100.90,False
sal_04904f56085b,2025-12-19 12:20:47,2025-12-19,Sexta,6,12,ecommerce,prd_9259039bf9b2,Tábua de Corte,Cozinha,Sony,BASICO,True,cus_13af118ef4e8,Sarah Teixeira,AM,Norte,TOP_TIER,2,228.94,457.88,False
sal_b985f7382ffc,2025-12-20 09:58:00,2025-12-20,Sábado,7,9,ecommerce,prd_7dd7624b4d5f,Fone de Ouvido com Fio,Áudio,Brastemp,BASICO,True,cus_911b23c97589,Heitor Nunes,MS,Centro-Oeste,REGULAR,1,297.90,297.90,False
sal_d0c3b812ab99,2025-12-28 18:01:32,2025-12-28,Domingo,1,18,loja_fisica,prd_fb32df842fbd,Vestido Floral,Moda,Consul,BASICO,True,cus_31874cf2d1e5,Nina Moura,SP,Sudeste,TOP_TIER,2,83.61,167.22,False
sal_f3c18cabdd6e,2025-12-31 13:24:07,2025-12-31,Quarta,4,13,loja_fisica,prd_84a009f1889d,Cortina Box,Casa,Consul,BASICO,True,cus_d36c11b261a6,Cauã Rocha,MA,Nordeste,REGULAR,1,27.96,27.96,False
sal_7195bccf6496,2025-12-24 19:38:17,2025-12-24,Quarta,4,19,ecommerce,prd_bf5d8671f7a9,Placa Mãe B450,Informática,Brastemp,BASICO,True,cus_0914bdf6e1fe,Isabelly Câmara,MT,Centro-Oeste,REGULAR,1,113.91,113.91,False
sal_524ab7dfd58f,2026-01-11 15:39:25,2026-01-11,Domingo,1,15,ecommerce,prd_622325b011e6,Iluminador para Stream,Games,Sony,BASICO,True,cus_eae005fd3470,Calebe Fogaça,TO,Norte,TOP_TIER,4,291.51,1166.04,False
sal_0f7bf190677f,2026-01-08 14:26:51,2026-01-08,Quinta,5,14,ecommerce,prd_fb32df842fbd,Vestido Floral,Moda,Consul,BASICO,True,cus_79d52b75f259,Elisa Freitas,CE,Nordeste,TOP_TIER,1,92.90,92.90,False
sal_3776c1d401f9,2025-12-31 09:34:27,2025-12-31,Quarta,4,9,ecommerce,prd_30518d908a92,Cinto de Couro,Acessórios,Asus,BASICO,True,cus_f50da5532735,João Gabriel Porto,MG,Sudeste,TOP_TIER,1,80.99,80.99,False
sal_43bb792e8848,2025-12-25 08:38:36,2025-12-25,Quinta,5,8,ecommerce,prd_ef0b5e05efef,Creme Hidratante,Beleza,Electrolux,BASICO,True,cus_0343c0763f76,Vitor Gabriel Da Luz,RS,Sul,VIP,1,235.50,235.50,False
sal_87eb631bea3c,2025-12-28 15:04:24,2025-12-28,Domingo,1,15,ecommerce,prd_bf5d8671f7a9,Placa Mãe B450,Informática,Brastemp,BASICO,True,cus_25c656241a9a,Amanda Novais,GO,Centro-Oeste,TOP_TIER,1,107.91,107.91,False
sal_df5c7577d9e8,2025-12-20 21:20:37,2025-12-20,Sábado,7,21,loja_fisica,prd_e580cb77e94a,Máscara Facial,Beleza,Mondial,BASICO,True,cus_0914bdf6e1fe,Isabelly Câmara,MT,Centro-Oeste,REGULAR,1,118.69,118.69,False
sal_4491c4bfa040,2025-12-20 14:25:54,2025-12-20,Sábado,7,14,ecommerce,prd_84a009f1889d,Cortina Box,Casa,Consul,BASICO,True,cus_cf84750c1fb4,Alana Teixeira,MA,Nordeste,TOP_TIER,1,32.90,32.90,False
sal_be3a08cb5883,2025-12-30 12:56:47,2025-12-30,Terça,3,12,loja_fisica,prd_2293732b7542,Cortina Blackout,Casa,Xiaomi,BASICO,True,cus_f1eccf8e0d99,Luiz Miguel Câmara,GO,Centro-Oeste,REGULAR,3,68.90,206.70,False
sal_f553d635d214,2025-12-24 17:16:27,2025-12-24,Quarta,4,17,loja_fisica,prd_bf5d8671f7a9,Placa Mãe B450,Informática,Brastemp,BASICO,True,cus_36595eecf105,Bruno Novaes,PA,Norte,REGULAR,1,119.90,119.90,False
sal_cee158ade5bc,2025-12-20 09:19:27,2025-12-20,Sábado,7,9,ecommerce,prd_9aa451566556,Jarra de Vidro,Cozinha,Apple,BASICO,True,cus_d4db3db9eccb,Ana Julia Camargo,PB,Nordeste,TOP_TIER,1,395.90,395.90,False
sal_16dc2dc6d4ed,2025-12-19 19:18:29,2025-12-19,Sexta,6,19,ecommerce,prd_6442b103f637,Adaptador HDMI-VGA,Informática,Arno,BASICO,True,cus_8fa04d3a5837,Rafael Porto,RS,Sul,TOP_TIER,1,299.90,299.90,False
sal_4fd753f184ba,2026-01-08 22:16:59,2026-01-08,Quinta,5,22,loja_fisica,prd_686e2aab873d,Blusa de Frio,Moda,Philips,BASICO,True,cus_6ff11137142d,Vitor Gabriel Sá,TO,Norte,TOP_TIER,1,89.50,89.50,False
sal_e801ec1def01,2025-12-13 19:40:58,2025-12-13,Sábado,7,19,ecommerce,prd_9239eec8982d,HD Externo 2TB,Informática,Arno,BASICO,True,cus_4209c24e0be2,Maya Castro,TO,Norte,REGULAR,3,51.99,155.97,False
sal_4a06de3515fa,2025-12-16 10:00:21,2025-12-16,Terça,3,10,ecommerce,prd_dfac11815029,Microfone para Stream,Games,Apple,BASICO,True,cus_66677d443e5e,Cecília Da Luz,AC,Norte,TOP_TIER,1,189.00,189.00,False
sal_a674163ab506,2025-12-17 17:14:46,2025-12-17,Quarta,4,17,ecommerce,prd_6d4e3b1efd0c,Necessaire,Acessórios,Xiaomi,PREMIUM,True,cus_0ff4cceccc6f,João Aparecida,CE,Nordeste,TOP_TIER,1,968.99,968.99,False
sal_f32bca56320d,2025-12-29 10:53:43,2025-12-29,Segunda,2,10,loja_fisica,prd_22f73233f9a5,Notebook Inspiron 15,Eletrônicos,O Boticário,BASICO,True,cus_8fa04d3a5837,Rafael Porto,RS,Sul,TOP_TIER,1,103.90,103.90,False
sal_ce73c0846a53,2025-12-27 19:32:34,2025-12-27,Sábado,7,19,ecommerce,prd_dfac11815029,Microfone para Stream,Games,Apple,BASICO,True,cus_d36c11b261a6,Cauã Rocha,MA,Nordeste,REGULAR,3,179.55,538.65,False
sal_4d04b9c7dc3f,2026-01-10 10:17:20,2026-01-10,Sábado,7,10,ecommerce,prd_1e4ccab8af1a,Máscara Facial,Beleza,Apple,BASICO,True,cus_d36c11b261a6,Cauã Rocha,MA,Nordeste,REGULAR,1,106.31,106.31,False
sal_e0011f291781,2025-12-18 22:07:41,2025-12-18,Quinta,5,22,ecommerce,prd_bf5d8671f7a9,Placa Mãe B450,Informática,Brastemp,BASICO,True,cus_418af67b6b28,Miguel Ramos,TO,Norte,REGULAR,3,113.91,341.73,False
sal_77fa91d4c886,2025-12-31 15:17:28,2025-12-31,Quarta,4,15,ecommerce,prd_b7490508211e,Vestido Floral,Moda,Apple,BASICO,True,cus_c9cd13d1ae9f,Yasmin Siqueira,PA,Norte,VIP,1,220.00,220.00,False
sal_4c9802e2c277,2025-12-24 10:02:59,2025-12-24,Quarta,4,10,ecommerce,prd_6343e70ed4b9,Sérum Vitamina C,Beleza,Xiaomi,BASICO,True,cus_f64907d41a69,Henrique Da Conceição,DF,Centro-Oeste,VIP,1,144.40,144.40,False
sal_ca9a07dcbabd,2025-12-22 17:57:40,2025-12-22,Segunda,2,17,loja_fisica,prd_82cd17cb589d,Persiana Vertical,Casa,Dell,BASICO,True,cus_d4db3db9eccb,Ana Julia Camargo,PB,Nordeste,TOP_TIER,3,44.90,134.70,False
sal_82d5464e0653,2025-12-20 09:51:02,2025-12-20,Sábado,7,9,ecommerce,prd_205f309c1a21,Tapete Persa,Casa,Sony,BASICO,True,cus_d2762f5968fe,Aurora Pastor,SE,Nordeste,REGULAR,3,31.49,94.47,False
sal_10243cce7286,2025-12-18 17:50:04,2025-12-18,Quinta,5,17,loja_fisica,prd_205f309c1a21,Tapete Persa,Casa,Sony,BASICO,True,cus_b42a15933072,Heitor Rezende,PE,Nordeste,TOP_TIER,1,34.99,34.99,False
sal_7a2396c07b9a,2025-12-14 18:00:00,2025-12-14,Domingo,1,18,loja_fisica,prd_d51f590876b9,Boné Esportivo,Esporte,O Boticário,BASICO,True,cus_66677d443e5e,Cecília Da Luz,AC,Norte,TOP_TIER,1,58.90,58.90,False
sal_5ffcb68515fb,2025-12-19 22:50:20,2025-12-19,Sexta,6,22,ecommerce,prd_3fb63c4ea3c2,Óculos de Sol,Acessórios,Arno,BASICO,True,cus_79d52b75f259,Elisa Freitas,CE,Nordeste,TOP_TIER,1,156.74,156.74,False
sal_a638980ee507,2026-01-11 17:20:56,2026-01-11,Domingo,1,17,loja_fisica,prd_c29b93111bd9,Colar de Ouro,Acessórios,Arno,BASICO,True,cus_508a15ccf0fa,Zoe Campos,MT,Centro-Oeste,TOP_TIER,1,196.56,196.56,False
sal_91373c18fcab,2025-12-20 17:06:38,2025-12-20,Sábado,7,17,ecommerce,prd_55776d3e5c2a,Garrafa Esportiva,Esporte,Adidas,BASICO,True,cus_36595eecf105,Bruno Novaes,PA,Norte,REGULAR,3,165.51,496.53,False
sal_148b33f459de,2026-01-01 09:24:07,2026-01-01,Quinta,5,9,loja_fisica,prd_bf5d8671f7a9,Placa Mãe B450,Informática,Brastemp,BASICO,True,cus_9d2dd4770a79,Luigi Camargo,GO,Centro-Oeste,TOP_TIER,3,113.91,341.73,False
sal_6e5081d56539,2025-12-26 09:13:03,2025-12-26,Sexta,6,9,ecommerce,prd_8b22fd85d500,Garrafa Térmica 1L,Cozinha,Sony,BASICO,True,cus_4e62d52db97a,Josué Souza,RJ,Sudeste,VIP,1,292.49,292.49,False
sal_ec526d3aaf6f,2025-12-26 22:24:29,2025-12-26,Sexta,6,22,ecommerce,prd_92c0ecf60a58,Jogo de Toalhas,Casa,Brastemp,BASICO,True,cus_a9747473c5c6,Ana Lívia Aparecida,AL,Nordeste,REGULAR,2,180.90,361.80,False
sal_e256b384597c,2025-12-31 23:16:21,2025-12-31,Quarta,4,23,ecommerce,prd_6d4e3b1efd0c,Necessaire,Acessórios,Xiaomi,PREMIUM,True,cus_4e62d52db97a,Josué Souza,RJ,Sudeste,VIP,5,1253.99,6269.95,False
sal_dbb9e3191d4f,2025-12-26 08:12:11,2025-12-26,Sexta,6,8,ecommerce,prd_2bf8388221ea,Mouse Gamer RGB,Games,Asus,BASICO,True,cus_fa3a88d1ccef,Benício Gomes,AL,Nordeste,VIP,1,44.99,44.99,False
sal_ae6c2404971e,2026-01-05 10:49:36,2026-01-05,Segunda,2,10,ecommerce,prd_d92ad43fa137,Smart TV 43 Polegadas,Eletrônicos,Philips,BASICO,True,cus_c3944101594c,Murilo Da Mata,RR,Norte,VIP,1,66.90,66.90,False
sal_b3e56e75c6dc,2026-01-09 00:14:54,2026-01-09,Sexta,6,0,loja_fisica,prd_51511e44c92a,Kit Gamer Completo,Games,Mondial,BASICO,True,cus_cf84750c1fb4,Alana Teixeira,MA,Nordeste,TOP_TIER,1,88.90,88.90,False
sal_1a23ab58953c,2025-12-21 00:59:03,2025-12-21,Domingo,1,0,ecommerce,prd_9d7b9035daa0,Forma de Bolo Redonda,Cozinha,O Boticário,BASICO,True,cus_a01814ad9247,Ana Beatriz Alves,SP,Sudeste,TOP_TIER,1,211.09,211.09,False
sal_4d79a2c48025,2025-12-28 16:50:54,2025-12-28,Domingo,1,16,ecommerce,prd_92c0ecf60a58,Jogo de Toalhas,Casa,Brastemp,BASICO,True,cus_508a15ccf0fa,Zoe Campos,MT,Centro-Oeste,TOP_TIER,1,180.90,180.90,False
sal_61436eccbf7e,2025-12-27 21:06:00,2025-12-27,Sábado,7,21,ecommerce,prd_205f309c1a21,Tapete Persa,Casa,Sony,BASICO,True,cus_8ad3c8745efb,Eduardo Cunha,AC,Norte,TOP_TIER,1,34.99,34.99,False
sal_87a2095ce16a,2025-12-28 10:51:38,2025-12-28,Domingo,1,10,loja_fisica,prd_a4025bac91a7,Óculos de Sol,Acessórios,Xiaomi,BASICO,True,cus_f1eccf8e0d99,Luiz Miguel Câmara,GO,Centro-Oeste,REGULAR,1,52.90,52.90,False
sal_1ac6c1566bd7,2025-12-15 15:52:11,2025-12-15,Segunda,2,15,ecommerce,prd_3e42ffcc8dd9,Mochila Escolar,Acessórios,Acer,BASICO,True,cus_31874cf2d1e5,Nina Moura,SP,Sudeste,TOP_TIER,1,67.90,67.90,False
sal_5ec7770d0f2d,2025-12-29 19:21:59,2025-12-29,Segunda,2,19,loja_fisica,prd_334f4a32f979,Persiana Vertical,Casa,Motorola,BASICO,True,cus_8ad3c8745efb,Eduardo Cunha,AC,Norte,TOP_TIER,2,404.50,809.00,False
sal_9e0357873ff1,2025-12-27 22:38:56,2025-12-27,Sábado,7,22,loja_fisica,prd_2293732b7542,Cortina Blackout,Casa,Xiaomi,BASICO,True,cus_f1a06ae11717,Gustavo Henrique Rios,AM,Norte,TOP_TIER,1,65.45,65.45,False
sal_9a9ab1743b64,2026-01-09 08:00:50,2026-01-09,Sexta,6,8,ecommerce,prd_7af81d9a08ba,Controle PlayStation,Games,O Boticário,BASICO,True,cus_4209c24e0be2,Maya Castro,TO,Norte,REGULAR,1,49.99,49.99,False
sal_78ac73e44d39,2025-12-21 08:48:48,2025-12-21,Domingo,1,8,ecommerce,prd_ebdebaf4cd37,Edredom Casal,Casa,Xiaomi,BASICO,True,cus_1a38731e1fbe,Otávio Fernandes,ES,Sudeste,TOP_TIER,2,37.90,75.80,False
sal_3b739bcc5db3,2025-12-29 20:08:04,2025-12-29,Segunda,2,20,loja_fisica,prd_622325b011e6,Iluminador para Stream,Games,Sony,BASICO,True,cus_d2762f5968fe,Aurora Pastor,SE,Nordeste,REGULAR,2,323.90,647.80,False
sal_99eb716dd28b,2025-12-28 12:17:21,2025-12-28,Domingo,1,12,loja_fisica,prd_4a5427b33a63,Mouse Pad Gamer,Informática,Sony,BASICO,True,cus_fa3a88d1ccef,Benício Gomes,AL,Nordeste,VIP,1,78.90,78.90,False
sal_2f7925945f98,2025-12-17 12:24:24,2025-12-17,Quarta,4,12,loja_fisica,prd_ff35b88df534,SSD 500GB,Eletrônicos,Acer,BASICO,True,cus_36595eecf105,Bruno Novaes,PA,Norte,REGULAR,1,211.90,211.90,False
sal_65e935146b1a,2026-01-11 16:44:07,2026-01-11,Domingo,1,16,ecommerce,prd_51511e44c92a,Kit Gamer Completo,Games,Mondial,BASICO,True,cus_2b1b3e2a1515,Ana Sophia Pereira,MG,Sudeste,VIP,1,84.45,84.45,False
sal_6f634727ccbf,2026-01-04 14:38:38,2026-01-04,Domingo,1,14,ecommerce,prd_2cbafff50c72,Sabonete Facial,Beleza,Nike,BASICO,True,cus_3580317ddeab,Bella Borges,AM,Norte,VIP,2,100.90,201.80,False
sal_c281773239fb,2025-12-16 20:35:16,2025-12-16,Terça,3,20,ecommerce,prd_f063f46a7ef8,Fone de Ouvido Esportivo,Áudio,Consul,PREMIUM,True,cus_8ad3c8745efb,Eduardo Cunha,AC,Norte,TOP_TIER,1,1428.99,1428.99,False
sal_81d377a2987a,2025-12-26 08:20:35,2025-12-26,Sexta,6,8,ecommerce,prd_8b22fd85d500,Garrafa Térmica 1L,Cozinha,Sony,BASICO,True,cus_2b1b3e2a1515,Ana Sophia Pereira,MG,Sudeste,VIP,2,324.99,649.98,False
sal_0bb4f268b883,2025-12-25 18:45:28,2025-12-25,Quinta,5,18,loja_fisica,prd_b7490508211e,Vestido Floral,Moda,Apple,BASICO,True,cus_418af67b6b28,Miguel Ramos,TO,Norte,REGULAR,1,209.00,209.00,False
sal_11a4d350b0f0,2026-01-03 14:49:33,2026-01-03,Sábado,7,14,loja_fisica,prd_5a6fd66e1c00,Vestido Casual,Moda,Philips,BASICO,True,cus_0ff4cceccc6f,João Aparecida,CE,Nordeste,TOP_TIER,1,101.61,101.61,False
sal_2d9b1e3c3807,2025-12-29 09:43:29,2025-12-29,Segunda,2,9,ecommerce,prd_93ed035b2e9e,Peneira Inox,Cozinha,Arno,BASICO,True,cus_d2762f5968fe,Aurora Pastor,SE,Nordeste,REGULAR,3,105.29,315.87,False
sal_998842448494,2025-12-24 20:10:40,2025-12-24,Quarta,4,20,loja_fisica,prd_f79cf82f8ee0,Caixa de Som JBL,Eletrônicos,Mondial,BASICO,True,cus_884be6e0ce9a,Emanuel Vieira,PA,Norte,REGULAR,1,219.90,219.90,False
sal_db02574260c4,2026-01-08 14:02:48,2026-01-08,Quinta,5,14,ecommerce,prd_6d4e3b1efd0c,Necessaire,Acessórios,Xiaomi,PREMIUM,True,cus_b0026583b709,Mariane Pacheco,MT,Centro-Oeste,VIP,4,1139.99,4559.96,False
sal_f730468e50e9,2025-12-18 08:49:51,2025-12-18,Quinta,5,8,loja_fisica,prd_c9b4024b7b9e,Toca-discos USB,Áudio,Mondial,BASICO,True,cus_508a15ccf0fa,Zoe Campos,MT,Centro-Oeste,TOP_TIER,2,85.95,171.90,False
sal_c095f52a2d12,2025-12-27 17:45:18,2025-12-27,Sábado,7,17,ecommerce,prd_afd58e5fd09d,Condicionador Hidratante,Beleza,Asus,BASICO,True,cus_4e62d52db97a,Josué Souza,RJ,Sudeste,VIP,1,497.09,497.09,False
sal_a089950887c3,2026-01-02 09:34:50,2026-01-02,Sexta,6,9,ecommerce,prd_9239eec8982d,HD Externo 2TB,Informática,Arno,BASICO,True,cus_7262f4e5ce9f,Sophia Monteiro,SP,Sudeste,TOP_TIER,1,49.39,49.39,False
sal_458477f46328,2026-01-08 17:37:27,2026-01-08,Quinta,5,17,loja_fisica,prd_bf5d8671f7a9,Placa Mãe B450,Informática,Brastemp,BASICO,True,cus_a2e18141f826,Ísis Leão,CE,Nordeste,REGULAR,1,119.90,119.90,False
sal_8de8d2bc9198,2026-01-04 19:20:30,2026-01-04,Domingo,1,19,loja_fisica,prd_385035a5bc20,Notebook Inspiron 15,Eletrônicos,Adidas,BASICO,True,cus_3580317ddeab,Bella Borges,AM,Norte,VIP,3,219.90,659.70,False
sal_a795dba7a67f,2025-12-27 11:13:34,2025-12-27,Sábado,7,11,ecommerce,prd_803bcbb7ef84,Porta-temperos,Cozinha,Samsung,BASICO,True,cus_c3944101594c,Murilo Da Mata,RR,Norte,VIP,2,129.80,259.60,False
sal_ccefbd157f47,2025-12-26 21:59:28,2025-12-26,Sexta,6,21,loja_fisica,prd_045813f96891,Cardigan de Lã,Moda,LG,BASICO,True,cus_644bf6820c61,Heloísa Andrade,PR,Sul,REGULAR,4,121.54,486.16,False
sal_c6036d903730,2026-01-06 21:01:43,2026-01-06,Terça,3,21,loja_fisica,prd_645f7859f379,Calça Jeans Skinny,Moda,Asus,BASICO,True,cus_b42a15933072,Heitor Rezende,PE,Nordeste,TOP_TIER,1,486.90,486.90,False
sal_071231331125,2026-01-11 08:57:24,2026-01-11,Domingo,1,8,ecommerce,prd_305f920b8836,Brincos de Prata,Acessórios,Lenovo,MEDIO,True,cus_36595eecf105,Bruno Novaes,PA,Norte,REGULAR,1,935.50,935.50,False
sal_632fe3df2edb,2025-12-14 01:12:44,2025-12-14,Domingo,1,1,ecommerce,prd_0347eab01a6c,Memória RAM 8GB,Informática,Mondial,MEDIO,True,cus_6ff11137142d,Vitor Gabriel Sá,TO,Norte,TOP_TIER,2,532.10,1064.20,False
sal_86c7ef15bd7f,2026-01-10 09:48:13,2026-01-10,Sábado,7,9,loja_fisica,prd_686e2aab873d,Blusa de Frio,Moda,Philips,BASICO,True,cus_0ff4cceccc6f,João Aparecida,CE,Nordeste,TOP_TIER,3,89.50,268.50,False
sal_f19cbc777fee,2025-12-13 22:23:57,2025-12-13,Sábado,7,22,loja_fisica,prd_2befc441dd56,Bicicleta Ergométrica,Esporte,Motorola,BASICO,True,cus_639110db69ed,João Vitor Barros,AP,Norte,REGULAR,1,217.54,217.54,False
sal_c5cda8b12635,2025-12-22 22:40:28,2025-12-22,Segunda,2,22,ecommerce,prd_30518d908a92,Cinto de Couro,Acessórios,Asus,BASICO,True,cus_418af67b6b28,Miguel Ramos,TO,Norte,REGULAR,1,80.99,80.99,False
sal_800e44f094eb,2025-12-27 17:59:35,2025-12-27,Sábado,7,17,ecommerce,prd_686e2aab873d,Blusa de Frio,Moda,Philips,BASICO,True,cus_c8d383cfde0c,Maria Cecília Oliveira,AM,Norte,TOP_TIER,1,80.55,80.55,False
sal_1a0364e74930,2025-12-13 16:25:58,2025-12-13,Sábado,7,16,ecommerce,prd_92c0ecf60a58,Jogo de Toalhas,Casa,Brastemp,BASICO,True,cus_8ad3c8745efb,Eduardo Cunha,AC,Norte,TOP_TIER,1,171.85,171.85,False
sal_1ea9aea564e6,2025-12-26 17:18:48,2025-12-26,Sexta,6,17,ecommerce,prd_ff35b88df534,SSD 500GB,Eletrônicos,Acer,BASICO,True,cus_25d1cb23f872,Melissa Pastor,AC,Norte,VIP,3,211.90,635.70,False
sal_141841e7a9be,2025-12-28 09:52:28,2025-12-28,Domingo,1,9,ecommerce,prd_2293732b7542,Cortina Blackout,Casa,Xiaomi,BASICO,True,cus_8ad3c8745efb,Eduardo Cunha,AC,Norte,TOP_TIER,1,62.01,62.01,False
sal_3294a7d4fca1,2026-01-04 01:24:52,2026-01-04,Domingo,1,1,ecommerce,prd_dfac11815029,Microfone para Stream,Games,Apple,BASICO,True,cus_96658dc10aa5,Agatha Silveira,PA,Norte,TOP_TIER,1,189.00,189.00,False
sal_be5335f7be73,2025-12-24 11:45:08,2025-12-24,Quarta,4,11,loja_fisica,prd_f063f46a7ef8,Fone de Ouvido Esportivo,Áudio,Consul,PREMIUM,True,cus_f1eccf8e0d99,Luiz Miguel Câmara,GO,Centro-Oeste,REGULAR,1,1428.99,1428.99,False
sal_7dfabfe0fb3f,2025-12-22 17:25:01,2025-12-22,Segunda,2,17,ecommerce,prd_1e4ccab8af1a,Máscara Facial,Beleza,Apple,BASICO,True,cus_f64907d41a69,Henrique Da Conceição,DF,Centro-Oeste,VIP,1,111.90,111.90,False
sal_f37fabb10021,2025-12-31 17:54:10,2025-12-31,Quarta,4,17,ecommerce,prd_d92ad43fa137,Smart TV 43 Polegadas,Eletrônicos,Philips,BASICO,True,cus_911b23c97589,Heitor Nunes,MS,Centro-Oeste,REGULAR,1,66.90,66.90,False
sal_96e53e2edec0,2026-01-06 14:05:46,2026-01-06,Terça,3,14,loja_fisica,prd_4ee65ed59110,Frigideira Antiaderente,Cozinha,Philips,BASICO,True,cus_0343c0763f76,Vitor Gabriel Da Luz,RS,Sul,VIP,1,41.90,41.90,False
sal_65db1725073a,2025-12-13 14:04:52,2025-12-13,Sábado,7,14,ecommerce,prd_474405dcce41,Brincos de Prata,Acessórios,Motorola,BASICO,True,cus_fa3a88d1ccef,Benício Gomes,AL,Nordeste,VIP,1,67.90,67.90,False
sal_9cab7a0cb204,2025-12-30 14:39:45,2025-12-30,Terça,3,14,loja_fisica,prd_d22d1b8b1502,Camisa Social,Moda,Brastemp,PREMIUM,True,cus_2b1b3e2a1515,Ana Sophia Pereira,MG,Sudeste,VIP,5,1149.90,5749.50,False
sal_535cf9d88183,2025-12-31 18:37:33,2025-12-31,Quarta,4,18,loja_fisica,prd_b7490508211e,Vestido Floral,Moda,Apple,BASICO,True,cus_c9cd13d1ae9f,Yasmin Siqueira,PA,Norte,VIP,1,220.00,220.00,False
sal_9e1c0b87794b,2026-01-11 18:32:31,2026-01-11,Domingo,1,18,ecommerce,prd_bf5d8671f7a9,Placa Mãe B450,Informática,Brastemp,BASICO,True,cus_418af67b6b28,Miguel Ramos,TO,Norte,REGULAR,1,119.90,119.90,False
sal_8f61b646725c,2025-12-28 17:00:30,2025-12-28,Domingo,1,17,ecommerce,prd_dfac11815029,Microfone para Stream,Games,Apple,BASICO,True,cus_cf84750c1fb4,Alana Teixeira,MA,Nordeste,TOP_TIER,2,189.00,378.00,False
sal_602710e7b45d,2026-01-02 17:06:15,2026-01-02,Sexta,6,17,loja_fisica,prd_4e1abbd002eb,Mochila Esportiva,Esporte,Samsung,BASICO,True,cus_a2e18141f826,Ísis Leão,CE,Nordeste,REGULAR,2,44.90,89.80,False
sal_89ffbc40768b,2026-01-10 11:22:21,2026-01-10,Sábado,7,11,ecommerce,prd_dfac11815029,Microfone para Stream,Games,Apple,BASICO,True,cus_639110db69ed,João Vitor Barros,AP,Norte,REGULAR,1,189.00,189.00,False
sal_065909290f8b,2025-12-18 11:31:48,2025-12-18,Quinta,5,11,ecommerce,prd_40dc70ce05b2,Assadeira de Vidro,Cozinha,Lenovo,PREMIUM,True,cus_f64907d41a69,Henrique Da Conceição,DF,Centro-Oeste,VIP,1,1244.97,1244.97,False
sal_de38ede63bd4,2025-12-30 12:55:12,2025-12-30,Terça,3,12,ecommerce,prd_142839b15f63,Vestido Casual,Moda,Xiaomi,BASICO,True,cus_f50da5532735,João Gabriel Porto,MG,Sudeste,TOP_TIER,1,99.50,99.50,False
sal_ac0b2c5f4928,2026-01-06 15:18:00,2026-01-06,Terça,3,15,loja_fisica,prd_1091c2cfe1e9,Edredom Casal,Casa,Sony,BASICO,True,cus_644bf6820c61,Heloísa Andrade,PR,Sul,REGULAR,1,425.90,425.90,False
sal_f888eaae0b2c,2025-12-29 09:13:38,2025-12-29,Segunda,2,9,ecommerce,prd_b7490508211e,Vestido Floral,Moda,Apple,BASICO,True,cus_c3944101594c,Murilo Da Mata,RR,Norte,VIP,1,220.00,220.00,False
sal_f0582e6e19bd,2026-01-10 10:05:43,2026-01-10,Sábado,7,10,loja_fisica,prd_ff35b88df534,SSD 500GB,Eletrônicos,Acer,BASICO,True,cus_911b23c97589,Heitor Nunes,MS,Centro-Oeste,REGULAR,1,180.12,180.12,False
sal_063e0578eeab,2026-01-04 21:57:21,2026-01-04,Domingo,1,21,ecommerce,prd_afd58e5fd09d,Condicionador Hidratante,Beleza,Asus,BASICO,True,cus_71308b76151a,Amanda Sousa,MS,Centro-Oeste,TOP_TIER,1,451.90,451.90,False
sal_e237d1363be3,2026-01-04 15:21:23,2026-01-04,Domingo,1,15,loja_fisica,prd_8b22fd85d500,Garrafa Térmica 1L,Cozinha,Sony,BASICO,True,cus_3580317ddeab,Bella Borges,AM,Norte,VIP,1,308.74,308.74,False
sal_dba9b803716a,2025-12-19 12:27:03,2025-12-19,Sexta,6,12,loja_fisica,prd_84a009f1889d,Cortina Box,Casa,Consul,BASICO,True,cus_639110db69ed,João Vitor Barros,AP,Norte,REGULAR,1,31.25,31.25,False
sal_15ee50127b1d,2025-12-16 19:40:49,2025-12-16,Terça,3,19,ecommerce,prd_ff35b88df534,SSD 500GB,Eletrônicos,Acer,BASICO,True,cus_911b23c97589,Heitor Nunes,MS,Centro-Oeste,REGULAR,1,201.31,201.31,False
sal_94190f462bff,2025-12-17 08:15:30,2025-12-17,Quarta,4,8,ecommerce,prd_c1f6dcbed826,Descascador de Legumes,Cozinha,Adidas,BASICO,True,cus_911b23c97589,Heitor Nunes,MS,Centro-Oeste,REGULAR,1,192.90,192.90,False
sal_633d4cee9113,2025-12-28 10:01:42,2025-12-28,Domingo,1,10,ecommerce,prd_f1f39e56f84d,Bermuda Tactel,Moda,Motorola,BASICO,True,cus_9d2dd4770a79,Luigi Camargo,GO,Centro-Oeste,TOP_TIER,2,60.49,120.98,False
sal_4c872cf40e2a,2026-01-07 17:18:01,2026-01-07,Quarta,4,17,loja_fisica,prd_afd58e5fd09d,Condicionador Hidratante,Beleza,Asus,BASICO,True,cus_c3944101594c,Murilo Da Mata,RR,Norte,VIP,1,451.90,451.90,False
sal_5ca85c2c8b8c,2026-01-05 13:07:58,2026-01-05,Segunda,2,13,ecommerce,prd_82cd17cb589d,Persiana Vertical,Casa,Dell,BASICO,True,cus_b0026583b709,Mariane Pacheco,MT,Centro-Oeste,VIP,1,44.90,44.90,False
sal_546e9790a240,2026-01-06 13:35:21,2026-01-06,Terça,3,13,loja_fisica,prd_385035a5bc20,Notebook Inspiron 15,Eletrônicos,Adidas,BASICO,True,cus_ec8d75866856,Luan Vargas,RS,Sul,TOP_TIER,1,208.91,208.91,False
sal_90fef95236db,2026-01-10 14:47:21,2026-01-10,Sábado,7,14,ecommerce,prd_9f5272275347,Marcador de Texto,Acessórios,Sony,BASICO,True,cus_f1eccf8e0d99,Luiz Miguel Câmara,GO,Centro-Oeste,REGULAR,1,56.52,56.52,False
sal_e251e9e8faa2,2025-12-16 14:00:10,2025-12-16,Terça,3,14,ecommerce,prd_bf5d8671f7a9,Placa Mãe B450,Informática,Brastemp,BASICO,True,cus_a01814ad9247,Ana Beatriz Alves,SP,Sudeste,TOP_TIER,1,119.90,119.90,False
sal_bbb4d4b97c01,2026-01-07 22:13:22,2026-01-07,Quarta,4,22,ecommerce,prd_8b22fd85d500,Garrafa Térmica 1L,Cozinha,Sony,BASICO,True,cus_b0026583b709,Mariane Pacheco,MT,Centro-Oeste,VIP,1,324.99,324.99,False
sal_6851c0a7e2a2,2025-12-16 14:19:15,2025-12-16,Terça,3,14,ecommerce,prd_b4a823952be5,Amplificador de Áudio,Áudio,Consul,BASICO,True,cus_13af118ef4e8,Sarah Teixeira,AM,Norte,TOP_TIER,1,73.90,73.90,False
sal_92348d4e9432,2025-12-20 14:51:38,2025-12-20,Sábado,7,14,ecommerce,prd_2cbafff50c72,Sabonete Facial,Beleza,Nike,BASICO,True,cus_6ff11137142d,Vitor Gabriel Sá,TO,Norte,TOP_TIER,1,85.77,85.77,False
sal_7797cf0c19e9,2025-12-28 21:23:03,2025-12-28,Domingo,1,21,loja_fisica,prd_e66747c9b59e,Cesto de Vime,Casa,Brastemp,BASICO,True,cus_c8d383cfde0c,Maria Cecília Oliveira,AM,Norte,TOP_TIER,2,194.00,388.00,False
sal_e807d5b99f93,2025-12-22 19:47:08,2025-12-22,Segunda,2,19,ecommerce,prd_db8fc9e6fa53,Paleta de Sombras,Beleza,LG,PREMIUM,True,cus_f64907d41a69,Henrique Da Conceição,DF,Centro-Oeste,VIP,2,1349.94,2699.88,False
sal_06e66878dff8,2025-12-19 08:47:38,2025-12-19,Sexta,6,8,ecommerce,prd_40dc70ce05b2,Assadeira de Vidro,Cozinha,Lenovo,PREMIUM,True,cus_3580317ddeab,Bella Borges,AM,Norte,VIP,1,1310.50,1310.50,False
sal_a12bfbd2cd48,2025-12-29 13:56:42,2025-12-29,Segunda,2,13,ecommerce,prd_b7490508211e,Vestido Floral,Moda,Apple,BASICO,True,cus_f64907d41a69,Henrique Da Conceição,DF,Centro-Oeste,VIP,1,220.00,220.00,False
sal_d83423cc0079,2025-12-27 15:59:32,2025-12-27,Sábado,7,15,ecommerce,prd_d22d1b8b1502,Camisa Social,Moda,Brastemp,PREMIUM,True,cus_79d52b75f259,Elisa Freitas,CE,Nordeste,TOP_TIER,1,1149.90,1149.90,False
sal_ea038e7665c5,2025-12-19 11:58:35,2025-12-19,Sexta,6,11,ecommerce,prd_2293732b7542,Cortina Blackout,Casa,Xiaomi,BASICO,True,cus_79d52b75f259,Elisa Freitas,CE,Nordeste,TOP_TIER,2,68.90,137.80,False
sal_010ee92423ed,2025-12-22 16:29:56,2025-12-22,Segunda,2,16,ecommerce,prd_dfac11815029,Microfone para Stream,Games,Apple,BASICO,True,cus_f64907d41a69,Henrique Da Conceição,DF,Centro-Oeste,VIP,1,189.00,189.00,False
sal_d9e79eecc9e5,2025-12-29 18:17:20,2025-12-29,Segunda,2,18,loja_fisica,prd_afd58e5fd09d,Condicionador Hidratante,Beleza,Asus,BASICO,True,cus_eae005fd3470,Calebe Fogaça,TO,Norte,TOP_TIER,2,451.90,903.80,False
sal_2f0144bbe289,2025-12-31 17:06:54,2025-12-31,Quarta,4,17,loja_fisica,prd_cc3053305ba7,iPhone 14,Eletrônicos,Motorola,MEDIO,True,cus_9d2dd4770a79,Luigi Camargo,GO,Centro-Oeste,TOP_TIER,2,616.90,1233.80,False
sal_b6b473ec16f4,2026-01-06 10:31:19,2026-01-06,Terça,3,10,ecommerce,prd_90725b7ac0e8,Espelho de Parede,Casa,Adidas,BASICO,True,cus_25d1cb23f872,Melissa Pastor,AC,Norte,VIP,1,71.09,71.09,False
sal_4a6ce12b8738,2026-01-09 19:18:58,2026-01-09,Sexta,6,19,ecommerce,prd_d22d1b8b1502,Camisa Social,Moda,Brastemp,PREMIUM,True,cus_c8d383cfde0c,Maria Cecília Oliveira,AM,Norte,TOP_TIER,2,1149.90,2299.80,False
sal_a687b7436e48,2025-12-15 17:24:30,2025-12-15,Segunda,2,17,ecommerce,prd_0347eab01a6c,Memória RAM 8GB,Informática,Mondial,MEDIO,True,cus_6ff11137142d,Vitor Gabriel Sá,TO,Norte,TOP_TIER,1,626.00,626.00,False
sal_03422f37038a,2026-01-01 16:37:47,2026-01-01,Quinta,5,16,loja_fisica,prd_afd58e5fd09d,Condicionador Hidratante,Beleza,Asus,BASICO,True,cus_4209c24e0be2,Maya Castro,TO,Norte,REGULAR,1,451.90,451.90,False
sal_b2afebb22d48,2025-12-23 20:19:47,2025-12-23,Terça,3,20,loja_fisica,prd_334f4a32f979,Persiana Vertical,Casa,Motorola,BASICO,True,cus_f50da5532735,João Gabriel Porto,MG,Sudeste,TOP_TIER,2,404.50,809.00,False
sal_bda1bfa94123,2025-12-18 21:24:06,2025-12-18,Quinta,5,21,ecommerce,prd_c90040774892,Tênis de Corrida,Esporte,Sony,BASICO,True,cus_8fa04d3a5837,Rafael Porto,RS,Sul,TOP_TIER,1,147.99,147.99,False
sal_9c5870d9e2f6,2025-12-17 20:20:12,2025-12-17,Quarta,4,20,ecommerce,prd_bf5d8671f7a9,Placa Mãe B450,Informática,Brastemp,BASICO,True,cus_cf84750c1fb4,Alana Teixeira,MA,Nordeste,TOP_TIER,1,119.90,119.90,False
sal_63b3581efdb0,2026-01-10 15:39:16,2026-01-10,Sábado,7,15,ecommerce,prd_205f309c1a21,Tapete Persa,Casa,Sony,BASICO,True,cus_7262f4e5ce9f,Sophia Monteiro,SP,Sudeste,TOP_TIER,1,33.24,33.24,False
sal_74e1150e4adf,2025-12-21 10:40:38,2025-12-21,Domingo,1,10,loja_fisica,prd_92c0ecf60a58,Jogo de Toalhas,Casa,Brastemp,BASICO,True,cus_96658dc10aa5,Agatha Silveira,PA,Norte,TOP_TIER,2,180.90,361.80,False
sal_b734ad8a6791,2025-12-29 11:21:30,2025-12-29,Segunda,2,11,loja_fisica,prd_d22d1b8b1502,Camisa Social,Moda,Brastemp,PREMIUM,True,cus_911b23c97589,Heitor Nunes,MS,Centro-Oeste,REGULAR,2,1092.40,2184.80,False
sal_92ad845e6477,2025-12-28 10:25:15,2025-12-28,Domingo,1,10,loja_fisica,prd_2365af16d827,Tela Mosquiteira,Casa,Brastemp,BASICO,True,cus_a2e18141f826,Ísis Leão,CE,Nordeste,REGULAR,1,151.00,151.00,False
sal_dcd367ddcab7,2026-01-06 20:54:02,2026-01-06,Terça,3,20,ecommerce,prd_d0368e440753,Batom Matte,Beleza,Adidas,BASICO,True,cus_31874cf2d1e5,Nina Moura,SP,Sudeste,TOP_TIER,1,34.90,34.90,False
sal_752fbd642b5d,2025-12-22 19:50:00,2025-12-22,Segunda,2,19,loja_fisica,prd_b4a823952be5,Amplificador de Áudio,Áudio,Consul,BASICO,True,cus_31874cf2d1e5,Nina Moura,SP,Sudeste,TOP_TIER,1,73.90,73.90,False
sal_6a517e358beb,2025-12-20 15:19:15,2025-12-20,Sábado,7,15,ecommerce,prd_2bf8388221ea,Mouse Gamer RGB,Games,Asus,BASICO,True,cus_0343c0763f76,Vitor Gabriel Da Luz,RS,Sul,VIP,1,49.99,49.99,False
sal_effa5363f77c,2026-01-02 18:35:31,2026-01-02,Sexta,6,18,ecommerce,prd_045813f96891,Cardigan de Lã,Moda,LG,BASICO,True,cus_c8d383cfde0c,Maria Cecília Oliveira,AM,Norte,TOP_TIER,1,142.99,142.99,False
sal_2bc1a75dd56b,2025-12-28 14:10:00,2025-12-28,Domingo,1,14,ecommerce,prd_b7490508211e,Vestido Floral,Moda,Apple,BASICO,True,cus_13af118ef4e8,Sarah Teixeira,AM,Norte,TOP_TIER,1,220.00,220.00,False
sal_fdb4d6a93a8e,2025-12-23 18:08:14,2025-12-23,Terça,3,18,ecommerce,prd_7af81d9a08ba,Controle PlayStation,Games,O Boticário,BASICO,True,cus_df9e0b31fa20,Yuri Albuquerque,SE,Nordeste,REGULAR,1,44.99,44.99,False
sal_b32659ca6583,2026-01-02 19:35:27,2026-01-02,Sexta,6,19,ecommerce,prd_4ee65ed59110,Frigideira Antiaderente,Cozinha,Philips,BASICO,True,cus_96658dc10aa5,Agatha Silveira,PA,Norte,TOP_TIER,1,41.90,41.90,False
sal_513c0b49fc9f,2025-12-21 16:41:47,2025-12-21,Domingo,1,16,loja_fisica,prd_7dd7624b4d5f,Fone de Ouvido com Fio,Áudio,Brastemp,BASICO,True,cus_a9747473c5c6,Ana Lívia Aparecida,AL,Nordeste,REGULAR,1,268.11,268.11,False
sal_4e4e902edbba,2025-12-30 14:43:58,2025-12-30,Terça,3,14,ecommerce,prd_30518d908a92,Cinto de Couro,Acessórios,Asus,BASICO,True,cus_36595eecf105,Bruno Novaes,PA,Norte,REGULAR,4,80.99,323.96,False
sal_b536680e9485,2025-12-24 15:40:40,2025-12-24,Quarta,4,15,ecommerce,prd_334f4a32f979,Persiana Vertical,Casa,Motorola,BASICO,True,cus_71308b76151a,Amanda Sousa,MS,Centro-Oeste,TOP_TIER,3,384.27,1152.81,False
sal_de8c4ad6d613,2026-01-03 10:20:55,2026-01-03,Sábado,7,10,loja_fisica,prd_6eca734f2e84,Edredom Casal,Casa,Electrolux,BASICO,True,cus_9d2dd4770a79,Luigi Camargo,GO,Centro-Oeste,TOP_TIER,2,250.79,501.58,False
sal_57e668800023,2025-12-21 11:09:28,2025-12-21,Domingo,1,11,ecommerce,prd_9a3dfc23b7a3,Relógio Analógico,Acessórios,Mondial,BASICO,True,cus_8ad3c8745efb,Eduardo Cunha,AC,Norte,TOP_TIER,3,105.50,316.50,False
sal_90ba554a26df,2025-12-28 15:04:09,2025-12-28,Domingo,1,15,ecommerce,prd_3e42ffcc8dd9,Mochila Escolar,Acessórios,Acer,BASICO,True,cus_31874cf2d1e5,Nina Moura,SP,Sudeste,TOP_TIER,1,61.11,61.11,False
sal_f267bcebc7c5,2025-12-30 16:37:01,2025-12-30,Terça,3,16,ecommerce,prd_dfac11815029,Microfone para Stream,Games,Apple,BASICO,True,cus_31874cf2d1e5,Nina Moura,SP,Sudeste,TOP_TIER,1,189.00,189.00,False
sal_b277524b0021,2025-12-23 09:57:00,2025-12-23,Terça,3,9,ecommerce,prd_d92ad43fa137,Smart TV 43 Polegadas,Eletrônicos,Philips,BASICO,True,cus_c8d383cfde0c,Maria Cecília Oliveira,AM,Norte,TOP_TIER,1,66.90,66.90,False
sal_17c98c28cb40,2026-01-11 15:52:36,2026-01-11,Domingo,1,15,ecommerce,prd_afd58e5fd09d,Condicionador Hidratante,Beleza,Asus,BASICO,True,cus_36595eecf105,Bruno Novaes,PA,Norte,REGULAR,1,451.90,451.90,False
sal_38369fb327c7,2026-01-03 20:54:31,2026-01-03,Sábado,7,20,ecommerce,prd_a4025bac91a7,Óculos de Sol,Acessórios,Xiaomi,BASICO,True,cus_25c656241a9a,Amanda Novais,GO,Centro-Oeste,TOP_TIER,1,52.90,52.90,False
sal_6a30ab1700c6,2025-12-13 15:15:13,2025-12-13,Sábado,7,15,ecommerce,prd_51511e44c92a,Kit Gamer Completo,Games,Mondial,BASICO,True,cus_d2762f5968fe,Aurora Pastor,SE,Nordeste,REGULAR,1,75.56,75.56,False
sal_b80608bd8710,2025-12-24 19:25:13,2025-12-24,Quarta,4,19,ecommerce,prd_dfac11815029,Microfone para Stream,Games,Apple,BASICO,True,cus_1a38731e1fbe,Otávio Fernandes,ES,Sudeste,TOP_TIER,2,170.10,340.20,False
sal_b05fe3c8d915,2026-01-06 22:12:56,2026-01-06,Terça,3,22,ecommerce,prd_686e2aab873d,Blusa de Frio,Moda,Philips,BASICO,True,cus_418af67b6b28,Miguel Ramos,TO,Norte,REGULAR,1,76.08,76.08,False
sal_c4291642d984,2026-01-10 15:44:48,2026-01-10,Sábado,7,15,loja_fisica,prd_d22d1b8b1502,Camisa Social,Moda,Brastemp,PREMIUM,True,cus_418af67b6b28,Miguel Ramos,TO,Norte,REGULAR,2,1149.90,2299.80,False
sal_174484a701a2,2026-01-11 09:23:49,2026-01-11,Domingo,1,9,ecommerce,prd_c1f6dcbed826,Descascador de Legumes,Cozinha,Adidas,BASICO,True,cus_418af67b6b28,Miguel Ramos,TO,Norte,REGULAR,2,192.90,385.80,False
sal_cd61e2126962,2025-12-21 18:06:46,2025-12-21,Domingo,1,18,loja_fisica,prd_a17c779dd289,Gravador de Voz,Áudio,Asus,BASICO,True,cus_a8f8e01eaee8,Elisa Martins,ES,Sudeste,REGULAR,1,64.90,64.90,False
sal_695703a363d0,2026-01-07 16:14:30,2026-01-07,Quarta,4,16,ecommerce,prd_2cbafff50c72,Sabonete Facial,Beleza,Nike,BASICO,True,cus_f1eccf8e0d99,Luiz Miguel Câmara,GO,Centro-Oeste,REGULAR,1,85.77,85.77,False
sal_98634170f917,2025-12-20 11:07:55,2025-12-20,Sábado,7,11,ecommerce,prd_d22d1b8b1502,Camisa Social,Moda,Brastemp,PREMIUM,True,cus_eae005fd3470,Calebe Fogaça,TO,Norte,TOP_TIER,1,1034.91,1034.91,False
sal_68eaea4c151a,2025-12-30 21:07:29,2025-12-30,Terça,3,21,ecommerce,prd_c9b4024b7b9e,Toca-discos USB,Áudio,Mondial,BASICO,True,cus_d2762f5968fe,Aurora Pastor,SE,Nordeste,REGULAR,1,85.95,85.95,False
sal_e0ff0b8434ea,2025-12-27 14:51:41,2025-12-27,Sábado,7,14,ecommerce,prd_6eca734f2e84,Edredom Casal,Casa,Electrolux,BASICO,True,cus_6ff11137142d,Vitor Gabriel Sá,TO,Norte,TOP_TIER,1,227.99,227.99,False
sal_d0764e884455,2026-01-06 17:53:42,2026-01-06,Terça,3,17,loja_fisica,prd_23664e42a71c,Jogo de Toalhas,Casa,Xiaomi,BASICO,True,cus_639110db69ed,João Vitor Barros,AP,Norte,REGULAR,3,109.90,329.70,False
sal_828a2263151d,2026-01-06 12:15:55,2026-01-06,Terça,3,12,loja_fisica,prd_e561d57f2a21,Caixa de Som 2.1,Áudio,Acer,BASICO,True,cus_78ab1cf16e12,Beatriz Garcia,SE,Nordeste,TOP_TIER,2,116.99,233.98,False
sal_fef196f79c04,2025-12-18 21:11:11,2025-12-18,Quinta,5,21,ecommerce,prd_7dd7624b4d5f,Fone de Ouvido com Fio,Áudio,Brastemp,BASICO,True,cus_884be6e0ce9a,Emanuel Vieira,PA,Norte,REGULAR,1,297.90,297.90,False
sal_fe7c4f4accf6,2025-12-13 18:03:22,2025-12-13,Sábado,7,18,loja_fisica,prd_9adbaa3083e1,Jaqueta Jeans,Moda,Sony,BASICO,True,cus_4209c24e0be2,Maya Castro,TO,Norte,REGULAR,1,93.50,93.50,False
sal_df759ffbd12f,2025-12-18 18:59:36,2025-12-18,Quinta,5,18,ecommerce,prd_ff35b88df534,SSD 500GB,Eletrônicos,Acer,BASICO,True,cus_0343c0763f76,Vitor Gabriel Da Luz,RS,Sul,VIP,1,211.90,211.90,False
sal_69d90481314c,2025-12-21 12:34:42,2025-12-21,Domingo,1,12,loja_fisica,prd_6ae727ee4463,Placa Mãe B450,Informática,Xiaomi,BASICO,True,cus_96658dc10aa5,Agatha Silveira,PA,Norte,TOP_TIER,1,66.60,66.60,False
sal_acc64cef283f,2026-01-01 13:44:05,2026-01-01,Quinta,5,13,loja_fisica,prd_df1e44c528e0,Fone de Ouvido Esportivo,Áudio,O Boticário,BASICO,True,cus_66677d443e5e,Cecília Da Luz,AC,Norte,TOP_TIER,1,192.99,192.99,False
sal_073832ae3462,2026-01-10 10:44:13,2026-01-10,Sábado,7,10,loja_fisica,prd_9239eec8982d,HD Externo 2TB,Informática,Arno,BASICO,True,cus_96658dc10aa5,Agatha Silveira,PA,Norte,TOP_TIER,4,49.39,197.56,False
sal_0ed16afae5b1,2025-12-13 22:15:13,2025-12-13,Sábado,7,22,ecommerce,prd_ff35b88df534,SSD 500GB,Eletrônicos,Acer,BASICO,True,cus_644bf6820c61,Heloísa Andrade,PR,Sul,REGULAR,1,190.71,190.71,False
sal_70ab4663f8a2,2025-12-16 09:07:15,2025-12-16,Terça,3,9,ecommerce,prd_92c0ecf60a58,Jogo de Toalhas,Casa,Brastemp,BASICO,True,cus_911b23c97589,Heitor Nunes,MS,Centro-Oeste,REGULAR,1,180.90,180.90,False
sal_0c1493792991,2025-12-27 13:32:39,2025-12-27,Sábado,7,13,ecommerce,prd_645f7859f379,Calça Jeans Skinny,Moda,Asus,BASICO,True,cus_639110db69ed,João Vitor Barros,AP,Norte,REGULAR,1,486.90,486.90,False
sal_7edc117b142a,2026-01-03 18:10:35,2026-01-03,Sábado,7,18,loja_fisica,prd_9239eec8982d,HD Externo 2TB,Informática,Arno,BASICO,True,cus_6ff11137142d,Vitor Gabriel Sá,TO,Norte,TOP_TIER,1,49.39,49.39,False
sal_905a1dd3c3e4,2026-01-05 12:25:46,2026-01-05,Segunda,2,12,ecommerce,prd_92c0ecf60a58,Jogo de Toalhas,Casa,Brastemp,BASICO,True,cus_eae005fd3470,Calebe Fogaça,TO,Norte,TOP_TIER,1,162.81,162.81,False
sal_7cd98ae6ed20,2025-12-18 20:09:06,2025-12-18,Quinta,5,20,ecommerce,prd_3308eb4d2b62,Cobertor de Lã,Casa,Arno,BASICO,True,cus_25d1cb23f872,Melissa Pastor,AC,Norte,VIP,1,31.34,31.34,False
sal_d3d93998c0de,2025-12-18 16:52:28,2025-12-18,Quinta,5,16,loja_fisica,prd_51511e44c92a,Kit Gamer Completo,Games,Mondial,BASICO,True,cus_df9e0b31fa20,Yuri Albuquerque,SE,Nordeste,REGULAR,1,80.01,80.01,False
sal_3f351eedf9de,2026-01-11 12:54:36,2026-01-11,Domingo,1,12,loja_fisica,prd_38c1b898aecc,Microfone para Stream,Games,Samsung,BASICO,True,cus_0343c0763f76,Vitor Gabriel Da Luz,RS,Sul,VIP,2,133.85,267.70,False
sal_5ca4af570606,2025-12-13 15:34:35,2025-12-13,Sábado,7,15,loja_fisica,prd_2293732b7542,Cortina Blackout,Casa,Xiaomi,BASICO,True,cus_78ab1cf16e12,Beatriz Garcia,SE,Nordeste,TOP_TIER,1,68.90,68.90,False
sal_dd828aeb9d85,2025-12-21 22:41:41,2025-12-21,Domingo,1,22,ecommerce,prd_899bd21840eb,Mixer de Áudio,Áudio,O Boticário,BASICO,True,cus_7262f4e5ce9f,Sophia Monteiro,SP,Sudeste,TOP_TIER,1,53.50,53.50,False
sal_15394d0287bc,2025-12-30 11:11:50,2025-12-30,Terça,3,11,ecommerce,prd_385035a5bc20,Notebook Inspiron 15,Eletrônicos,Adidas,BASICO,True,cus_cf84750c1fb4,Alana Teixeira,MA,Nordeste,TOP_TIER,1,241.89,241.89,False
sal_35b74c363cc8,2025-12-27 00:20:19,2025-12-27,Sábado,7,0,ecommerce,prd_473cb7923d3d,Kit Gamer Completo,Games,Motorola,BASICO,True,cus_f50da5532735,João Gabriel Porto,MG,Sudeste,TOP_TIER,1,109.90,109.90,False
sal_0ff2c5c0503f,2025-12-28 17:47:45,2025-12-28,Domingo,1,17,loja_fisica,prd_205f309c1a21,Tapete Persa,Casa,Sony,BASICO,True,cus_8fa04d3a5837,Rafael Porto,RS,Sul,TOP_TIER,1,33.24,33.24,False
sal_b0fec1bd90d7,2026-01-11 18:46:56,2026-01-11,Domingo,1,18,loja_fisica,prd_d92ad43fa137,Smart TV 43 Polegadas,Eletrônicos,Philips,BASICO,True,cus_639110db69ed,João Vitor Barros,AP,Norte,REGULAR,4,63.55,254.20,False
sal_2de3c67d11aa,2025-12-18 22:17:48,2025-12-18,Quinta,5,22,ecommerce,prd_2cbafff50c72,Sabonete Facial,Beleza,Nike,BASICO,True,cus_4e62d52db97a,Josué Souza,RJ,Sudeste,VIP,2,95.86,191.72,False
sal_772d90df25c1,2025-12-18 09:31:09,2025-12-18,Quinta,5,9,ecommerce,prd_30518d908a92,Cinto de Couro,Acessórios,Asus,BASICO,True,cus_31874cf2d1e5,Nina Moura,SP,Sudeste,TOP_TIER,1,89.09,89.09,False
sal_2541fcc97bb4,2025-12-31 14:32:53,2025-12-31,Quarta,4,14,ecommerce,prd_31b74a170d35,Saia Midi,Moda,Consul,BASICO,True,cus_a2e18141f826,Ísis Leão,CE,Nordeste,REGULAR,2,61.97,123.94,False
sal_4fb382fab60a,2026-01-05 20:54:25,2026-01-05,Segunda,2,20,loja_fisica,prd_3dd1d39581ca,Halteres Ajustáveis,Esporte,Asus,BASICO,True,cus_644bf6820c61,Heloísa Andrade,PR,Sul,REGULAR,1,47.69,47.69,False
sal_6ff67e038143,2026-01-05 11:16:32,2026-01-05,Segunda,2,11,loja_fisica,prd_e561d57f2a21,Caixa de Som 2.1,Áudio,Acer,BASICO,True,cus_b0026583b709,Mariane Pacheco,MT,Centro-Oeste,VIP,2,105.29,210.58,False
sal_e746e769adb3,2025-12-19 22:22:28,2025-12-19,Sexta,6,22,loja_fisica,prd_afd58e5fd09d,Condicionador Hidratante,Beleza,Asus,BASICO,True,cus_8ad3c8745efb,Eduardo Cunha,AC,Norte,TOP_TIER,1,429.30,429.30,False
sal_bd5d8771179c,2026-01-10 18:27:28,2026-01-10,Sábado,7,18,ecommerce,prd_51511e44c92a,Kit Gamer Completo,Games,Mondial,BASICO,True,cus_644bf6820c61,Heloísa Andrade,PR,Sul,REGULAR,1,80.01,80.01,False
sal_553eff3c30c2,2025-12-18 09:32:14,2025-12-18,Quinta,5,9,ecommerce,prd_474405dcce41,Brincos de Prata,Acessórios,Motorola,BASICO,True,cus_884be6e0ce9a,Emanuel Vieira,PA,Norte,REGULAR,1,74.69,74.69,False
sal_646d8ccd3de4,2025-12-23 17:03:48,2025-12-23,Terça,3,17,ecommerce,prd_334f4a32f979,Persiana Vertical,Casa,Motorola,BASICO,True,cus_fa3a88d1ccef,Benício Gomes,AL,Nordeste,VIP,1,364.05,364.05,False
sal_8019287b2116,2026-01-10 13:15:46,2026-01-10,Sábado,7,13,ecommerce,prd_8b22fd85d500,Garrafa Térmica 1L,Cozinha,Sony,BASICO,True,cus_ec8d75866856,Luan Vargas,RS,Sul,TOP_TIER,1,324.99,324.99,False
sal_f902a2b8dcf6,2025-12-16 20:04:33,2025-12-16,Terça,3,20,ecommerce,prd_bf5d8671f7a9,Placa Mãe B450,Informática,Brastemp,BASICO,True,cus_a2e18141f826,Ísis Leão,CE,Nordeste,REGULAR,1,119.90,119.90,False
sal_9ea005fca12a,2025-12-21 17:24:41,2025-12-21,Domingo,1,17,ecommerce,prd_d500fa66507e,Shorts Jeans,Moda,Electrolux,BASICO,True,cus_6ff11137142d,Vitor Gabriel Sá,TO,Norte,TOP_TIER,1,384.99,384.99,False
sal_dcb2396f70b5,2025-12-26 21:51:51,2025-12-26,Sexta,6,21,loja_fisica,prd_9239eec8982d,HD Externo 2TB,Informática,Arno,BASICO,True,cus_eae005fd3470,Calebe Fogaça,TO,Norte,TOP_TIER,3,51.99,155.97,False
sal_8b038d379c43,2025-12-25 19:50:12,2025-12-25,Quinta,5,19,ecommerce,prd_2293732b7542,Cortina Blackout,Casa,Xiaomi,BASICO,True,cus_96658dc10aa5,Agatha Silveira,PA,Norte,TOP_TIER,2,68.90,137.80,False
sal_bcc5eca45d73,2025-12-17 15:09:46,2025-12-17,Quarta,4,15,loja_fisica,prd_4a5427b33a63,Mouse Pad Gamer,Informática,Sony,BASICO,True,cus_0343c0763f76,Vitor Gabriel Da Luz,RS,Sul,VIP,2,78.90,157.80,False
sal_52a97bbd43e8,2025-12-20 18:27:07,2025-12-20,Sábado,7,18,ecommerce,prd_dfac11815029,Microfone para Stream,Games,Apple,BASICO,True,cus_8ad3c8745efb,Eduardo Cunha,AC,Norte,TOP_TIER,1,179.55,179.55,False
sal_e644c4bff3de,2026-01-01 11:00:32,2026-01-01,Quinta,5,11,loja_fisica,prd_d500fa66507e,Shorts Jeans,Moda,Electrolux,BASICO,True,cus_d36c11b261a6,Cauã Rocha,MA,Nordeste,REGULAR,4,384.99,1539.96,False
sal_747de0f8d3aa,2025-12-14 09:54:14,2025-12-14,Domingo,1,9,ecommerce,prd_7798c88cc490,Kit Utensílios de Cozinha,Cozinha,Consul,BASICO,True,cus_b42a15933072,Heitor Rezende,PE,Nordeste,TOP_TIER,1,465.50,465.50,False
sal_1d2a70b819fb,2025-12-13 18:05:49,2025-12-13,Sábado,7,18,ecommerce,prd_47a25ae10c23,Soundbar TV,Áudio,Acer,BASICO,True,cus_c3944101594c,Murilo Da Mata,RR,Norte,VIP,1,88.99,88.99,False
sal_555861890c98,2026-01-06 08:27:31,2026-01-06,Terça,3,8,ecommerce,prd_205f309c1a21,Tapete Persa,Casa,Sony,BASICO,True,cus_d4db3db9eccb,Ana Julia Camargo,PB,Nordeste,TOP_TIER,1,33.24,33.24,False
sal_72ba939404cf,2026-01-04 16:50:18,2026-01-04,Domingo,1,16,ecommerce,prd_08611917c0ae,Relógio de Parede,Casa,Adidas,BASICO,True,cus_b0026583b709,Mariane Pacheco,MT,Centro-Oeste,VIP,1,100.69,100.69,False
sal_93e23bcc2beb,2025-12-21 13:51:43,2025-12-21,Domingo,1,13,ecommerce,prd_334f4a32f979,Persiana Vertical,Casa,Motorola,BASICO,True,cus_9d2dd4770a79,Luigi Camargo,GO,Centro-Oeste,TOP_TIER,1,404.50,404.50,False
sal_37f78cb93d81,2025-12-14 17:10:53,2025-12-14,Domingo,1,17,ecommerce,prd_0c5fb549e1c2,Edredom Casal,Casa,Dell,BASICO,True,cus_df9e0b31fa20,Yuri Albuquerque,SE,Nordeste,REGULAR,1,295.90,295.90,False
sal_db15fe45f1d4,2025-12-16 19:15:59,2025-12-16,Terça,3,19,ecommerce,prd_385035a5bc20,Notebook Inspiron 15,Eletrônicos,Adidas,BASICO,True,cus_a8f8e01eaee8,Elisa Martins,ES,Sudeste,REGULAR,1,219.90,219.90,False
sal_ca5b42877b53,2026-01-11 21:19:04,2026-01-11,Domingo,1,21,ecommerce,prd_c708b046fef8,Halteres Ajustáveis,Esporte,Mondial,BASICO,True,cus_644bf6820c61,Heloísa Andrade,PR,Sul,REGULAR,2,41.40,82.80,False
sal_b65425df1715,2025-12-14 23:50:40,2025-12-14,Domingo,1,23,ecommerce,prd_f1f39e56f84d,Bermuda Tactel,Moda,Motorola,BASICO,True,cus_96658dc10aa5,Agatha Silveira,PA,Norte,TOP_TIER,4,52.24,208.96,False
sal_983db7464c6e,2025-12-18 18:17:00,2025-12-18,Quinta,5,18,ecommerce,prd_7a89c1a36f9e,Mesa para Notebook,Informática,Puma,MEDIO,True,cus_0343c0763f76,Vitor Gabriel Da Luz,RS,Sul,VIP,1,493.52,493.52,False
sal_1fa9e29e58d7,2025-12-23 14:22:04,2025-12-23,Terça,3,14,ecommerce,prd_23664e42a71c,Jogo de Toalhas,Casa,Xiaomi,BASICO,True,cus_31874cf2d1e5,Nina Moura,SP,Sudeste,TOP_TIER,1,109.90,109.90,False
sal_617390674fa6,2025-12-31 08:09:07,2025-12-31,Quarta,4,8,ecommerce,prd_ebdebaf4cd37,Edredom Casal,Casa,Xiaomi,BASICO,True,cus_13af118ef4e8,Sarah Teixeira,AM,Norte,TOP_TIER,1,35.91,35.91,False
sal_39b7d1115a52,2026-01-02 08:56:25,2026-01-02,Sexta,6,8,loja_fisica,prd_4ee65ed59110,Frigideira Antiaderente,Cozinha,Philips,BASICO,True,cus_c8d383cfde0c,Maria Cecília Oliveira,AM,Norte,TOP_TIER,1,39.80,39.80,False
sal_e35bfd2fcbad,2025-12-21 08:45:27,2025-12-21,Domingo,1,8,ecommerce,prd_0c5fb549e1c2,Edredom Casal,Casa,Dell,BASICO,True,cus_4e62d52db97a,Josué Souza,RJ,Sudeste,VIP,2,325.49,650.98,False
sal_c2b82704e369,2025-12-17 16:20:35,2025-12-17,Quarta,4,16,ecommerce,prd_2293732b7542,Cortina Blackout,Casa,Xiaomi,BASICO,True,cus_71308b76151a,Amanda Sousa,MS,Centro-Oeste,TOP_TIER,1,68.90,68.90,False
sal_17eb9cf14d0e,2025-12-24 18:13:39,2025-12-24,Quarta,4,18,loja_fisica,prd_df1e44c528e0,Fone de Ouvido Esportivo,Áudio,O Boticário,BASICO,True,cus_f50da5532735,João Gabriel Porto,MG,Sudeste,TOP_TIER,1,192.99,192.99,False
sal_67346c529843,2026-01-10 13:06:28,2026-01-10,Sábado,7,13,ecommerce,prd_38c1b898aecc,Microfone para Stream,Games,Samsung,BASICO,True,cus_d4db3db9eccb,Ana Julia Camargo,PB,Nordeste,TOP_TIER,2,140.90,281.80,False
sal_336d30914146,2026-01-11 19:38:32,2026-01-11,Domingo,1,19,ecommerce,prd_f063f46a7ef8,Fone de Ouvido Esportivo,Áudio,Consul,PREMIUM,True,cus_d2762f5968fe,Aurora Pastor,SE,Nordeste,REGULAR,1,1357.54,1357.54,False
sal_b74c3a0055ea,2026-01-10 23:29:07,2026-01-10,Sábado,7,23,ecommerce,prd_a4025bac91a7,Óculos de Sol,Acessórios,Xiaomi,BASICO,True,cus_8fa04d3a5837,Rafael Porto,RS,Sul,TOP_TIER,2,47.61,95.22,False
sal_7a51fcba8be4,2025-12-19 21:27:07,2025-12-19,Sexta,6,21,ecommerce,prd_334f4a32f979,Persiana Vertical,Casa,Motorola,BASICO,True,cus_c3944101594c,Murilo Da Mata,RR,Norte,VIP,1,404.50,404.50,False
sal_9905cc8395b4,2025-12-13 12:13:59,2025-12-13,Sábado,7,12,loja_fisica,prd_d8ec0b81e223,Toca-discos USB,Áudio,O Boticário,BASICO,True,cus_cf84750c1fb4,Alana Teixeira,MA,Nordeste,TOP_TIER,2,316.11,632.22,False
sal_3a2a831187e0,2025-12-29 14:24:10,2025-12-29,Segunda,2,14,loja_fisica,prd_0c5fb549e1c2,Edredom Casal,Casa,Dell,BASICO,True,cus_c8d383cfde0c,Maria Cecília Oliveira,AM,Norte,TOP_TIER,2,295.90,591.80,False
sal_ef223447c7ab,2025-12-16 11:39:00,2025-12-16,Terça,3,11,ecommerce,prd_c62100cc281c,Webcam para Stream,Games,Samsung,BASICO,True,cus_f1eccf8e0d99,Luiz Miguel Câmara,GO,Centro-Oeste,REGULAR,1,46.45,46.45,False
sal_75f9fd6f388e,2025-12-20 22:51:42,2025-12-20,Sábado,7,22,ecommerce,prd_385035a5bc20,Notebook Inspiron 15,Eletrônicos,Adidas,BASICO,True,cus_884be6e0ce9a,Emanuel Vieira,PA,Norte,REGULAR,1,219.90,219.90,False
sal_ae3e338b0b56,2025-12-25 18:14:42,2025-12-25,Quinta,5,18,ecommerce,prd_1f81bf3405b1,Fonte PC 500W,Informática,O Boticário,BASICO,True,cus_8fa04d3a5837,Rafael Porto,RS,Sul,TOP_TIER,1,61.90,61.90,False
sal_78199a7a21ca,2026-01-05 08:22:36,2026-01-05,Segunda,2,8,ecommerce,prd_c62100cc281c,Webcam para Stream,Games,Samsung,BASICO,True,cus_b0026583b709,Mariane Pacheco,MT,Centro-Oeste,VIP,1,44.01,44.01,False
sal_e37906ca2577,2025-12-18 17:08:07,2025-12-18,Quinta,5,17,ecommerce,prd_82cd17cb589d,Persiana Vertical,Casa,Dell,BASICO,True,cus_fa3a88d1ccef,Benício Gomes,AL,Nordeste,VIP,1,38.16,38.16,False
sal_057ebed5090b,2025-12-15 21:13:26,2025-12-15,Segunda,2,21,ecommerce,prd_e55f1f3ae9ad,SSD 500GB,Eletrônicos,Arno,BASICO,True,cus_6ff11137142d,Vitor Gabriel Sá,TO,Norte,TOP_TIER,1,68.31,68.31,False
sal_78f4449aa60e,2025-12-22 09:44:04,2025-12-22,Segunda,2,9,ecommerce,prd_d22d1b8b1502,Camisa Social,Moda,Brastemp,PREMIUM,True,cus_d2762f5968fe,Aurora Pastor,SE,Nordeste,REGULAR,1,1149.90,1149.90,False
sal_f33a0918f519,2026-01-06 15:55:34,2026-01-06,Terça,3,15,ecommerce,prd_651e8d1acbf8,Processador de Alimentos,Cozinha,Brastemp,BASICO,True,cus_418af67b6b28,Miguel Ramos,TO,Norte,REGULAR,1,464.90,464.90,False
sal_8a825d22f3d5,2026-01-03 13:15:37,2026-01-03,Sábado,7,13,ecommerce,prd_045813f96891,Cardigan de Lã,Moda,LG,BASICO,True,cus_2b1b3e2a1515,Ana Sophia Pereira,MG,Sudeste,VIP,2,142.99,285.98,False
sal_008ca70b154e,2026-01-09 19:57:56,2026-01-09,Sexta,6,19,ecommerce,prd_30518d908a92,Cinto de Couro,Acessórios,Asus,BASICO,True,cus_0343c0763f76,Vitor Gabriel Da Luz,RS,Sul,VIP,1,80.99,80.99,False
sal_a80c3fc3c7e0,2025-12-20 18:10:11,2025-12-20,Sábado,7,18,ecommerce,prd_473cb7923d3d,Kit Gamer Completo,Games,Motorola,BASICO,True,cus_a9747473c5c6,Ana Lívia Aparecida,AL,Nordeste,REGULAR,1,93.42,93.42,False
sal_9cbe41409fd4,2025-12-28 14:33:51,2025-12-28,Domingo,1,14,ecommerce,prd_d500fa66507e,Shorts Jeans,Moda,Electrolux,BASICO,True,cus_508a15ccf0fa,Zoe Campos,MT,Centro-Oeste,TOP_TIER,3,384.99,1154.97,False
sal_773254c571cb,2025-12-26 22:38:45,2025-12-26,Sexta,6,22,ecommerce,prd_bf5d8671f7a9,Placa Mãe B450,Informática,Brastemp,BASICO,True,cus_cf84750c1fb4,Alana Teixeira,MA,Nordeste,TOP_TIER,2,119.90,239.80,False
sal_f53dde411554,2025-12-31 19:28:28,2025-12-31,Quarta,4,19,ecommerce,prd_d500fa66507e,Shorts Jeans,Moda,Electrolux,BASICO,True,cus_6ff11137142d,Vitor Gabriel Sá,TO,Norte,TOP_TIER,1,365.74,365.74,False
sal_fd357e48a265,2026-01-09 20:58:29,2026-01-09,Sexta,6,20,ecommerce,prd_1974423eecee,Suporte para Monitor,Informática,LG,BASICO,True,cus_644bf6820c61,Heloísa Andrade,PR,Sul,REGULAR,1,148.05,148.05,False
sal_f894707bf867,2026-01-02 09:33:09,2026-01-02,Sexta,6,9,ecommerce,prd_686e2aab873d,Blusa de Frio,Moda,Philips,BASICO,True,cus_911b23c97589,Heitor Nunes,MS,Centro-Oeste,REGULAR,1,89.50,89.50,False
sal_1dfddc72e223,2025-12-24 11:24:49,2025-12-24,Quarta,4,11,ecommerce,prd_f063f46a7ef8,Fone de Ouvido Esportivo,Áudio,Consul,PREMIUM,True,cus_639110db69ed,João Vitor Barros,AP,Norte,REGULAR,1,1428.99,1428.99,False
sal_55ed2c260af0,2026-01-06 15:08:55,2026-01-06,Terça,3,15,loja_fisica,prd_385035a5bc20,Notebook Inspiron 15,Eletrônicos,Adidas,BASICO,True,cus_96658dc10aa5,Agatha Silveira,PA,Norte,TOP_TIER,1,219.90,219.90,False
sal_f0aa9cde8a98,2025-12-24 17:57:45,2025-12-24,Quarta,4,17,loja_fisica,prd_5744e3f88341,Jarra de Vidro,Cozinha,Apple,BASICO,True,cus_25d1cb23f872,Melissa Pastor,AC,Norte,VIP,1,192.90,192.90,False
sal_a8ba3c27195a,2025-12-28 20:14:26,2025-12-28,Domingo,1,20,ecommerce,prd_30518d908a92,Cinto de Couro,Acessórios,Asus,BASICO,True,cus_508a15ccf0fa,Zoe Campos,MT,Centro-Oeste,TOP_TIER,1,80.99,80.99,False
sal_7bb7d579cc3d,2026-01-08 01:27:28,2026-01-08,Quinta,5,1,ecommerce,prd_c1f6dcbed826,Descascador de Legumes,Cozinha,Adidas,BASICO,True,cus_c8d383cfde0c,Maria Cecília Oliveira,AM,Norte,TOP_TIER,1,173.61,173.61,False
sal_bb22c60d4e5f,2025-12-14 11:17:33,2025-12-14,Domingo,1,11,ecommerce,prd_f79cf82f8ee0,Caixa de Som JBL,Eletrônicos,Mondial,BASICO,True,cus_d2762f5968fe,Aurora Pastor,SE,Nordeste,REGULAR,1,219.90,219.90,False
sal_731b96f30dc1,2026-01-05 15:59:09,2026-01-05,Segunda,2,15,ecommerce,prd_82cd17cb589d,Persiana Vertical,Casa,Dell,BASICO,True,cus_4209c24e0be2,Maya Castro,TO,Norte,REGULAR,1,38.16,38.16,False
sal_180030c71ac5,2025-12-25 14:40:41,2025-12-25,Quinta,5,14,ecommerce,prd_6212ac3178f2,Óculos de Natação,Esporte,Samsung,BASICO,True,cus_79d52b75f259,Elisa Freitas,CE,Nordeste,TOP_TIER,2,130.41,260.82,False
sal_949ab85087f9,2026-01-09 16:42:16,2026-01-09,Sexta,6,16,ecommerce,prd_e66747c9b59e,Cesto de Vime,Casa,Brastemp,BASICO,True,cus_fa3a88d1ccef,Benício Gomes,AL,Nordeste,VIP,2,164.90,329.80,False
sal_81b94777732c,2026-01-07 14:36:09,2026-01-07,Quarta,4,14,ecommerce,prd_4a5427b33a63,Mouse Pad Gamer,Informática,Sony,BASICO,True,cus_71308b76151a,Amanda Sousa,MS,Centro-Oeste,TOP_TIER,2,78.90,157.80,False
sal_e6150c80ebb1,2025-12-15 17:23:18,2025-12-15,Segunda,2,17,ecommerce,prd_5a6fd66e1c00,Vestido Casual,Moda,Philips,BASICO,True,cus_1a38731e1fbe,Otávio Fernandes,ES,Sudeste,TOP_TIER,5,101.61,508.05,False
sal_096f316b8fcb,2025-12-26 11:39:23,2025-12-26,Sexta,6,11,ecommerce,prd_b7490508211e,Vestido Floral,Moda,Apple,BASICO,True,cus_8fa04d3a5837,Rafael Porto,RS,Sul,TOP_TIER,1,187.00,187.00,False
sal_dc829a8d7c82,2025-12-29 09:29:14,2025-12-29,Segunda,2,9,loja_fisica,prd_334f4a32f979,Persiana Vertical,Casa,Motorola,BASICO,True,cus_a01814ad9247,Ana Beatriz Alves,SP,Sudeste,TOP_TIER,1,343.82,343.82,False
sal_d2be281c4d0f,2025-12-31 12:35:54,2025-12-31,Quarta,4,12,loja_fisica,prd_3805ad8d3d2c,Adaptador HDMI-VGA,Informática,Apple,BASICO,True,cus_71308b76151a,Amanda Sousa,MS,Centro-Oeste,TOP_TIER,1,148.90,148.90,False
sal_d614fa05585e,2026-01-03 10:13:37,2026-01-03,Sábado,7,10,ecommerce,prd_30518d908a92,Cinto de Couro,Acessórios,Asus,BASICO,True,cus_c9cd13d1ae9f,Yasmin Siqueira,PA,Norte,VIP,1,80.99,80.99,False
sal_c781516371e7,2025-12-18 19:48:02,2025-12-18,Quinta,5,19,ecommerce,prd_0347eab01a6c,Memória RAM 8GB,Informática,Mondial,MEDIO,True,cus_13af118ef4e8,Sarah Teixeira,AM,Norte,TOP_TIER,1,532.10,532.10,False
sal_e136653e38f1,2025-12-17 08:42:36,2025-12-17,Quarta,4,8,loja_fisica,prd_205f309c1a21,Tapete Persa,Casa,Sony,BASICO,True,cus_884be6e0ce9a,Emanuel Vieira,PA,Norte,REGULAR,1,34.99,34.99,False
sal_7cadc7b4b78b,2025-12-16 17:19:36,2025-12-16,Terça,3,17,loja_fisica,prd_f8e027f417be,Placa Mãe B450,Informática,O Boticário,BASICO,True,cus_c8d383cfde0c,Maria Cecília Oliveira,AM,Norte,TOP_TIER,2,171.85,343.70,False
sal_b5467740747b,2025-12-29 13:40:38,2025-12-29,Segunda,2,13,ecommerce,prd_18c839427e8c,Gabinete ATX,Informática,Samsung,MEDIO,True,cus_d2762f5968fe,Aurora Pastor,SE,Nordeste,REGULAR,1,798.90,798.90,False
sal_0e0c38a002b3,2026-01-10 16:49:10,2026-01-10,Sábado,7,16,ecommerce,prd_686e2aab873d,Blusa de Frio,Moda,Philips,BASICO,True,cus_ec8d75866856,Luan Vargas,RS,Sul,TOP_TIER,1,89.50,89.50,False
sal_dfa1be54835f,2026-01-09 21:12:05,2026-01-09,Sexta,6,21,ecommerce,prd_9a3dfc23b7a3,Relógio Analógico,Acessórios,Mondial,BASICO,True,cus_7262f4e5ce9f,Sophia Monteiro,SP,Sudeste,TOP_TIER,1,100.22,100.22,False
sal_f31cd2ef78cd,2025-12-19 19:54:12,2025-12-19,Sexta,6,19,loja_fisica,prd_d92ad43fa137,Smart TV 43 Polegadas,Eletrônicos,Philips,BASICO,True,cus_8fa04d3a5837,Rafael Porto,RS,Sul,TOP_TIER,1,60.21,60.21,False
sal_7b4a7fbe5ff7,2025-12-14 17:29:31,2025-12-14,Domingo,1,17,loja_fisica,prd_2293732b7542,Cortina Blackout,Casa,Xiaomi,BASICO,True,cus_36595eecf105,Bruno Novaes,PA,Norte,REGULAR,2,62.01,124.02,False
sal_ff7151571ed0,2026-01-01 08:05:23,2026-01-01,Quinta,5,8,loja_fisica,prd_645f7859f379,Calça Jeans Skinny,Moda,Asus,BASICO,True,cus_0343c0763f76,Vitor Gabriel Da Luz,RS,Sul,VIP,1,486.90,486.90,False
sal_367a1f7ec9a4,2025-12-22 14:30:14,2025-12-22,Segunda,2,14,ecommerce,prd_5437b387f602,Webcam 1080p,Informática,LG,BASICO,True,cus_a01814ad9247,Ana Beatriz Alves,SP,Sudeste,TOP_TIER,1,205.11,205.11,False
sal_c9ee8f5d656e,2025-12-18 13:20:38,2025-12-18,Quinta,5,13,loja_fisica,prd_5112469132ff,Placa Mãe B450,Informática,Dell,BASICO,True,cus_c3944101594c,Murilo Da Mata,RR,Norte,VIP,1,413.50,413.50,False
sal_8f28b17281cc,2025-12-31 14:03:29,2025-12-31,Quarta,4,14,ecommerce,prd_9d7b9035daa0,Forma de Bolo Redonda,Cozinha,O Boticário,BASICO,True,cus_f50da5532735,João Gabriel Porto,MG,Sudeste,TOP_TIER,1,191.90,191.90,False
sal_766b4e5e9a36,2026-01-06 12:05:05,2026-01-06,Terça,3,12,ecommerce,prd_ae7b2acb6812,Cinto de Couro,Acessórios,Samsung,PREMIUM,True,cus_cf84750c1fb4,Alana Teixeira,MA,Nordeste,TOP_TIER,1,1108.90,1108.90,False
sal_4b35e20a01db,2026-01-09 14:43:53,2026-01-09,Sexta,6,14,ecommerce,prd_f6a0a3346af9,Carteira de Couro,Acessórios,LG,BASICO,True,cus_4209c24e0be2,Maya Castro,TO,Norte,REGULAR,1,273.90,273.90,False
sal_1f06fb55fc51,2025-12-22 22:12:17,2025-12-22,Segunda,2,22,ecommerce,prd_4ee65ed59110,Frigideira Antiaderente,Cozinha,Philips,BASICO,True,cus_f64907d41a69,Henrique Da Conceição,DF,Centro-Oeste,VIP,2,41.90,83.80,False
sal_716c6f162ae9,2026-01-01 10:59:53,2026-01-01,Quinta,5,10,ecommerce,prd_ff56c9132964,Regata Básica,Moda,Xiaomi,BASICO,True,cus_9d2dd4770a79,Luigi Camargo,GO,Centro-Oeste,TOP_TIER,1,213.99,213.99,False
sal_9ab9311eed9c,2026-01-04 19:04:23,2026-01-04,Domingo,1,19,ecommerce,prd_9259039bf9b2,Tábua de Corte,Cozinha,Sony,BASICO,True,cus_1a38731e1fbe,Otávio Fernandes,ES,Sudeste,TOP_TIER,1,240.99,240.99,False
sal_549e9aa11370,2026-01-02 10:04:12,2026-01-02,Sexta,6,10,ecommerce,prd_5a6fd66e1c00,Vestido Casual,Moda,Philips,BASICO,True,cus_ec8d75866856,Luan Vargas,RS,Sul,TOP_TIER,3,112.90,338.70,False
sal_d578c9bdf141,2026-01-04 01:27:49,2026-01-04,Domingo,1,1,ecommerce,prd_b7490508211e,Vestido Floral,Moda,Apple,BASICO,True,cus_f1a06ae11717,Gustavo Henrique Rios,AM,Norte,TOP_TIER,1,220.00,220.00,False
sal_ad642282f03e,2026-01-09 00:36:02,2026-01-09,Sexta,6,0,loja_fisica,prd_645f7859f379,Calça Jeans Skinny,Moda,Asus,BASICO,True,cus_66677d443e5e,Cecília Da Luz,AC,Norte,TOP_TIER,1,486.90,486.90,False
sal_31391704ed78,2026-01-01 08:33:36,2026-01-01,Quinta,5,8,ecommerce,prd_a4ee2d52d1c5,Suporte para Controle,Games,Arno,BASICO,True,cus_6ff11137142d,Vitor Gabriel Sá,TO,Norte,TOP_TIER,1,213.90,213.90,False
sal_f401487ab0e3,2025-12-31 09:24:34,2025-12-31,Quarta,4,9,ecommerce,prd_2cbafff50c72,Sabonete Facial,Beleza,Nike,BASICO,True,cus_0343c0763f76,Vitor Gabriel Da Luz,RS,Sul,VIP,1,100.90,100.90,False
sal_f9b9682ba798,2025-12-31 11:22:45,2025-12-31,Quarta,4,11,loja_fisica,prd_c62100cc281c,Webcam para Stream,Games,Samsung,BASICO,True,cus_71308b76151a,Amanda Sousa,MS,Centro-Oeste,TOP_TIER,1,44.01,44.01,False
sal_cfe9ab3a14f2,2025-12-29 08:35:30,2025-12-29,Segunda,2,8,ecommerce,prd_f1f39e56f84d,Bermuda Tactel,Moda,Motorola,BASICO,True,cus_639110db69ed,João Vitor Barros,AP,Norte,REGULAR,2,54.99,109.98,False
sal_bd763535f083,2026-01-04 15:56:40,2026-01-04,Domingo,1,15,ecommerce,prd_89d76b194110,Travesseiro Ortopédico,Casa,Sony,BASICO,True,cus_b0026583b709,Mariane Pacheco,MT,Centro-Oeste,VIP,4,179.99,719.96,False
sal_07b7b545f333,2026-01-04 16:52:14,2026-01-04,Domingo,1,16,loja_fisica,prd_bf5d8671f7a9,Placa Mãe B450,Informática,Brastemp,BASICO,True,cus_b0026583b709,Mariane Pacheco,MT,Centro-Oeste,VIP,3,119.90,359.70,False
sal_cc184aa8f4ae,2025-12-20 20:15:32,2025-12-20,Sábado,7,20,ecommerce,prd_9a3dfc23b7a3,Relógio Analógico,Acessórios,Mondial,BASICO,True,cus_d2762f5968fe,Aurora Pastor,SE,Nordeste,REGULAR,2,105.50,211.00,False
sal_50a064a192ce,2025-12-28 09:46:45,2025-12-28,Domingo,1,9,loja_fisica,prd_18c839427e8c,Gabinete ATX,Informática,Samsung,MEDIO,True,cus_25c656241a9a,Amanda Novais,GO,Centro-Oeste,TOP_TIER,1,798.90,798.90,False
sal_e41aedf7de8c,2026-01-05 22:46:34,2026-01-05,Segunda,2,22,loja_fisica,prd_f063f46a7ef8,Fone de Ouvido Esportivo,Áudio,Consul,PREMIUM,True,cus_f64907d41a69,Henrique Da Conceição,DF,Centro-Oeste,VIP,1,1357.54,1357.54,False
sal_340e87a10daa,2025-12-16 21:38:01,2025-12-16,Terça,3,21,ecommerce,prd_08611917c0ae,Relógio de Parede,Casa,Adidas,BASICO,True,cus_c9cd13d1ae9f,Yasmin Siqueira,PA,Norte,VIP,1,105.99,105.99,False
sal_8ece19b55771,2025-12-18 15:33:42,2025-12-18,Quinta,5,15,loja_fisica,prd_295160cbf171,Controle Xbox,Games,Apple,BASICO,True,cus_884be6e0ce9a,Emanuel Vieira,PA,Norte,REGULAR,1,264.26,264.26,False
sal_045158c1f204,2025-12-16 17:18:41,2025-12-16,Terça,3,17,ecommerce,prd_1e4ccab8af1a,Máscara Facial,Beleza,Apple,BASICO,True,cus_b0026583b709,Mariane Pacheco,MT,Centro-Oeste,VIP,2,111.90,223.80,False
sal_2767c5690828,2025-12-28 18:49:37,2025-12-28,Domingo,1,18,loja_fisica,prd_38c1b898aecc,Microfone para Stream,Games,Samsung,BASICO,True,cus_b0026583b709,Mariane Pacheco,MT,Centro-Oeste,VIP,1,133.85,133.85,False
sal_b293c84be00d,2025-12-25 17:54:23,2025-12-25,Quinta,5,17,loja_fisica,prd_645f7859f379,Calça Jeans Skinny,Moda,Asus,BASICO,True,cus_6ff11137142d,Vitor Gabriel Sá,TO,Norte,TOP_TIER,1,486.90,486.90,False
sal_18d6145eb24c,2026-01-01 15:04:34,2026-01-01,Quinta,5,15,ecommerce,prd_645f7859f379,Calça Jeans Skinny,Moda,Asus,BASICO,True,cus_639110db69ed,João Vitor Barros,AP,Norte,REGULAR,2,413.86,827.72,False
sal_e3920d13e699,2026-01-09 16:58:35,2026-01-09,Sexta,6,16,ecommerce,prd_c50822dc2e7c,Teclado Mecânico RGB,Eletrônicos,Philips,BASICO,True,cus_a9747473c5c6,Ana Lívia Aparecida,AL,Nordeste,REGULAR,1,223.99,223.99,False
sal_1ddb3993c8a2,2025-12-20 10:01:58,2025-12-20,Sábado,7,10,ecommerce,prd_08fc82e8b75d,Persiana Vertical,Casa,Acer,BASICO,True,cus_66677d443e5e,Cecília Da Luz,AC,Norte,TOP_TIER,1,117.22,117.22,False
sal_4baf3013a57f,2025-12-23 17:18:07,2025-12-23,Terça,3,17,ecommerce,prd_d22d1b8b1502,Camisa Social,Moda,Brastemp,PREMIUM,True,cus_96658dc10aa5,Agatha Silveira,PA,Norte,TOP_TIER,1,1149.90,1149.90,False
sal_77d907320ebd,2026-01-05 18:14:22,2026-01-05,Segunda,2,18,loja_fisica,prd_205f309c1a21,Tapete Persa,Casa,Sony,BASICO,True,cus_b42a15933072,Heitor Rezende,PE,Nordeste,TOP_TIER,2,34.99,69.98,False
sal_fbb61c168943,2025-12-22 09:42:36,2025-12-22,Segunda,2,9,ecommerce,prd_ae7b2acb6812,Cinto de Couro,Acessórios,Samsung,PREMIUM,True,cus_911b23c97589,Heitor Nunes,MS,Centro-Oeste,REGULAR,1,1108.90,1108.90,False
sal_17cae2eb11d5,2025-12-14 19:48:46,2025-12-14,Domingo,1,19,ecommerce,prd_afd58e5fd09d,Condicionador Hidratante,Beleza,Asus,BASICO,True,cus_79d52b75f259,Elisa Freitas,CE,Nordeste,TOP_TIER,2,429.30,858.60,False
sal_60e4ec183e51,2026-01-10 10:43:33,2026-01-10,Sábado,7,10,ecommerce,prd_686e2aab873d,Blusa de Frio,Moda,Philips,BASICO,True,cus_a8f8e01eaee8,Elisa Martins,ES,Sudeste,REGULAR,1,89.50,89.50,False
sal_ff88dc3b9d79,2026-01-10 10:31:13,2026-01-10,Sábado,7,10,loja_fisica,prd_6d4e3b1efd0c,Necessaire,Acessórios,Xiaomi,PREMIUM,True,cus_79d52b75f259,Elisa Freitas,CE,Nordeste,TOP_TIER,1,1025.99,1025.99,False
sal_2f2859860122,2026-01-01 12:43:52,2026-01-01,Quinta,5,12,ecommerce,prd_fce914504522,Headset Gamer 7.1,Games,Brastemp,BASICO,True,cus_d36c11b261a6,Cauã Rocha,MA,Nordeste,REGULAR,3,74.99,224.97,False
sal_f9e9984e2a42,2026-01-08 09:30:08,2026-01-08,Quinta,5,9,ecommerce,prd_f063f46a7ef8,Fone de Ouvido Esportivo,Áudio,Consul,PREMIUM,True,cus_a9747473c5c6,Ana Lívia Aparecida,AL,Nordeste,REGULAR,2,1428.99,2857.98,False
sal_c07c15d320f3,2025-12-20 08:24:59,2025-12-20,Sábado,7,8,ecommerce,prd_6d4e3b1efd0c,Necessaire,Acessórios,Xiaomi,PREMIUM,True,cus_ec8d75866856,Luan Vargas,RS,Sul,TOP_TIER,1,968.99,968.99,False
sal_7a0026e7e0c6,2025-12-15 22:46:33,2025-12-15,Segunda,2,22,loja_fisica,prd_385035a5bc20,Notebook Inspiron 15,Eletrônicos,Adidas,BASICO,True,cus_644bf6820c61,Heloísa Andrade,PR,Sul,REGULAR,5,219.90,1099.50,False
sal_c6ec29a8afa4,2026-01-09 09:10:26,2026-01-09,Sexta,6,9,ecommerce,prd_2befc441dd56,Bicicleta Ergométrica,Esporte,Motorola,BASICO,True,cus_d2762f5968fe,Aurora Pastor,SE,Nordeste,REGULAR,2,228.99,457.98,False
sal_efb6925d1f71,2025-12-18 19:30:37,2025-12-18,Quinta,5,19,ecommerce,prd_11bf1703f8e9,Caixa de Som Portátil,Áudio,O Boticário,BASICO,True,cus_2b1b3e2a1515,Ana Sophia Pereira,MG,Sudeste,VIP,3,48.00,144.00,False
sal_e76fbeb3f6a0,2025-12-13 09:32:29,2025-12-13,Sábado,7,9,ecommerce,prd_9b6e92e0766c,Casaco de Inverno,Moda,Arno,BASICO,True,cus_a9747473c5c6,Ana Lívia Aparecida,AL,Nordeste,REGULAR,1,35.90,35.90,False
sal_a4e8ab3cf3b1,2025-12-22 10:10:59,2025-12-22,Segunda,2,10,ecommerce,prd_38c1b898aecc,Microfone para Stream,Games,Samsung,BASICO,True,cus_0ff4cceccc6f,João Aparecida,CE,Nordeste,TOP_TIER,1,140.90,140.90,False
sal_599ccc68154e,2026-01-09 20:42:33,2026-01-09,Sexta,6,20,ecommerce,prd_996db03524ae,Elástico de Resistência,Esporte,Sony,BASICO,True,cus_f50da5532735,João Gabriel Porto,MG,Sudeste,TOP_TIER,1,123.90,123.90,False
sal_02824b547d60,2025-12-17 17:30:08,2025-12-17,Quarta,4,17,ecommerce,prd_84c0492c5dd9,Óculos de Natação,Esporte,Samsung,BASICO,True,cus_25c656241a9a,Amanda Novais,GO,Centro-Oeste,TOP_TIER,1,132.00,132.00,False
sal_42a7c142aefd,2025-12-21 22:36:47,2025-12-21,Domingo,1,22,ecommerce,prd_ff35b88df534,SSD 500GB,Eletrônicos,Acer,BASICO,True,cus_71308b76151a,Amanda Sousa,MS,Centro-Oeste,TOP_TIER,2,233.09,466.18,False
sal_9eda76396345,2026-01-04 11:03:03,2026-01-04,Domingo,1,11,ecommerce,prd_38c1b898aecc,Microfone para Stream,Games,Samsung,BASICO,True,cus_1a38731e1fbe,Otávio Fernandes,ES,Sudeste,TOP_TIER,1,140.90,140.90,False
sal_d4307efd6cfd,2026-01-03 23:05:23,2026-01-03,Sábado,7,23,ecommerce,prd_bf5d8671f7a9,Placa Mãe B450,Informática,Brastemp,BASICO,True,cus_911b23c97589,Heitor Nunes,MS,Centro-Oeste,REGULAR,1,119.90,119.90,False
sal_9797db0aa253,2025-12-26 15:10:00,2025-12-26,Sexta,6,15,ecommerce,prd_30518d908a92,Cinto de Couro,Acessórios,Asus,BASICO,True,cus_96658dc10aa5,Agatha Silveira,PA,Norte,TOP_TIER,1,80.99,80.99,False
sal_f6f91283b8f6,2026-01-11 17:59:47,2026-01-11,Domingo,1,17,ecommerce,prd_d500fa66507e,Shorts Jeans,Moda,Electrolux,BASICO,True,cus_884be6e0ce9a,Emanuel Vieira,PA,Norte,REGULAR,1,384.99,384.99,False
sal_555595819e23,2026-01-10 16:58:52,2026-01-10,Sábado,7,16,loja_fisica,prd_7798c88cc490,Kit Utensílios de Cozinha,Cozinha,Consul,BASICO,True,cus_25c656241a9a,Amanda Novais,GO,Centro-Oeste,TOP_TIER,1,442.22,442.22,False
sal_e9b559d1d8cf,2026-01-09 09:21:44,2026-01-09,Sexta,6,9,ecommerce,prd_38c1b898aecc,Microfone para Stream,Games,Samsung,BASICO,True,cus_4209c24e0be2,Maya Castro,TO,Norte,REGULAR,3,126.81,380.43,False
sal_e670c0d1e4c6,2025-12-16 20:46:15,2025-12-16,Terça,3,20,ecommerce,prd_93ed035b2e9e,Peneira Inox,Cozinha,Arno,BASICO,True,cus_418af67b6b28,Miguel Ramos,TO,Norte,REGULAR,1,116.99,116.99,False
sal_4fe087a068d0,2025-12-14 15:21:00,2025-12-14,Domingo,1,15,loja_fisica,prd_8b22fd85d500,Garrafa Térmica 1L,Cozinha,Sony,BASICO,True,cus_b0026583b709,Mariane Pacheco,MT,Centro-Oeste,VIP,1,324.99,324.99,False
sal_0ff4807ffa61,2025-12-24 14:02:38,2025-12-24,Quarta,4,14,ecommerce,prd_045813f96891,Cardigan de Lã,Moda,LG,BASICO,True,cus_639110db69ed,João Vitor Barros,AP,Norte,REGULAR,1,142.99,142.99,False
sal_6463c9705d91,2026-01-08 21:46:51,2026-01-08,Quinta,5,21,ecommerce,prd_334f4a32f979,Persiana Vertical,Casa,Motorola,BASICO,True,cus_96658dc10aa5,Agatha Silveira,PA,Norte,TOP_TIER,4,384.27,1537.08,False
sal_0099ac0cc82c,2026-01-08 20:19:06,2026-01-08,Quinta,5,20,ecommerce,prd_4ee65ed59110,Frigideira Antiaderente,Cozinha,Philips,BASICO,True,cus_36595eecf105,Bruno Novaes,PA,Norte,REGULAR,2,39.80,79.60,False
sal_c2b22cd76ac1,2025-12-15 09:07:02,2025-12-15,Segunda,2,9,ecommerce,prd_51511e44c92a,Kit Gamer Completo,Games,Mondial,BASICO,True,cus_71308b76151a,Amanda Sousa,MS,Centro-Oeste,TOP_TIER,3,88.90,266.70,False
sal_23975eadf657,2025-12-28 11:50:48,2025-12-28,Domingo,1,11,loja_fisica,prd_84fc6c2a33f2,Abre-latas,Cozinha,Sony,BASICO,True,cus_8fa04d3a5837,Rafael Porto,RS,Sul,TOP_TIER,1,393.90,393.90,False
sal_c069b041d317,2025-12-27 13:03:32,2025-12-27,Sábado,7,13,ecommerce,prd_dfac11815029,Microfone para Stream,Games,Apple,BASICO,True,cus_7262f4e5ce9f,Sophia Monteiro,SP,Sudeste,TOP_TIER,1,189.00,189.00,False
sal_5e3d2df91197,2026-01-04 15:57:28,2026-01-04,Domingo,1,15,ecommerce,prd_92c0ecf60a58,Jogo de Toalhas,Casa,Brastemp,BASICO,True,cus_6ff11137142d,Vitor Gabriel Sá,TO,Norte,TOP_TIER,1,180.90,180.90,False
sal_598a8625d0b5,2025-12-27 22:14:36,2025-12-27,Sábado,7,22,loja_fisica,prd_d92ad43fa137,Smart TV 43 Polegadas,Eletrônicos,Philips,BASICO,True,cus_c8d383cfde0c,Maria Cecília Oliveira,AM,Norte,TOP_TIER,1,63.55,63.55,False
sal_4f3d42af1557,2026-01-01 09:39:18,2026-01-01,Quinta,5,9,loja_fisica,prd_31b74a170d35,Saia Midi,Moda,Consul,BASICO,True,cus_a8f8e01eaee8,Elisa Martins,ES,Sudeste,REGULAR,1,69.25,69.25,False
sal_8fad7ef4e13a,2026-01-02 09:42:51,2026-01-02,Sexta,6,9,ecommerce,prd_ff35b88df534,SSD 500GB,Eletrônicos,Acer,BASICO,True,cus_25c656241a9a,Amanda Novais,GO,Centro-Oeste,TOP_TIER,1,180.12,180.12,False
sal_f0a1e9b710d8,2026-01-09 11:50:58,2026-01-09,Sexta,6,11,ecommerce,prd_d500fa66507e,Shorts Jeans,Moda,Electrolux,BASICO,True,cus_b42a15933072,Heitor Rezende,PE,Nordeste,TOP_TIER,1,365.74,365.74,False
sal_321ccaab07de,2025-12-19 10:24:46,2025-12-19,Sexta,6,10,ecommerce,prd_0347eab01a6c,Memória RAM 8GB,Informática,Mondial,MEDIO,True,cus_4e62d52db97a,Josué Souza,RJ,Sudeste,VIP,1,626.00,626.00,False
sal_66c5f5f25884,2025-12-28 10:36:50,2025-12-28,Domingo,1,10,ecommerce,prd_a4025bac91a7,Óculos de Sol,Acessórios,Xiaomi,BASICO,True,cus_eae005fd3470,Calebe Fogaça,TO,Norte,TOP_TIER,1,52.90,52.90,False
sal_a075816acebb,2026-01-01 12:42:06,2026-01-01,Quinta,5,12,loja_fisica,prd_b7490508211e,Vestido Floral,Moda,Apple,BASICO,True,cus_13af118ef4e8,Sarah Teixeira,AM,Norte,TOP_TIER,1,220.00,220.00,False
sal_f212f3477656,2025-12-16 09:01:02,2025-12-16,Terça,3,9,ecommerce,prd_84c0492c5dd9,Óculos de Natação,Esporte,Samsung,BASICO,True,cus_418af67b6b28,Miguel Ramos,TO,Norte,REGULAR,1,145.20,145.20,False
sal_f5003f38fe87,2025-12-27 22:10:50,2025-12-27,Sábado,7,22,ecommerce,prd_afd58e5fd09d,Condicionador Hidratante,Beleza,Asus,BASICO,True,cus_78ab1cf16e12,Beatriz Garcia,SE,Nordeste,TOP_TIER,1,406.71,406.71,False
sal_cb10cc6fee2d,2025-12-23 14:41:57,2025-12-23,Terça,3,14,loja_fisica,prd_645f7859f379,Calça Jeans Skinny,Moda,Asus,BASICO,True,cus_b42a15933072,Heitor Rezende,PE,Nordeste,TOP_TIER,1,486.90,486.90,False
sal_3393d15076c8,2026-01-09 21:01:05,2026-01-09,Sexta,6,21,loja_fisica,prd_d500fa66507e,Shorts Jeans,Moda,Electrolux,BASICO,True,cus_0343c0763f76,Vitor Gabriel Da Luz,RS,Sul,VIP,1,384.99,384.99,False
sal_502fc4f04bbb,2026-01-08 16:16:43,2026-01-08,Quinta,5,16,ecommerce,prd_694bd92302c1,Gabinete ATX,Informática,Mondial,BASICO,True,cus_31874cf2d1e5,Nina Moura,SP,Sudeste,TOP_TIER,1,92.90,92.90,False
sal_1f87f7add704,2025-12-31 20:23:58,2025-12-31,Quarta,4,20,ecommerce,prd_0c5fb549e1c2,Edredom Casal,Casa,Dell,BASICO,True,cus_4209c24e0be2,Maya Castro,TO,Norte,REGULAR,1,281.10,281.10,False
sal_b6121d57caff,2026-01-01 01:20:54,2026-01-01,Quinta,5,1,ecommerce,prd_045813f96891,Cardigan de Lã,Moda,LG,BASICO,True,cus_ec8d75866856,Luan Vargas,RS,Sul,TOP_TIER,2,128.69,257.38,False
sal_8fbfab9b349c,2026-01-07 17:47:04,2026-01-07,Quarta,4,17,ecommerce,prd_3053916502fb,Cabo USB-C,Eletrônicos,Electrolux,BASICO,True,cus_1a38731e1fbe,Otávio Fernandes,ES,Sudeste,TOP_TIER,2,426.07,852.14,False
sal_42a2edb9a5c9,2025-12-26 15:45:08,2025-12-26,Sexta,6,15,ecommerce,prd_6742b65088d8,Porta-temperos,Cozinha,Adidas,BASICO,True,cus_cf84750c1fb4,Alana Teixeira,MA,Nordeste,TOP_TIER,1,46.19,46.19,False
sal_54779402965b,2026-01-07 15:04:57,2026-01-07,Quarta,4,15,loja_fisica,prd_9a3dfc23b7a3,Relógio Analógico,Acessórios,Mondial,BASICO,True,cus_13af118ef4e8,Sarah Teixeira,AM,Norte,TOP_TIER,1,89.67,89.67,False
sal_e5c4147c24bc,2026-01-03 17:45:43,2026-01-03,Sábado,7,17,ecommerce,prd_92c0ecf60a58,Jogo de Toalhas,Casa,Brastemp,BASICO,True,cus_36595eecf105,Bruno Novaes,PA,Norte,REGULAR,1,180.90,180.90,False
sal_70b45c78e5d7,2025-12-19 17:57:43,2025-12-19,Sexta,6,17,ecommerce,prd_9239eec8982d,HD Externo 2TB,Informática,Arno,BASICO,True,cus_c3944101594c,Murilo Da Mata,RR,Norte,VIP,1,51.99,51.99,False
sal_5f75349f9ffc,2025-12-21 19:05:07,2025-12-21,Domingo,1,19,ecommerce,prd_9239eec8982d,HD Externo 2TB,Informática,Arno,BASICO,True,cus_c9cd13d1ae9f,Yasmin Siqueira,PA,Norte,VIP,1,44.19,44.19,False
sal_834190fbec4f,2025-12-24 20:51:22,2025-12-24,Quarta,4,20,ecommerce,prd_23664e42a71c,Jogo de Toalhas,Casa,Xiaomi,BASICO,True,cus_79d52b75f259,Elisa Freitas,CE,Nordeste,TOP_TIER,1,93.42,93.42,False
sal_3876f1df9eec,2025-12-20 23:25:24,2025-12-20,Sábado,7,23,ecommerce,prd_645f7859f379,Calça Jeans Skinny,Moda,Asus,BASICO,True,cus_25d1cb23f872,Melissa Pastor,AC,Norte,VIP,2,438.21,876.42,False
sal_ec2fe966755e,2025-12-15 18:24:26,2025-12-15,Segunda,2,18,ecommerce,prd_ebb0865fc95d,Fone Gamer RGB,Áudio,Arno,BASICO,True,cus_4209c24e0be2,Maya Castro,TO,Norte,REGULAR,1,175.99,175.99,False
sal_62d8fb82067e,2025-12-22 16:27:33,2025-12-22,Segunda,2,16,ecommerce,prd_045813f96891,Cardigan de Lã,Moda,LG,BASICO,True,cus_36595eecf105,Bruno Novaes,PA,Norte,REGULAR,2,135.84,271.68,False
sal_6ffce50f9161,2026-01-04 17:52:09,2026-01-04,Domingo,1,17,loja_fisica,prd_2293732b7542,Cortina Blackout,Casa,Xiaomi,BASICO,True,cus_639110db69ed,João Vitor Barros,AP,Norte,REGULAR,1,68.90,68.90,False
sal_1a432472e039,2025-12-13 15:57:32,2025-12-13,Sábado,7,15,ecommerce,prd_ff35b88df534,SSD 500GB,Eletrônicos,Acer,BASICO,True,cus_79d52b75f259,Elisa Freitas,CE,Nordeste,TOP_TIER,1,201.31,201.31,False
sal_47db161b9845,2025-12-15 08:50:32,2025-12-15,Segunda,2,8,ecommerce,prd_c62100cc281c,Webcam para Stream,Games,Samsung,BASICO,True,cus_a2e18141f826,Ísis Leão,CE,Nordeste,REGULAR,1,41.56,41.56,False
sal_41c75f5beaf8,2026-01-10 12:19:19,2026-01-10,Sábado,7,12,ecommerce,prd_07ff67746d02,Faqueiro Inox 12 Peças,Cozinha,Mondial,BASICO,True,cus_7262f4e5ce9f,Sophia Monteiro,SP,Sudeste,TOP_TIER,1,285.29,285.29,False
sal_92b04f31cb82,2025-12-19 18:55:16,2025-12-19,Sexta,6,18,loja_fisica,prd_206eacaa3048,Joystick Arcade,Games,Asus,BASICO,True,cus_644bf6820c61,Heloísa Andrade,PR,Sul,REGULAR,1,99.44,99.44,False
sal_3fc402647831,2025-12-24 19:12:28,2025-12-24,Quarta,4,19,ecommerce,prd_6d4e3b1efd0c,Necessaire,Acessórios,Xiaomi,PREMIUM,True,cus_a9747473c5c6,Ana Lívia Aparecida,AL,Nordeste,REGULAR,1,968.99,968.99,False
sal_09ae26524cb6,2026-01-11 08:43:09,2026-01-11,Domingo,1,8,ecommerce,prd_9239eec8982d,HD Externo 2TB,Informática,Arno,BASICO,True,cus_cf84750c1fb4,Alana Teixeira,MA,Nordeste,TOP_TIER,1,46.79,46.79,False
sal_1e22b69040d4,2026-01-08 09:59:52,2026-01-08,Quinta,5,9,ecommerce,prd_c9ce9d378723,Processador Intel i5,Informática,Electrolux,BASICO,True,cus_71308b76151a,Amanda Sousa,MS,Centro-Oeste,TOP_TIER,1,35.61,35.61,False
sal_555fa5c0f6ac,2025-12-18 08:14:08,2025-12-18,Quinta,5,8,ecommerce,prd_b7490508211e,Vestido Floral,Moda,Apple,BASICO,True,cus_fa3a88d1ccef,Benício Gomes,AL,Nordeste,VIP,1,220.00,220.00,False
sal_bd9aa2a46e39,2025-12-13 18:18:09,2025-12-13,Sábado,7,18,ecommerce,prd_686e2aab873d,Blusa de Frio,Moda,Philips,BASICO,True,cus_cf84750c1fb4,Alana Teixeira,MA,Nordeste,TOP_TIER,1,85.02,85.02,False
sal_e1b1fa014e4a,2025-12-26 22:20:39,2025-12-26,Sexta,6,22,loja_fisica,prd_a479149bae3b,Edredom Casal,Casa,Electrolux,BASICO,True,cus_9d2dd4770a79,Luigi Camargo,GO,Centro-Oeste,TOP_TIER,2,83.59,167.18,False
sal_9e1b20a0b66e,2026-01-11 10:21:09,2026-01-11,Domingo,1,10,ecommerce,prd_205f309c1a21,Tapete Persa,Casa,Sony,BASICO,True,cus_d36c11b261a6,Cauã Rocha,MA,Nordeste,REGULAR,1,31.49,31.49,False
sal_fa26a859f44a,2026-01-07 15:29:12,2026-01-07,Quarta,4,15,ecommerce,prd_b7490508211e,Vestido Floral,Moda,Apple,BASICO,True,cus_fa3a88d1ccef,Benício Gomes,AL,Nordeste,VIP,1,220.00,220.00,False
sal_c7cba6533d22,2025-12-25 08:57:01,2025-12-25,Quinta,5,8,ecommerce,prd_82cd17cb589d,Persiana Vertical,Casa,Dell,BASICO,True,cus_1a38731e1fbe,Otávio Fernandes,ES,Sudeste,TOP_TIER,1,49.39,49.39,False
sal_ed147d09e897,2025-12-26 14:09:13,2025-12-26,Sexta,6,14,ecommerce,prd_38c1b898aecc,Microfone para Stream,Games,Samsung,BASICO,True,cus_508a15ccf0fa,Zoe Campos,MT,Centro-Oeste,TOP_TIER,1,119.77,119.77,False
sal_70f20713dcbb,2026-01-11 14:38:52,2026-01-11,Domingo,1,14,ecommerce,prd_d21486ad974a,Teclado Gamer RGB,Games,Motorola,BASICO,True,cus_25d1cb23f872,Melissa Pastor,AC,Norte,VIP,1,307.50,307.50,False
sal_88399838ca4d,2025-12-21 16:04:40,2025-12-21,Domingo,1,16,ecommerce,prd_08611917c0ae,Relógio de Parede,Casa,Adidas,BASICO,True,cus_0343c0763f76,Vitor Gabriel Da Luz,RS,Sul,VIP,1,105.99,105.99,False
sal_4e492b6bcdb2,2025-12-14 18:02:11,2025-12-14,Domingo,1,18,ecommerce,prd_b7490508211e,Vestido Floral,Moda,Apple,BASICO,True,cus_eae005fd3470,Calebe Fogaça,TO,Norte,TOP_TIER,1,220.00,220.00,False
sal_b080cfd4fa14,2025-12-13 08:48:01,2025-12-13,Sábado,7,8,ecommerce,prd_82cd17cb589d,Persiana Vertical,Casa,Dell,BASICO,True,cus_96658dc10aa5,Agatha Silveira,PA,Norte,TOP_TIER,1,44.90,44.90,False
sal_20ded9fbb471,2025-12-15 09:52:45,2025-12-15,Segunda,2,9,ecommerce,prd_d92ad43fa137,Smart TV 43 Polegadas,Eletrônicos,Philips,BASICO,True,cus_b0026583b709,Mariane Pacheco,MT,Centro-Oeste,VIP,1,66.90,66.90,False
sal_2dd491b5b3c2,2025-12-27 09:24:35,2025-12-27,Sábado,7,9,loja_fisica,prd_c62100cc281c,Webcam para Stream,Games,Samsung,BASICO,True,cus_911b23c97589,Heitor Nunes,MS,Centro-Oeste,REGULAR,1,48.90,48.90,False
sal_76de9e7fca52,2026-01-10 21:04:27,2026-01-10,Sábado,7,21,ecommerce,prd_5112469132ff,Placa Mãe B450,Informática,Dell,BASICO,True,cus_b0026583b709,Mariane Pacheco,MT,Centro-Oeste,VIP,1,413.50,413.50,False
sal_019d11adb750,2025-12-19 23:01:45,2025-12-19,Sexta,6,23,ecommerce,prd_8b22fd85d500,Garrafa Térmica 1L,Cozinha,Sony,BASICO,True,cus_d36c11b261a6,Cauã Rocha,MA,Nordeste,REGULAR,1,324.99,324.99,False
sal_3ed049e694e5,2025-12-19 16:05:19,2025-12-19,Sexta,6,16,ecommerce,prd_b7490508211e,Vestido Floral,Moda,Apple,BASICO,True,cus_f1eccf8e0d99,Luiz Miguel Câmara,GO,Centro-Oeste,REGULAR,1,187.00,187.00,False
sal_e3ba0fb7d827,2026-01-03 15:50:06,2026-01-03,Sábado,7,15,loja_fisica,prd_032c166122f7,Controle Xbox,Games,Xiaomi,BASICO,True,cus_b0026583b709,Mariane Pacheco,MT,Centro-Oeste,VIP,2,197.91,395.82,False
sal_8cb05715a0ec,2026-01-11 17:01:16,2026-01-11,Domingo,1,17,loja_fisica,prd_2293732b7542,Cortina Blackout,Casa,Xiaomi,BASICO,True,cus_31874cf2d1e5,Nina Moura,SP,Sudeste,TOP_TIER,1,68.90,68.90,False
sal_7585414cf33e,2025-12-18 11:31:14,2025-12-18,Quinta,5,11,ecommerce,prd_334f4a32f979,Persiana Vertical,Casa,Motorola,BASICO,True,cus_911b23c97589,Heitor Nunes,MS,Centro-Oeste,REGULAR,1,404.50,404.50,False
sal_27324ba34c8e,2025-12-25 11:29:26,2025-12-25,Quinta,5,11,ecommerce,prd_30518d908a92,Cinto de Couro,Acessórios,Asus,BASICO,True,cus_fa3a88d1ccef,Benício Gomes,AL,Nordeste,VIP,1,76.94,76.94,False
sal_4389ec155fd3,2025-12-31 09:52:55,2025-12-31,Quarta,4,9,ecommerce,prd_d92ad43fa137,Smart TV 43 Polegadas,Eletrônicos,Philips,BASICO,True,cus_1a38731e1fbe,Otávio Fernandes,ES,Sudeste,TOP_TIER,1,66.90,66.90,False
sal_f460ae08219e,2026-01-11 14:37:23,2026-01-11,Domingo,1,14,ecommerce,prd_a3ae425a3edd,Pesos de Pulso,Esporte,Philips,BASICO,True,cus_71308b76151a,Amanda Sousa,MS,Centro-Oeste,TOP_TIER,1,75.59,75.59,False
sal_caf1268211d0,2026-01-10 23:44:03,2026-01-10,Sábado,7,23,loja_fisica,prd_afd58e5fd09d,Condicionador Hidratante,Beleza,Asus,BASICO,True,cus_f64907d41a69,Henrique Da Conceição,DF,Centro-Oeste,VIP,1,451.90,451.90,False
sal_68f8c3adc849,2025-12-20 08:26:01,2025-12-20,Sábado,7,8,ecommerce,prd_385035a5bc20,Notebook Inspiron 15,Eletrônicos,Adidas,BASICO,True,cus_13af118ef4e8,Sarah Teixeira,AM,Norte,TOP_TIER,1,219.90,219.90,False
sal_bdbf2f72127b,2025-12-22 10:30:26,2025-12-22,Segunda,2,10,ecommerce,prd_645f7859f379,Calça Jeans Skinny,Moda,Asus,BASICO,True,cus_0343c0763f76,Vitor Gabriel Da Luz,RS,Sul,VIP,1,486.90,486.90,False
sal_0eaef6123273,2026-01-01 12:25:23,2026-01-01,Quinta,5,12,ecommerce,prd_385035a5bc20,Notebook Inspiron 15,Eletrônicos,Adidas,BASICO,True,cus_79d52b75f259,Elisa Freitas,CE,Nordeste,TOP_TIER,4,219.90,879.60,False
sal_6a67cc69065c,2025-12-26 14:58:09,2025-12-26,Sexta,6,14,loja_fisica,prd_2cbafff50c72,Sabonete Facial,Beleza,Nike,BASICO,True,cus_644bf6820c61,Heloísa Andrade,PR,Sul,REGULAR,1,85.77,85.77,False
sal_0bd505a00eac,2025-12-24 09:28:55,2025-12-24,Quarta,4,9,ecommerce,prd_84a009f1889d,Cortina Box,Casa,Consul,BASICO,True,cus_96658dc10aa5,Agatha Silveira,PA,Norte,TOP_TIER,1,29.61,29.61,False
sal_abcbd0597595,2026-01-10 09:40:51,2026-01-10,Sábado,7,9,ecommerce,prd_996db03524ae,Elástico de Resistência,Esporte,Sony,BASICO,True,cus_66677d443e5e,Cecília Da Luz,AC,Norte,TOP_TIER,1,123.90,123.90,False
sal_6de5a86a2342,2025-12-18 21:12:01,2025-12-18,Quinta,5,21,ecommerce,prd_052f1c397fc6,Carteira de Couro,Acessórios,Philips,BASICO,True,cus_a01814ad9247,Ana Beatriz Alves,SP,Sudeste,TOP_TIER,3,73.69,221.07,False
sal_dc0657287158,2026-01-03 21:14:13,2026-01-03,Sábado,7,21,ecommerce,prd_334f4a32f979,Persiana Vertical,Casa,Motorola,BASICO,True,cus_d4db3db9eccb,Ana Julia Camargo,PB,Nordeste,TOP_TIER,1,404.50,404.50,False
sal_c0a3adc7c5e0,2026-01-05 09:00:10,2026-01-05,Segunda,2,9,ecommerce,prd_38c1b898aecc,Microfone para Stream,Games,Samsung,BASICO,True,cus_3580317ddeab,Bella Borges,AM,Norte,VIP,1,133.85,133.85,False
sal_7a6ebd607404,2026-01-08 19:15:18,2026-01-08,Quinta,5,19,loja_fisica,prd_803bcbb7ef84,Porta-temperos,Cozinha,Samsung,BASICO,True,cus_a2e18141f826,Ísis Leão,CE,Nordeste,REGULAR,1,100.30,100.30,False
sal_27ce54747e2a,2025-12-13 13:50:27,2025-12-13,Sábado,7,13,ecommerce,prd_4ee65ed59110,Frigideira Antiaderente,Cozinha,Philips,BASICO,True,cus_f64907d41a69,Henrique Da Conceição,DF,Centro-Oeste,VIP,2,39.80,79.60,False
sal_3f001547eaac,2025-12-25 13:21:50,2025-12-25,Quinta,5,13,ecommerce,prd_a4025bac91a7,Óculos de Sol,Acessórios,Xiaomi,BASICO,True,cus_79d52b75f259,Elisa Freitas,CE,Nordeste,TOP_TIER,1,52.90,52.90,False
sal_174867f5af2f,2025-12-19 11:49:25,2025-12-19,Sexta,6,11,ecommerce,prd_5a6fd66e1c00,Vestido Casual,Moda,Philips,BASICO,True,cus_0ff4cceccc6f,João Aparecida,CE,Nordeste,TOP_TIER,1,112.90,112.90,False
sal_658ad8474ca2,2025-12-14 09:02:59,2025-12-14,Domingo,1,9,ecommerce,prd_b09d96e599b3,Marcador de Texto,Acessórios,Asus,BASICO,True,cus_d2762f5968fe,Aurora Pastor,SE,Nordeste,REGULAR,1,203.90,203.90,False
sal_100166cd0cc6,2025-12-14 10:55:45,2025-12-14,Domingo,1,10,ecommerce,prd_645f7859f379,Calça Jeans Skinny,Moda,Asus,BASICO,True,cus_c3944101594c,Murilo Da Mata,RR,Norte,VIP,2,438.21,876.42,False
sal_354c751dddfc,2025-12-20 08:22:57,2025-12-20,Sábado,7,8,ecommerce,prd_305f920b8836,Brincos de Prata,Acessórios,Lenovo,MEDIO,True,cus_a01814ad9247,Ana Beatriz Alves,SP,Sudeste,TOP_TIER,1,841.95,841.95,False
sal_b4aee6a5d969,2025-12-17 21:49:27,2025-12-17,Quarta,4,21,loja_fisica,prd_3053916502fb,Cabo USB-C,Eletrônicos,Electrolux,BASICO,True,cus_66677d443e5e,Cecília Da Luz,AC,Norte,TOP_TIER,1,403.65,403.65,False
sal_babfc800e6de,2025-12-20 09:50:04,2025-12-20,Sábado,7,9,ecommerce,prd_3053916502fb,Cabo USB-C,Eletrônicos,Electrolux,BASICO,True,cus_c8d383cfde0c,Maria Cecília Oliveira,AM,Norte,TOP_TIER,4,426.07,1704.28,False
sal_f45dc691063d,2025-12-25 22:32:41,2025-12-25,Quinta,5,22,ecommerce,prd_51511e44c92a,Kit Gamer Completo,Games,Mondial,BASICO,True,cus_f64907d41a69,Henrique Da Conceição,DF,Centro-Oeste,VIP,3,88.90,266.70,False
sal_47f7583b12df,2026-01-05 10:51:42,2026-01-05,Segunda,2,10,ecommerce,prd_b7490508211e,Vestido Floral,Moda,Apple,BASICO,True,cus_9d2dd4770a79,Luigi Camargo,GO,Centro-Oeste,TOP_TIER,2,220.00,440.00,False
sal_0d6256a861d0,2026-01-02 10:56:26,2026-01-02,Sexta,6,10,ecommerce,prd_30518d908a92,Cinto de Couro,Acessórios,Asus,BASICO,True,cus_eae005fd3470,Calebe Fogaça,TO,Norte,TOP_TIER,1,76.94,76.94,False
sal_2ae625484bf9,2025-12-23 21:53:14,2025-12-23,Terça,3,21,ecommerce,prd_23664e42a71c,Jogo de Toalhas,Casa,Xiaomi,BASICO,True,cus_a8f8e01eaee8,Elisa Martins,ES,Sudeste,REGULAR,1,109.90,109.90,False
sal_3ccbd783263d,2026-01-09 18:54:18,2026-01-09,Sexta,6,18,ecommerce,prd_686e2aab873d,Blusa de Frio,Moda,Philips,BASICO,True,cus_418af67b6b28,Miguel Ramos,TO,Norte,REGULAR,2,89.50,179.00,False
sal_4cd6d422c936,2026-01-03 10:52:34,2026-01-03,Sábado,7,10,ecommerce,prd_ae7b2acb6812,Cinto de Couro,Acessórios,Samsung,PREMIUM,True,cus_7262f4e5ce9f,Sophia Monteiro,SP,Sudeste,TOP_TIER,1,1108.90,1108.90,False
sal_0981c0c7c574,2026-01-03 16:53:06,2026-01-03,Sábado,7,16,ecommerce,prd_2cbafff50c72,Sabonete Facial,Beleza,Nike,BASICO,True,cus_79d52b75f259,Elisa Freitas,CE,Nordeste,TOP_TIER,1,85.77,85.77,False
sal_957155481278,2025-12-13 20:30:20,2025-12-13,Sábado,7,20,ecommerce,prd_d500fa66507e,Shorts Jeans,Moda,Electrolux,BASICO,True,cus_25d1cb23f872,Melissa Pastor,AC,Norte,VIP,2,365.74,731.48,False
sal_2e87960d0319,2025-12-21 10:35:59,2025-12-21,Domingo,1,10,loja_fisica,prd_40902505f7f1,Fonte PC 500W,Informática,Philips,BASICO,True,cus_2b1b3e2a1515,Ana Sophia Pereira,MG,Sudeste,VIP,1,495.90,495.90,False
sal_e37288213f5e,2025-12-18 21:24:23,2025-12-18,Quinta,5,21,ecommerce,prd_385035a5bc20,Notebook Inspiron 15,Eletrônicos,Adidas,BASICO,True,cus_71308b76151a,Amanda Sousa,MS,Centro-Oeste,TOP_TIER,1,208.91,208.91,False
sal_23c37ff63ba7,2025-12-24 09:13:05,2025-12-24,Quarta,4,9,ecommerce,prd_56e08463d21c,Tapete Persa,Casa,Brastemp,BASICO,True,cus_9d2dd4770a79,Luigi Camargo,GO,Centro-Oeste,TOP_TIER,1,223.90,223.90,False
sal_77d541d37ca4,2025-12-31 08:36:23,2025-12-31,Quarta,4,8,loja_fisica,prd_51511e44c92a,Kit Gamer Completo,Games,Mondial,BASICO,True,cus_96658dc10aa5,Agatha Silveira,PA,Norte,TOP_TIER,2,88.90,177.80,False
sal_ffa29bd03591,2026-01-04 11:04:55,2026-01-04,Domingo,1,11,ecommerce,prd_afd58e5fd09d,Condicionador Hidratante,Beleza,Asus,BASICO,True,cus_884be6e0ce9a,Emanuel Vieira,PA,Norte,REGULAR,2,497.09,994.18,False
sal_8f1241c67ef1,2026-01-08 13:26:05,2026-01-08,Quinta,5,13,ecommerce,prd_d92ad43fa137,Smart TV 43 Polegadas,Eletrônicos,Philips,BASICO,True,cus_9d2dd4770a79,Luigi Camargo,GO,Centro-Oeste,TOP_TIER,1,56.87,56.87,False
sal_a235e7d7d246,2026-01-02 14:10:59,2026-01-02,Sexta,6,14,ecommerce,prd_3e585d1aaf6c,Gabinete ATX,Informática,LG,BASICO,True,cus_78ab1cf16e12,Beatriz Garcia,SE,Nordeste,TOP_TIER,2,188.91,377.82,False
sal_c077d70317fc,2025-12-20 16:14:31,2025-12-20,Sábado,7,16,ecommerce,prd_84a009f1889d,Cortina Box,Casa,Consul,BASICO,True,cus_96658dc10aa5,Agatha Silveira,PA,Norte,TOP_TIER,1,31.25,31.25,False
sal_0392dcbe8879,2025-12-26 22:05:43,2025-12-26,Sexta,6,22,ecommerce,prd_96fbc500aec1,Edredom Casal,Casa,Asus,BASICO,True,cus_f1eccf8e0d99,Luiz Miguel Câmara,GO,Centro-Oeste,REGULAR,2,58.90,117.80,False
sal_d05986c2e8c9,2026-01-05 08:17:13,2026-01-05,Segunda,2,8,ecommerce,prd_b7490508211e,Vestido Floral,Moda,Apple,BASICO,True,cus_4e62d52db97a,Josué Souza,RJ,Sudeste,VIP,1,220.00,220.00,False
sal_fdb0adee05e3,2025-12-26 19:21:15,2025-12-26,Sexta,6,19,loja_fisica,prd_686e2aab873d,Blusa de Frio,Moda,Philips,BASICO,True,cus_a9747473c5c6,Ana Lívia Aparecida,AL,Nordeste,REGULAR,1,89.50,89.50,False
sal_8fbdafd27bde,2026-01-02 14:50:31,2026-01-02,Sexta,6,14,ecommerce,prd_e772a9cda46d,Blusa de Algodão,Moda,LG,BASICO,True,cus_eae005fd3470,Calebe Fogaça,TO,Norte,TOP_TIER,1,36.90,36.90,False
sal_86a618ed03ff,2026-01-04 17:16:49,2026-01-04,Domingo,1,17,ecommerce,prd_eda682ecfacb,Organizador de Gaveta,Casa,Electrolux,BASICO,True,cus_b0026583b709,Mariane Pacheco,MT,Centro-Oeste,VIP,1,171.00,171.00,False
sal_47735a5ad30a,2026-01-11 08:06:51,2026-01-11,Domingo,1,8,ecommerce,prd_6d4e3b1efd0c,Necessaire,Acessórios,Xiaomi,PREMIUM,True,cus_0343c0763f76,Vitor Gabriel Da Luz,RS,Sul,VIP,3,1139.99,3419.97,False
sal_ef2e07ac29f4,2026-01-06 21:46:47,2026-01-06,Terça,3,21,loja_fisica,prd_4ee65ed59110,Frigideira Antiaderente,Cozinha,Philips,BASICO,True,cus_a9747473c5c6,Ana Lívia Aparecida,AL,Nordeste,REGULAR,1,46.09,46.09,False
sal_1bdbff52b4cf,2025-12-15 12:11:10,2025-12-15,Segunda,2,12,ecommerce,prd_96fbc500aec1,Edredom Casal,Casa,Asus,BASICO,True,cus_a9747473c5c6,Ana Lívia Aparecida,AL,Nordeste,REGULAR,1,53.01,53.01,False
sal_0bdffaff445d,2025-12-22 18:27:38,2025-12-22,Segunda,2,18,ecommerce,prd_815b38747487,Conjunto de Malha,Moda,Brastemp,BASICO,True,cus_b0026583b709,Mariane Pacheco,MT,Centro-Oeste,VIP,1,86.50,86.50,False
sal_024e7af30220,2025-12-17 11:05:08,2025-12-17,Quarta,4,11,ecommerce,prd_e55f1f3ae9ad,SSD 500GB,Eletrônicos,Arno,BASICO,True,cus_c9cd13d1ae9f,Yasmin Siqueira,PA,Norte,VIP,1,71.90,71.90,False
sal_ab298a41c377,2025-12-17 13:31:30,2025-12-17,Quarta,4,13,ecommerce,prd_6d4e3b1efd0c,Necessaire,Acessórios,Xiaomi,PREMIUM,True,cus_25c656241a9a,Amanda Novais,GO,Centro-Oeste,TOP_TIER,2,1139.99,2279.98,False
sal_5384da29192d,2025-12-23 20:53:29,2025-12-23,Terça,3,20,ecommerce,prd_dfac11815029,Microfone para Stream,Games,Apple,BASICO,True,cus_0ff4cceccc6f,João Aparecida,CE,Nordeste,TOP_TIER,2,189.00,378.00,False
sal_f0155afa5a0e,2026-01-04 11:07:23,2026-01-04,Domingo,1,11,ecommerce,prd_a4025bac91a7,Óculos de Sol,Acessórios,Xiaomi,BASICO,True,cus_639110db69ed,João Vitor Barros,AP,Norte,REGULAR,1,50.25,50.25,False
sal_fbce0ab4a152,2025-12-27 17:15:48,2025-12-27,Sábado,7,17,ecommerce,prd_9b4e39e312d9,Carteira de Couro,Acessórios,Asus,PREMIUM,True,cus_78ab1cf16e12,Beatriz Garcia,SE,Nordeste,TOP_TIER,1,1159.19,1159.19,False
sal_beb8bb6d855d,2025-12-23 17:39:01,2025-12-23,Terça,3,17,loja_fisica,prd_ff35b88df534,SSD 500GB,Eletrônicos,Acer,BASICO,True,cus_25d1cb23f872,Melissa Pastor,AC,Norte,VIP,3,211.90,635.70,False
sal_2f90d87bc2d9,2026-01-07 21:22:37,2026-01-07,Quarta,4,21,ecommerce,prd_7af81d9a08ba,Controle PlayStation,Games,O Boticário,BASICO,True,cus_b0026583b709,Mariane Pacheco,MT,Centro-Oeste,VIP,1,42.49,42.49,False
sal_240caefa3316,2025-12-15 09:32:54,2025-12-15,Segunda,2,9,ecommerce,prd_d22d1b8b1502,Camisa Social,Moda,Brastemp,PREMIUM,True,cus_f1a06ae11717,Gustavo Henrique Rios,AM,Norte,TOP_TIER,2,1149.90,2299.80,False
sal_604c6d81d205,2026-01-10 21:53:36,2026-01-10,Sábado,7,21,ecommerce,prd_bf5d8671f7a9,Placa Mãe B450,Informática,Brastemp,BASICO,True,cus_f1a06ae11717,Gustavo Henrique Rios,AM,Norte,TOP_TIER,1,119.90,119.90,False
sal_e15fab425947,2025-12-16 10:09:48,2025-12-16,Terça,3,10,loja_fisica,prd_4ee65ed59110,Frigideira Antiaderente,Cozinha,Philips,BASICO,True,cus_0343c0763f76,Vitor Gabriel Da Luz,RS,Sul,VIP,1,39.80,39.80,False
sal_271725420f2d,2025-12-16 08:43:39,2025-12-16,Terça,3,8,loja_fisica,prd_3308eb4d2b62,Cobertor de Lã,Casa,Arno,BASICO,True,cus_36595eecf105,Bruno Novaes,PA,Norte,REGULAR,1,32.99,32.99,False
sal_ac4ff0302bb7,2025-12-24 13:40:37,2025-12-24,Quarta,4,13,ecommerce,prd_385035a5bc20,Notebook Inspiron 15,Eletrônicos,Adidas,BASICO,True,cus_8ad3c8745efb,Eduardo Cunha,AC,Norte,TOP_TIER,3,186.91,560.73,False
sal_216744945471,2025-12-27 20:37:26,2025-12-27,Sábado,7,20,ecommerce,prd_84a009f1889d,Cortina Box,Casa,Consul,BASICO,True,cus_f64907d41a69,Henrique Da Conceição,DF,Centro-Oeste,VIP,1,29.61,29.61,False
sal_fa56b43a8792,2025-12-27 11:05:23,2025-12-27,Sábado,7,11,ecommerce,prd_e66747c9b59e,Cesto de Vime,Casa,Brastemp,BASICO,True,cus_f1a06ae11717,Gustavo Henrique Rios,AM,Norte,TOP_TIER,1,184.30,184.30,False
sal_5258b95a7bc2,2026-01-08 13:12:38,2026-01-08,Quinta,5,13,loja_fisica,prd_c62100cc281c,Webcam para Stream,Games,Samsung,BASICO,True,cus_d2762f5968fe,Aurora Pastor,SE,Nordeste,REGULAR,1,46.45,46.45,False
sal_890b47599eba,2025-12-18 10:36:08,2025-12-18,Quinta,5,10,ecommerce,prd_9239eec8982d,HD Externo 2TB,Informática,Arno,BASICO,True,cus_79d52b75f259,Elisa Freitas,CE,Nordeste,TOP_TIER,1,49.39,49.39,False
sal_caf3e4904f9a,2025-12-18 16:32:03,2025-12-18,Quinta,5,16,loja_fisica,prd_d22d1b8b1502,Camisa Social,Moda,Brastemp,PREMIUM,True,cus_639110db69ed,João Vitor Barros,AP,Norte,REGULAR,1,1149.90,1149.90,False
sal_80d25b4d804f,2026-01-02 09:56:27,2026-01-02,Sexta,6,9,ecommerce,prd_2293732b7542,Cortina Blackout,Casa,Xiaomi,BASICO,True,cus_8fa04d3a5837,Rafael Porto,RS,Sul,TOP_TIER,1,68.90,68.90,False
sal_eadd39810665,2025-12-29 17:26:19,2025-12-29,Segunda,2,17,ecommerce,prd_686e2aab873d,Blusa de Frio,Moda,Philips,BASICO,True,cus_a2e18141f826,Ísis Leão,CE,Nordeste,REGULAR,1,89.50,89.50,False
sal_bda691bac6c9,2025-12-28 10:01:28,2025-12-28,Domingo,1,10,ecommerce,prd_47a25ae10c23,Soundbar TV,Áudio,Acer,BASICO,True,cus_78ab1cf16e12,Beatriz Garcia,SE,Nordeste,TOP_TIER,1,88.99,88.99,False
sal_7f125eaf7a3f,2026-01-02 17:56:05,2026-01-02,Sexta,6,17,loja_fisica,prd_6d4e3b1efd0c,Necessaire,Acessórios,Xiaomi,PREMIUM,True,cus_78ab1cf16e12,Beatriz Garcia,SE,Nordeste,TOP_TIER,1,1253.99,1253.99,False
sal_0f4d745018dd,2026-01-03 20:45:54,2026-01-03,Sábado,7,20,loja_fisica,prd_d500fa66507e,Shorts Jeans,Moda,Electrolux,BASICO,True,cus_508a15ccf0fa,Zoe Campos,MT,Centro-Oeste,TOP_TIER,1,384.99,384.99,False
sal_703ece59f0a7,2025-12-22 11:54:04,2025-12-22,Segunda,2,11,ecommerce,prd_3fb63c4ea3c2,Óculos de Sol,Acessórios,Arno,BASICO,True,cus_8ad3c8745efb,Eduardo Cunha,AC,Norte,TOP_TIER,1,164.99,164.99,False
sal_f5d777043b91,2025-12-18 21:54:27,2025-12-18,Quinta,5,21,loja_fisica,prd_84c0492c5dd9,Óculos de Natação,Esporte,Samsung,BASICO,True,cus_78ab1cf16e12,Beatriz Garcia,SE,Nordeste,TOP_TIER,1,118.80,118.80,False
sal_5e122f704ac3,2025-12-14 20:09:45,2025-12-14,Domingo,1,20,loja_fisica,prd_a4025bac91a7,Óculos de Sol,Acessórios,Xiaomi,BASICO,True,cus_36595eecf105,Bruno Novaes,PA,Norte,REGULAR,1,52.90,52.90,False
sal_43b0b9df857f,2025-12-22 08:09:49,2025-12-22,Segunda,2,8,loja_fisica,prd_c62100cc281c,Webcam para Stream,Games,Samsung,BASICO,True,cus_31874cf2d1e5,Nina Moura,SP,Sudeste,TOP_TIER,2,48.90,97.80,False
sal_e0120b4b0def,2025-12-25 15:14:56,2025-12-25,Quinta,5,15,ecommerce,prd_9239eec8982d,HD Externo 2TB,Informática,Arno,BASICO,True,cus_a9747473c5c6,Ana Lívia Aparecida,AL,Nordeste,REGULAR,3,51.99,155.97,False
sal_4e36f54e94f9,2025-12-31 22:44:40,2025-12-31,Quarta,4,22,ecommerce,prd_51511e44c92a,Kit Gamer Completo,Games,Mondial,BASICO,True,cus_0ff4cceccc6f,João Aparecida,CE,Nordeste,TOP_TIER,1,88.90,88.90,False
sal_5d2ef22d68a0,2025-12-17 15:46:32,2025-12-17,Quarta,4,15,loja_fisica,prd_6ae727ee4463,Placa Mãe B450,Informática,Xiaomi,BASICO,True,cus_f64907d41a69,Henrique Da Conceição,DF,Centro-Oeste,VIP,1,74.00,74.00,False
sal_123a4376a0ba,2025-12-27 17:32:57,2025-12-27,Sábado,7,17,ecommerce,prd_d500fa66507e,Shorts Jeans,Moda,Electrolux,BASICO,True,cus_884be6e0ce9a,Emanuel Vieira,PA,Norte,REGULAR,1,365.74,365.74,False
sal_cbe099197cf0,2026-01-01 20:20:50,2026-01-01,Quinta,5,20,ecommerce,prd_2cbafff50c72,Sabonete Facial,Beleza,Nike,BASICO,True,cus_9d2dd4770a79,Luigi Camargo,GO,Centro-Oeste,TOP_TIER,2,100.90,201.80,False
sal_e073d4784c1e,2025-12-26 17:24:12,2025-12-26,Sexta,6,17,ecommerce,prd_8b22fd85d500,Garrafa Térmica 1L,Cozinha,Sony,BASICO,True,cus_6ff11137142d,Vitor Gabriel Sá,TO,Norte,TOP_TIER,1,308.74,308.74,False
sal_be645b78e4c0,2025-12-23 23:19:31,2025-12-23,Terça,3,23,ecommerce,prd_47a25ae10c23,Soundbar TV,Áudio,Acer,BASICO,True,cus_0ff4cceccc6f,João Aparecida,CE,Nordeste,TOP_TIER,1,88.99,88.99,False
sal_f384764d8e8a,2025-12-21 08:00:03,2025-12-21,Domingo,1,8,ecommerce,prd_92c0ecf60a58,Jogo de Toalhas,Casa,Brastemp,BASICO,True,cus_418af67b6b28,Miguel Ramos,TO,Norte,REGULAR,1,171.85,171.85,False
sal_fbd47426db4f,2025-12-23 19:07:19,2025-12-23,Terça,3,19,ecommerce,prd_92c0ecf60a58,Jogo de Toalhas,Casa,Brastemp,BASICO,True,cus_ec8d75866856,Luan Vargas,RS,Sul,TOP_TIER,1,180.90,180.90,False
sal_74f84f961317,2025-12-20 08:43:17,2025-12-20,Sábado,7,8,ecommerce,prd_9239eec8982d,HD Externo 2TB,Informática,Arno,BASICO,True,cus_a2e18141f826,Ísis Leão,CE,Nordeste,REGULAR,1,49.39,49.39,False
sal_38cef31bd55d,2025-12-26 17:44:43,2025-12-26,Sexta,6,17,ecommerce,prd_ab011325c1be,Suporte para Controle,Games,Samsung,BASICO,True,cus_c3944101594c,Murilo Da Mata,RR,Norte,VIP,2,31.99,63.98,False
sal_d33a50327fd7,2025-12-30 17:52:20,2025-12-30,Terça,3,17,ecommerce,prd_afd58e5fd09d,Condicionador Hidratante,Beleza,Asus,BASICO,True,cus_1a38731e1fbe,Otávio Fernandes,ES,Sudeste,TOP_TIER,1,451.90,451.90,False
sal_5d7ea3c58b38,2025-12-30 21:42:32,2025-12-30,Terça,3,21,ecommerce,prd_686e2aab873d,Blusa de Frio,Moda,Philips,BASICO,True,cus_c8d383cfde0c,Maria Cecília Oliveira,AM,Norte,TOP_TIER,3,80.55,241.65,False
sal_486fc5c6413e,2026-01-05 21:53:19,2026-01-05,Segunda,2,21,loja_fisica,prd_92c0ecf60a58,Jogo de Toalhas,Casa,Brastemp,BASICO,True,cus_fa3a88d1ccef,Benício Gomes,AL,Nordeste,VIP,1,180.90,180.90,False
sal_b69213e672b3,2026-01-11 18:11:43,2026-01-11,Domingo,1,18,ecommerce,prd_334f4a32f979,Persiana Vertical,Casa,Motorola,BASICO,True,cus_78ab1cf16e12,Beatriz Garcia,SE,Nordeste,TOP_TIER,1,404.50,404.50,False
sal_4b0b310faf3a,2026-01-06 13:55:05,2026-01-06,Terça,3,13,ecommerce,prd_a4025bac91a7,Óculos de Sol,Acessórios,Xiaomi,BASICO,True,cus_36595eecf105,Bruno Novaes,PA,Norte,REGULAR,2,52.90,105.80,False
sal_0b203d80273a,2025-12-17 22:49:10,2025-12-17,Quarta,4,22,ecommerce,prd_d22d1b8b1502,Camisa Social,Moda,Brastemp,PREMIUM,True,cus_71308b76151a,Amanda Sousa,MS,Centro-Oeste,TOP_TIER,1,1149.90,1149.90,False
sal_bdfae90250fb,2026-01-08 16:33:12,2026-01-08,Quinta,5,16,ecommerce,prd_51511e44c92a,Kit Gamer Completo,Games,Mondial,BASICO,True,cus_c8d383cfde0c,Maria Cecília Oliveira,AM,Norte,TOP_TIER,1,88.90,88.90,False
sal_5b43fff389ee,2026-01-02 13:56:57,2026-01-02,Sexta,6,13,loja_fisica,prd_205f309c1a21,Tapete Persa,Casa,Sony,BASICO,True,cus_884be6e0ce9a,Emanuel Vieira,PA,Norte,REGULAR,1,33.24,33.24,False
sal_fb1cfcdd7a4e,2026-01-03 16:21:20,2026-01-03,Sábado,7,16,ecommerce,prd_bf5d8671f7a9,Placa Mãe B450,Informática,Brastemp,BASICO,True,cus_8ad3c8745efb,Eduardo Cunha,AC,Norte,TOP_TIER,1,107.91,107.91,False
sal_1ad2a993e7c4,2025-12-22 16:47:13,2025-12-22,Segunda,2,16,ecommerce,prd_ff35b88df534,SSD 500GB,Eletrônicos,Acer,BASICO,True,cus_78ab1cf16e12,Beatriz Garcia,SE,Nordeste,TOP_TIER,2,233.09,466.18,False
sal_1de692314e29,2025-12-28 19:42:21,2025-12-28,Domingo,1,19,ecommerce,prd_ff35b88df534,SSD 500GB,Eletrônicos,Acer,BASICO,True,cus_eae005fd3470,Calebe Fogaça,TO,Norte,TOP_TIER,3,201.31,603.93,False
sal_7bc9cea84b60,2026-01-09 12:56:43,2026-01-09,Sexta,6,12,ecommerce,prd_385035a5bc20,Notebook Inspiron 15,Eletrônicos,Adidas,BASICO,True,cus_96658dc10aa5,Agatha Silveira,PA,Norte,TOP_TIER,2,208.91,417.82,False
sal_5aed84811019,2025-12-21 18:03:22,2025-12-21,Domingo,1,18,ecommerce,prd_82cd17cb589d,Persiana Vertical,Casa,Dell,BASICO,True,cus_71308b76151a,Amanda Sousa,MS,Centro-Oeste,TOP_TIER,1,44.90,44.90,False
sal_5613866c68cf,2026-01-09 22:29:58,2026-01-09,Sexta,6,22,ecommerce,prd_0c113961481f,Vestido Floral,Moda,Apple,BASICO,True,cus_b0026583b709,Mariane Pacheco,MT,Centro-Oeste,VIP,2,243.90,487.80,False
sal_8f4543d45af6,2025-12-13 17:57:34,2025-12-13,Sábado,7,17,loja_fisica,prd_84a009f1889d,Cortina Box,Casa,Consul,BASICO,True,cus_ec8d75866856,Luan Vargas,RS,Sul,TOP_TIER,1,36.19,36.19,False
sal_cab1cf4a5e06,2025-12-26 21:39:36,2025-12-26,Sexta,6,21,ecommerce,prd_92c0ecf60a58,Jogo de Toalhas,Casa,Brastemp,BASICO,True,cus_96658dc10aa5,Agatha Silveira,PA,Norte,TOP_TIER,2,180.90,361.80,False
sal_3308d61236cf,2026-01-03 08:34:38,2026-01-03,Sábado,7,8,loja_fisica,prd_30518d908a92,Cinto de Couro,Acessórios,Asus,BASICO,True,cus_78ab1cf16e12,Beatriz Garcia,SE,Nordeste,TOP_TIER,1,80.99,80.99,False
sal_fe7beea03ee6,2026-01-08 18:24:39,2026-01-08,Quinta,5,18,loja_fisica,prd_3308eb4d2b62,Cobertor de Lã,Casa,Arno,BASICO,True,cus_1a38731e1fbe,Otávio Fernandes,ES,Sudeste,TOP_TIER,1,32.99,32.99,False
sal_f1567c846d45,2026-01-06 08:28:39,2026-01-06,Terça,3,8,ecommerce,prd_4ee65ed59110,Frigideira Antiaderente,Cozinha,Philips,BASICO,True,cus_78ab1cf16e12,Beatriz Garcia,SE,Nordeste,TOP_TIER,1,46.09,46.09,False
sal_77f7ce678c0d,2025-12-16 14:29:39,2025-12-16,Terça,3,14,ecommerce,prd_e561d57f2a21,Caixa de Som 2.1,Áudio,Acer,BASICO,True,cus_79d52b75f259,Elisa Freitas,CE,Nordeste,TOP_TIER,1,116.99,116.99,False
sal_f634842d53e4,2026-01-07 17:00:09,2026-01-07,Quarta,4,17,ecommerce,prd_c9b4024b7b9e,Toca-discos USB,Áudio,Mondial,BASICO,True,cus_d4db3db9eccb,Ana Julia Camargo,PB,Nordeste,TOP_TIER,1,95.50,95.50,False
sal_3c08156722b2,2026-01-07 11:12:44,2026-01-07,Quarta,4,11,loja_fisica,prd_d500fa66507e,Shorts Jeans,Moda,Electrolux,BASICO,True,cus_71308b76151a,Amanda Sousa,MS,Centro-Oeste,TOP_TIER,1,423.49,423.49,False
sal_4e10fe580695,2025-12-15 21:48:12,2025-12-15,Segunda,2,21,loja_fisica,prd_6442b103f637,Adaptador HDMI-VGA,Informática,Arno,BASICO,True,cus_25d1cb23f872,Melissa Pastor,AC,Norte,VIP,1,299.90,299.90,False
sal_1f9c2555f58c,2025-12-13 11:11:48,2025-12-13,Sábado,7,11,ecommerce,prd_686e2aab873d,Blusa de Frio,Moda,Philips,BASICO,True,cus_a8f8e01eaee8,Elisa Martins,ES,Sudeste,REGULAR,2,89.50,179.00,False
sal_5f8c48173270,2025-12-23 20:17:50,2025-12-23,Terça,3,20,ecommerce,prd_205f309c1a21,Tapete Persa,Casa,Sony,BASICO,True,cus_f1eccf8e0d99,Luiz Miguel Câmara,GO,Centro-Oeste,REGULAR,3,33.24,99.72,False
sal_f267cc9e93df,2025-12-20 01:07:43,2025-12-20,Sábado,7,1,ecommerce,prd_d22d1b8b1502,Camisa Social,Moda,Brastemp,PREMIUM,True,cus_c9cd13d1ae9f,Yasmin Siqueira,PA,Norte,VIP,1,1034.91,1034.91,False
sal_4b3fc35020c2,2025-12-19 13:59:27,2025-12-19,Sexta,6,13,ecommerce,prd_b2fdb7f36a3f,Blusa de Algodão,Moda,LG,BASICO,True,cus_0ff4cceccc6f,João Aparecida,CE,Nordeste,TOP_TIER,2,52.99,105.98,False
sal_ddfe98aa6541,2025-12-24 18:53:42,2025-12-24,Quarta,4,18,loja_fisica,prd_38c1b898aecc,Microfone para Stream,Games,Samsung,BASICO,True,cus_418af67b6b28,Miguel Ramos,TO,Norte,REGULAR,1,126.81,126.81,False
sal_8e1da6e0f603,2026-01-04 17:48:51,2026-01-04,Domingo,1,17,ecommerce,prd_728d12065bf5,Suporte para Monitor,Informática,Consul,BASICO,True,cus_4e62d52db97a,Josué Souza,RJ,Sudeste,VIP,1,387.00,387.00,False
sal_bf4f137aa5df,2025-12-28 09:13:24,2025-12-28,Domingo,1,9,loja_fisica,prd_2befc441dd56,Bicicleta Ergométrica,Esporte,Motorola,BASICO,True,cus_c8d383cfde0c,Maria Cecília Oliveira,AM,Norte,TOP_TIER,1,228.99,228.99,False
sal_b5453ded5b51,2025-12-24 16:00:27,2025-12-24,Quarta,4,16,ecommerce,prd_c62100cc281c,Webcam para Stream,Games,Samsung,BASICO,True,cus_d2762f5968fe,Aurora Pastor,SE,Nordeste,REGULAR,1,48.90,48.90,False
sal_b36d6d67e922,2025-12-23 15:35:30,2025-12-23,Terça,3,15,ecommerce,prd_5437b387f602,Webcam 1080p,Informática,LG,BASICO,True,cus_d36c11b261a6,Cauã Rocha,MA,Nordeste,REGULAR,1,227.90,227.90,False
sal_fba58aefa6c2,2026-01-03 17:06:36,2026-01-03,Sábado,7,17,loja_fisica,prd_bf5d8671f7a9,Placa Mãe B450,Informática,Brastemp,BASICO,True,cus_1a38731e1fbe,Otávio Fernandes,ES,Sudeste,TOP_TIER,1,113.91,113.91,False
sal_73ed24c38d34,2026-01-05 16:23:19,2026-01-05,Segunda,2,16,ecommerce,prd_faf3fd1a4155,Cinto de Couro,Acessórios,Dell,BASICO,True,cus_9d2dd4770a79,Luigi Camargo,GO,Centro-Oeste,TOP_TIER,1,102.90,102.90,False
sal_28db7fcd8150,2025-12-13 13:32:56,2025-12-13,Sábado,7,13,loja_fisica,prd_4ee65ed59110,Frigideira Antiaderente,Cozinha,Philips,BASICO,True,cus_2b1b3e2a1515,Ana Sophia Pereira,MG,Sudeste,VIP,1,37.71,37.71,False
sal_2516f76c24ba,2025-12-15 19:55:43,2025-12-15,Segunda,2,19,ecommerce,prd_205f309c1a21,Tapete Persa,Casa,Sony,BASICO,True,cus_639110db69ed,João Vitor Barros,AP,Norte,REGULAR,2,34.99,69.98,False
sal_be55f6f5cbc8,2025-12-21 11:13:59,2025-12-21,Domingo,1,11,ecommerce,prd_f7ed5522d23e,Macacão Feminino,Moda,Samsung,BASICO,True,cus_508a15ccf0fa,Zoe Campos,MT,Centro-Oeste,TOP_TIER,2,242.90,485.80,False
sal_9450a0d95c62,2025-12-20 14:49:09,2025-12-20,Sábado,7,14,ecommerce,prd_205f309c1a21,Tapete Persa,Casa,Sony,BASICO,True,cus_a2e18141f826,Ísis Leão,CE,Nordeste,REGULAR,1,34.99,34.99,False
sal_82d60dca8bcb,2026-01-04 15:26:57,2026-01-04,Domingo,1,15,ecommerce,prd_84a009f1889d,Cortina Box,Casa,Consul,BASICO,True,cus_418af67b6b28,Miguel Ramos,TO,Norte,REGULAR,3,32.90,98.70,False
sal_3ace9f9f7b42,2026-01-11 16:33:41,2026-01-11,Domingo,1,16,loja_fisica,prd_a4025bac91a7,Óculos de Sol,Acessórios,Xiaomi,BASICO,True,cus_0ff4cceccc6f,João Aparecida,CE,Nordeste,TOP_TIER,2,44.96,89.92,False
sal_b97cd99b8617,2025-12-22 21:21:10,2025-12-22,Segunda,2,21,ecommerce,prd_c90040774892,Tênis de Corrida,Esporte,Sony,BASICO,True,cus_4209c24e0be2,Maya Castro,TO,Norte,REGULAR,4,147.99,591.96,False
sal_aad8eeb23eed,2025-12-16 12:03:17,2025-12-16,Terça,3,12,ecommerce,prd_38c1b898aecc,Microfone para Stream,Games,Samsung,BASICO,True,cus_f1eccf8e0d99,Luiz Miguel Câmara,GO,Centro-Oeste,REGULAR,1,126.81,126.81,False
sal_34d00c28902d,2025-12-18 15:02:11,2025-12-18,Quinta,5,15,ecommerce,prd_84c0492c5dd9,Óculos de Natação,Esporte,Samsung,BASICO,True,cus_f50da5532735,João Gabriel Porto,MG,Sudeste,TOP_TIER,1,132.00,132.00,False
sal_8ef191d61ecc,2025-12-23 17:32:45,2025-12-23,Terça,3,17,ecommerce,prd_d22d1b8b1502,Camisa Social,Moda,Brastemp,PREMIUM,True,cus_7262f4e5ce9f,Sophia Monteiro,SP,Sudeste,TOP_TIER,1,1149.90,1149.90,False
sal_19e17e005c6e,2025-12-15 14:34:47,2025-12-15,Segunda,2,14,loja_fisica,prd_b17460641fb4,Garrafa Térmica 1L,Cozinha,Xiaomi,BASICO,True,cus_c3944101594c,Murilo Da Mata,RR,Norte,VIP,1,239.99,239.99,False
sal_074e609af4ff,2026-01-02 10:22:07,2026-01-02,Sexta,6,10,ecommerce,prd_23664e42a71c,Jogo de Toalhas,Casa,Xiaomi,BASICO,True,cus_25d1cb23f872,Melissa Pastor,AC,Norte,VIP,1,109.90,109.90,False
sal_91a8e934d735,2025-12-26 23:58:28,2025-12-26,Sexta,6,23,loja_fisica,prd_84a009f1889d,Cortina Box,Casa,Consul,BASICO,True,cus_a01814ad9247,Ana Beatriz Alves,SP,Sudeste,TOP_TIER,1,32.90,32.90,False
sal_d6cf6a63b1f6,2025-12-26 09:57:14,2025-12-26,Sexta,6,9,ecommerce,prd_38c1b898aecc,Microfone para Stream,Games,Samsung,BASICO,True,cus_4e62d52db97a,Josué Souza,RJ,Sudeste,VIP,1,133.85,133.85,False
sal_1beb15975720,2026-01-02 08:09:02,2026-01-02,Sexta,6,8,ecommerce,prd_2cbafff50c72,Sabonete Facial,Beleza,Nike,BASICO,True,cus_a2e18141f826,Ísis Leão,CE,Nordeste,REGULAR,1,100.90,100.90,False
sal_61375d82c825,2026-01-05 08:38:21,2026-01-05,Segunda,2,8,ecommerce,prd_40902505f7f1,Fonte PC 500W,Informática,Philips,BASICO,True,cus_8ad3c8745efb,Eduardo Cunha,AC,Norte,TOP_TIER,1,446.31,446.31,False
sal_8d48d528077f,2026-01-08 23:26:45,2026-01-08,Quinta,5,23,ecommerce,prd_ff35b88df534,SSD 500GB,Eletrônicos,Acer,BASICO,True,cus_8fa04d3a5837,Rafael Porto,RS,Sul,TOP_TIER,1,180.12,180.12,False
sal_3dd0a69d2ff8,2025-12-21 22:32:46,2025-12-21,Domingo,1,22,ecommerce,prd_289cf61bbd5e,Porta-moedas,Acessórios,Consul,BASICO,True,cus_9d2dd4770a79,Luigi Camargo,GO,Centro-Oeste,TOP_TIER,1,100.50,100.50,False
sal_cb7e29c598b0,2025-12-18 09:37:57,2025-12-18,Quinta,5,9,ecommerce,prd_9adbaa3083e1,Jaqueta Jeans,Moda,Sony,BASICO,True,cus_1a38731e1fbe,Otávio Fernandes,ES,Sudeste,TOP_TIER,1,84.15,84.15,False
sal_192b48101999,2025-12-27 21:17:01,2025-12-27,Sábado,7,21,loja_fisica,prd_f063f46a7ef8,Fone de Ouvido Esportivo,Áudio,Consul,PREMIUM,True,cus_4e62d52db97a,Josué Souza,RJ,Sudeste,VIP,1,1428.99,1428.99,False
sal_df5ac737b234,2025-12-30 19:01:49,2025-12-30,Terça,3,19,loja_fisica,prd_2cbafff50c72,Sabonete Facial,Beleza,Nike,BASICO,True,cus_a2e18141f826,Ísis Leão,CE,Nordeste,REGULAR,2,95.86,191.72,False
sal_2de1855ceb49,2026-01-08 21:26:14,2026-01-08,Quinta,5,21,ecommerce,prd_4ee65ed59110,Frigideira Antiaderente,Cozinha,Philips,BASICO,True,cus_6ff11137142d,Vitor Gabriel Sá,TO,Norte,TOP_TIER,1,41.90,41.90,False
sal_ae4a11e1940d,2025-12-21 10:02:33,2025-12-21,Domingo,1,10,ecommerce,prd_bf5d8671f7a9,Placa Mãe B450,Informática,Brastemp,BASICO,True,cus_6ff11137142d,Vitor Gabriel Sá,TO,Norte,TOP_TIER,1,119.90,119.90,False
sal_2fb4aef047e1,2025-12-14 23:08:48,2025-12-14,Domingo,1,23,loja_fisica,prd_64000b956cf3,Tapete Persa,Casa,Motorola,BASICO,True,cus_7262f4e5ce9f,Sophia Monteiro,SP,Sudeste,TOP_TIER,2,258.90,517.80,False
sal_de8ffd549b06,2025-12-30 10:02:15,2025-12-30,Terça,3,10,ecommerce,prd_2293732b7542,Cortina Blackout,Casa,Xiaomi,BASICO,True,cus_d36c11b261a6,Cauã Rocha,MA,Nordeste,REGULAR,3,75.79,227.37,False
sal_0e1cca02e2c4,2025-12-30 11:03:40,2025-12-30,Terça,3,11,ecommerce,prd_b7490508211e,Vestido Floral,Moda,Apple,BASICO,True,cus_a2e18141f826,Ísis Leão,CE,Nordeste,REGULAR,1,209.00,209.00,False
sal_6763b5a55dfb,2025-12-24 18:34:31,2025-12-24,Quarta,4,18,ecommerce,prd_1649b8a625e4,Fone de Ouvido Bluetooth,Áudio,Adidas,BASICO,True,cus_508a15ccf0fa,Zoe Campos,MT,Centro-Oeste,TOP_TIER,1,99.00,99.00,False
sal_73a96c299568,2025-12-14 19:05:42,2025-12-14,Domingo,1,19,loja_fisica,prd_c62100cc281c,Webcam para Stream,Games,Samsung,BASICO,True,cus_c8d383cfde0c,Maria Cecília Oliveira,AM,Norte,TOP_TIER,1,46.45,46.45,False
sal_6da2866cefdd,2025-12-19 08:22:56,2025-12-19,Sexta,6,8,ecommerce,prd_7798c88cc490,Kit Utensílios de Cozinha,Cozinha,Consul,BASICO,True,cus_eae005fd3470,Calebe Fogaça,TO,Norte,TOP_TIER,2,465.50,931.00,False
sal_3475dc9dd009,2025-12-26 22:09:49,2025-12-26,Sexta,6,22,ecommerce,prd_65c60230d4ed,Base Líquida,Beleza,Asus,BASICO,True,cus_a8f8e01eaee8,Elisa Martins,ES,Sudeste,REGULAR,1,94.91,94.91,False
sal_9f003e12829d,2025-12-14 08:50:48,2025-12-14,Domingo,1,8,ecommerce,prd_84a009f1889d,Cortina Box,Casa,Consul,BASICO,True,cus_8ad3c8745efb,Eduardo Cunha,AC,Norte,TOP_TIER,1,29.61,29.61,False
sal_e5679b2f50ba,2025-12-22 17:57:14,2025-12-22,Segunda,2,17,ecommerce,prd_8b22fd85d500,Garrafa Térmica 1L,Cozinha,Sony,BASICO,True,cus_ec8d75866856,Luan Vargas,RS,Sul,TOP_TIER,1,324.99,324.99,False
sal_0dcef70e4e6e,2026-01-01 15:08:02,2026-01-01,Quinta,5,15,ecommerce,prd_b4a823952be5,Amplificador de Áudio,Áudio,Consul,BASICO,True,cus_911b23c97589,Heitor Nunes,MS,Centro-Oeste,REGULAR,1,73.90,73.90,False
sal_5684c245cf54,2026-01-10 23:09:42,2026-01-10,Sábado,7,23,ecommerce,prd_84a009f1889d,Cortina Box,Casa,Consul,BASICO,True,cus_13af118ef4e8,Sarah Teixeira,AM,Norte,TOP_TIER,1,29.61,29.61,False
sal_e3120ca3e708,2026-01-09 13:50:13,2026-01-09,Sexta,6,13,loja_fisica,prd_205f309c1a21,Tapete Persa,Casa,Sony,BASICO,True,cus_a9747473c5c6,Ana Lívia Aparecida,AL,Nordeste,REGULAR,1,34.99,34.99,False
sal_516ceb71c4f6,2026-01-01 08:18:57,2026-01-01,Quinta,5,8,loja_fisica,prd_996db03524ae,Elástico de Resistência,Esporte,Sony,BASICO,True,cus_418af67b6b28,Miguel Ramos,TO,Norte,REGULAR,1,111.51,111.51,False
sal_83171f4c2615,2025-12-25 11:25:12,2025-12-25,Quinta,5,11,loja_fisica,prd_8b22fd85d500,Garrafa Térmica 1L,Cozinha,Sony,BASICO,True,cus_1a38731e1fbe,Otávio Fernandes,ES,Sudeste,TOP_TIER,1,324.99,324.99,False
sal_9dee76888c8b,2026-01-08 21:00:13,2026-01-08,Quinta,5,21,ecommerce,prd_2cbafff50c72,Sabonete Facial,Beleza,Nike,BASICO,True,cus_639110db69ed,João Vitor Barros,AP,Norte,REGULAR,1,110.99,110.99,False
sal_1aa1d1eff495,2025-12-19 16:06:20,2025-12-19,Sexta,6,16,loja_fisica,prd_6d4e3b1efd0c,Necessaire,Acessórios,Xiaomi,PREMIUM,True,cus_c9cd13d1ae9f,Yasmin Siqueira,PA,Norte,VIP,1,1139.99,1139.99,False
sal_34966978f5fe,2026-01-10 12:51:35,2026-01-10,Sábado,7,12,loja_fisica,prd_2293732b7542,Cortina Blackout,Casa,Xiaomi,BASICO,True,cus_a8f8e01eaee8,Elisa Martins,ES,Sudeste,REGULAR,2,68.90,137.80,False
sal_27d42c7721fd,2025-12-21 16:01:37,2025-12-21,Domingo,1,16,ecommerce,prd_2cbafff50c72,Sabonete Facial,Beleza,Nike,BASICO,True,cus_ec8d75866856,Luan Vargas,RS,Sul,TOP_TIER,2,90.81,181.62,False
sal_c37d9ee43c2e,2025-12-22 15:12:54,2025-12-22,Segunda,2,15,loja_fisica,prd_334f4a32f979,Persiana Vertical,Casa,Motorola,BASICO,True,cus_f1a06ae11717,Gustavo Henrique Rios,AM,Norte,TOP_TIER,3,404.50,1213.50,False
sal_7356768ddbb3,2025-12-24 20:36:48,2025-12-24,Quarta,4,20,loja_fisica,prd_c1f6dcbed826,Descascador de Legumes,Cozinha,Adidas,BASICO,True,cus_25c656241a9a,Amanda Novais,GO,Centro-Oeste,TOP_TIER,1,192.90,192.90,False
sal_59e74cb8ea12,2025-12-24 11:55:45,2025-12-24,Quarta,4,11,loja_fisica,prd_622325b011e6,Iluminador para Stream,Games,Sony,BASICO,True,cus_8ad3c8745efb,Eduardo Cunha,AC,Norte,TOP_TIER,1,323.90,323.90,False
sal_92d5e890199f,2026-01-09 15:18:03,2026-01-09,Sexta,6,15,ecommerce,prd_38c1b898aecc,Microfone para Stream,Games,Samsung,BASICO,True,cus_eae005fd3470,Calebe Fogaça,TO,Norte,TOP_TIER,2,140.90,281.80,False
sal_80a436077e9e,2026-01-03 20:14:52,2026-01-03,Sábado,7,20,loja_fisica,prd_4ee65ed59110,Frigideira Antiaderente,Cozinha,Philips,BASICO,True,cus_7262f4e5ce9f,Sophia Monteiro,SP,Sudeste,TOP_TIER,1,41.90,41.90,False
sal_929ee444fb5a,2025-12-16 08:08:31,2025-12-16,Terça,3,8,loja_fisica,prd_4a5427b33a63,Mouse Pad Gamer,Informática,Sony,BASICO,True,cus_8ad3c8745efb,Eduardo Cunha,AC,Norte,TOP_TIER,2,71.01,142.02,False
sal_c6eb83031188,2025-12-27 09:22:19,2025-12-27,Sábado,7,9,ecommerce,prd_385035a5bc20,Notebook Inspiron 15,Eletrônicos,Adidas,BASICO,True,cus_cf84750c1fb4,Alana Teixeira,MA,Nordeste,TOP_TIER,1,208.91,208.91,False
sal_b257a0ebff37,2026-01-09 15:39:47,2026-01-09,Sexta,6,15,ecommerce,prd_b76e68fde5cb,Perfume 100ml,Beleza,Nike,BASICO,True,cus_8ad3c8745efb,Eduardo Cunha,AC,Norte,TOP_TIER,1,457.90,457.90,False
sal_6aa5dfcf16f9,2026-01-11 11:27:02,2026-01-11,Domingo,1,11,ecommerce,prd_d21486ad974a,Teclado Gamer RGB,Games,Motorola,BASICO,True,cus_911b23c97589,Heitor Nunes,MS,Centro-Oeste,REGULAR,1,338.25,338.25,False
sal_f35738357cf7,2025-12-19 17:33:21,2025-12-19,Sexta,6,17,ecommerce,prd_23664e42a71c,Jogo de Toalhas,Casa,Xiaomi,BASICO,True,cus_b0026583b709,Mariane Pacheco,MT,Centro-Oeste,VIP,2,104.41,208.82,False
sal_a7f0b9479574,2025-12-23 01:34:46,2025-12-23,Terça,3,1,loja_fisica,prd_b2fdb7f36a3f,Blusa de Algodão,Moda,LG,BASICO,True,cus_25c656241a9a,Amanda Novais,GO,Centro-Oeste,TOP_TIER,1,50.34,50.34,False
sal_6587a876e3f5,2025-12-30 16:53:53,2025-12-30,Terça,3,16,ecommerce,prd_30518d908a92,Cinto de Couro,Acessórios,Asus,BASICO,True,cus_25c656241a9a,Amanda Novais,GO,Centro-Oeste,TOP_TIER,5,80.99,404.95,False
sal_b53d49b9a8db,2026-01-10 14:34:39,2026-01-10,Sábado,7,14,ecommerce,prd_06c19781c3db,Assadeira de Vidro,Cozinha,Nike,BASICO,True,cus_4e62d52db97a,Josué Souza,RJ,Sudeste,VIP,1,90.81,90.81,False
sal_ead109319fc2,2026-01-06 18:31:15,2026-01-06,Terça,3,18,ecommerce,prd_e55f1f3ae9ad,SSD 500GB,Eletrônicos,Arno,BASICO,True,cus_1a38731e1fbe,Otávio Fernandes,ES,Sudeste,TOP_TIER,1,68.31,68.31,False
sal_65fa48e09b55,2025-12-15 22:42:20,2025-12-15,Segunda,2,22,ecommerce,prd_a4ee2d52d1c5,Suporte para Controle,Games,Arno,BASICO,True,cus_66677d443e5e,Cecília Da Luz,AC,Norte,TOP_TIER,5,213.90,1069.50,False
sal_851cf3d260db,2025-12-24 18:55:43,2025-12-24,Quarta,4,18,loja_fisica,prd_2293732b7542,Cortina Blackout,Casa,Xiaomi,BASICO,True,cus_a01814ad9247,Ana Beatriz Alves,SP,Sudeste,TOP_TIER,1,68.90,68.90,False
sal_6c06aa88c8de,2026-01-01 20:30:34,2026-01-01,Quinta,5,20,loja_fisica,prd_dd8079e89b90,Porta-retrato,Casa,Nike,BASICO,True,cus_f1eccf8e0d99,Luiz Miguel Câmara,GO,Centro-Oeste,REGULAR,1,93.39,93.39,False
sal_e982012cee43,2025-12-26 08:07:10,2025-12-26,Sexta,6,8,ecommerce,prd_d22d1b8b1502,Camisa Social,Moda,Brastemp,PREMIUM,True,cus_6ff11137142d,Vitor Gabriel Sá,TO,Norte,TOP_TIER,1,977.42,977.42,False
sal_22a22c67c5e3,2025-12-22 08:23:35,2025-12-22,Segunda,2,8,ecommerce,prd_334f4a32f979,Persiana Vertical,Casa,Motorola,BASICO,True,cus_f1a06ae11717,Gustavo Henrique Rios,AM,Norte,TOP_TIER,3,404.50,1213.50,False
sal_0839a0114849,2025-12-27 14:31:29,2025-12-27,Sábado,7,14,loja_fisica,prd_11bf1703f8e9,Caixa de Som Portátil,Áudio,O Boticário,BASICO,True,cus_c3944101594c,Murilo Da Mata,RR,Norte,VIP,1,48.00,48.00,False
sal_7dc8efc685f1,2026-01-06 13:18:35,2026-01-06,Terça,3,13,ecommerce,prd_6ae727ee4463,Placa Mãe B450,Informática,Xiaomi,BASICO,True,cus_c3944101594c,Murilo Da Mata,RR,Norte,VIP,1,66.60,66.60,False
sal_c1253454262a,2025-12-17 23:39:48,2025-12-17,Quarta,4,23,loja_fisica,prd_82cd17cb589d,Persiana Vertical,Casa,Dell,BASICO,True,cus_3580317ddeab,Bella Borges,AM,Norte,VIP,1,44.90,44.90,False
sal_7350704eef33,2025-12-30 22:46:07,2025-12-30,Terça,3,22,loja_fisica,prd_ea6b930ce9ac,Gravador de Voz,Áudio,Lenovo,BASICO,True,cus_1a38731e1fbe,Otávio Fernandes,ES,Sudeste,TOP_TIER,1,172.69,172.69,False
sal_18f0156e8060,2026-01-02 18:25:19,2026-01-02,Sexta,6,18,ecommerce,prd_dfac11815029,Microfone para Stream,Games,Apple,BASICO,True,cus_df9e0b31fa20,Yuri Albuquerque,SE,Nordeste,REGULAR,1,189.00,189.00,False
sal_84df53cad06f,2025-12-25 22:00:16,2025-12-25,Quinta,5,22,ecommerce,prd_51511e44c92a,Kit Gamer Completo,Games,Mondial,BASICO,True,cus_b0026583b709,Mariane Pacheco,MT,Centro-Oeste,VIP,1,88.90,88.90,False
sal_7f7565ddf89b,2026-01-07 18:51:24,2026-01-07,Quarta,4,18,ecommerce,prd_f063f46a7ef8,Fone de Ouvido Esportivo,Áudio,Consul,PREMIUM,True,cus_0914bdf6e1fe,Isabelly Câmara,MT,Centro-Oeste,REGULAR,1,1428.99,1428.99,False
sal_ba23dc9564df,2025-12-15 17:00:21,2025-12-15,Segunda,2,17,ecommerce,prd_cc3053305ba7,iPhone 14,Eletrônicos,Motorola,MEDIO,True,cus_f1a06ae11717,Gustavo Henrique Rios,AM,Norte,TOP_TIER,3,586.05,1758.15,False
sal_6cc3d8a65e51,2025-12-30 19:47:08,2025-12-30,Terça,3,19,ecommerce,prd_38c1b898aecc,Microfone para Stream,Games,Samsung,BASICO,True,cus_cf84750c1fb4,Alana Teixeira,MA,Nordeste,TOP_TIER,1,126.81,126.81,False
sal_2ce36d40d7d4,2025-12-15 16:42:55,2025-12-15,Segunda,2,16,ecommerce,prd_30518d908a92,Cinto de Couro,Acessórios,Asus,BASICO,True,cus_36595eecf105,Bruno Novaes,PA,Norte,REGULAR,1,76.94,76.94,False
sal_88b30a309162,2025-12-28 10:46:01,2025-12-28,Domingo,1,10,loja_fisica,prd_9b6e92e0766c,Casaco de Inverno,Moda,Arno,BASICO,True,cus_6ff11137142d,Vitor Gabriel Sá,TO,Norte,TOP_TIER,2,39.49,78.98,False
sal_8a5b867e7eab,2025-12-31 09:17:45,2025-12-31,Quarta,4,9,loja_fisica,prd_4ee65ed59110,Frigideira Antiaderente,Cozinha,Philips,BASICO,True,cus_13af118ef4e8,Sarah Teixeira,AM,Norte,TOP_TIER,2,37.71,75.42,False
sal_b4d346c8452c,2026-01-08 08:51:46,2026-01-08,Quinta,5,8,ecommerce,prd_23664e42a71c,Jogo de Toalhas,Casa,Xiaomi,BASICO,True,cus_911b23c97589,Heitor Nunes,MS,Centro-Oeste,REGULAR,1,109.90,109.90,False
sal_89406d6f993e,2025-12-16 17:26:23,2025-12-16,Terça,3,17,ecommerce,prd_d92ad43fa137,Smart TV 43 Polegadas,Eletrônicos,Philips,BASICO,True,cus_f64907d41a69,Henrique Da Conceição,DF,Centro-Oeste,VIP,1,66.90,66.90,False
sal_fcf81bc56d11,2025-12-14 00:53:38,2025-12-14,Domingo,1,0,loja_fisica,prd_35a61bfe666d,Teclado Mecânico RGB,Eletrônicos,Xiaomi,BASICO,True,cus_3580317ddeab,Bella Borges,AM,Norte,VIP,1,55.99,55.99,False
sal_a1c88f809785,2025-12-24 09:17:11,2025-12-24,Quarta,4,9,loja_fisica,prd_4ee65ed59110,Frigideira Antiaderente,Cozinha,Philips,BASICO,True,cus_eae005fd3470,Calebe Fogaça,TO,Norte,TOP_TIER,1,37.71,37.71,False
sal_2bc81b1e9b8d,2025-12-18 20:58:32,2025-12-18,Quinta,5,20,ecommerce,prd_f063f46a7ef8,Fone de Ouvido Esportivo,Áudio,Consul,PREMIUM,True,cus_fa3a88d1ccef,Benício Gomes,AL,Nordeste,VIP,1,1357.54,1357.54,False
sal_beef9864e52f,2025-12-26 15:20:29,2025-12-26,Sexta,6,15,loja_fisica,prd_3bee9877eb80,Rádio AM/FM,Áudio,Lenovo,BASICO,True,cus_66677d443e5e,Cecília Da Luz,AC,Norte,TOP_TIER,1,43.23,43.23,False
sal_170953a14826,2026-01-04 17:49:00,2026-01-04,Domingo,1,17,loja_fisica,prd_65c60230d4ed,Base Líquida,Beleza,Asus,BASICO,True,cus_508a15ccf0fa,Zoe Campos,MT,Centro-Oeste,TOP_TIER,1,99.90,99.90,False
sal_6571bfb2c291,2025-12-26 14:09:25,2025-12-26,Sexta,6,14,loja_fisica,prd_645f7859f379,Calça Jeans Skinny,Moda,Asus,BASICO,True,cus_a9747473c5c6,Ana Lívia Aparecida,AL,Nordeste,REGULAR,3,486.90,1460.70,False
sal_b29cc7b3a9d5,2025-12-31 09:31:18,2025-12-31,Quarta,4,9,ecommerce,prd_045813f96891,Cardigan de Lã,Moda,LG,BASICO,True,cus_639110db69ed,João Vitor Barros,AP,Norte,REGULAR,1,128.69,128.69,False
sal_75ed3b8b07e4,2026-01-03 17:43:43,2026-01-03,Sábado,7,17,ecommerce,prd_c62100cc281c,Webcam para Stream,Games,Samsung,BASICO,True,cus_2b1b3e2a1515,Ana Sophia Pereira,MG,Sudeste,VIP,2,48.90,97.80,False
sal_fb9742cff9bf,2025-12-21 15:55:40,2025-12-21,Domingo,1,15,ecommerce,prd_bf5d8671f7a9,Placa Mãe B450,Informática,Brastemp,BASICO,True,cus_25d1cb23f872,Melissa Pastor,AC,Norte,VIP,1,119.90,119.90,False
sal_aee7b56176a7,2025-12-17 18:59:34,2025-12-17,Quarta,4,18,ecommerce,prd_84a009f1889d,Cortina Box,Casa,Consul,BASICO,True,cus_ec8d75866856,Luan Vargas,RS,Sul,TOP_TIER,1,32.90,32.90,False
sal_d683e306d18c,2026-01-07 15:54:04,2026-01-07,Quarta,4,15,ecommerce,prd_afd58e5fd09d,Condicionador Hidratante,Beleza,Asus,BASICO,True,cus_f64907d41a69,Henrique Da Conceição,DF,Centro-Oeste,VIP,1,429.30,429.30,False
sal_5d09dd58cfea,2026-01-06 22:42:23,2026-01-06,Terça,3,22,loja_fisica,prd_9aa451566556,Jarra de Vidro,Cozinha,Apple,BASICO,True,cus_3580317ddeab,Bella Borges,AM,Norte,VIP,1,395.90,395.90,False
sal_878d4c0992b6,2025-12-19 17:56:51,2025-12-19,Sexta,6,17,ecommerce,prd_d500fa66507e,Shorts Jeans,Moda,Electrolux,BASICO,True,cus_f1eccf8e0d99,Luiz Miguel Câmara,GO,Centro-Oeste,REGULAR,2,346.49,692.98,False
sal_1a2d700e7c23,2025-12-30 21:24:10,2025-12-30,Terça,3,21,loja_fisica,prd_045813f96891,Cardigan de Lã,Moda,LG,BASICO,True,cus_96658dc10aa5,Agatha Silveira,PA,Norte,TOP_TIER,1,135.84,135.84,False
sal_253e29b45dcd,2025-12-27 22:10:07,2025-12-27,Sábado,7,22,ecommerce,prd_6185cee255bc,Caixa de Som 2.1,Áudio,LG,BASICO,True,cus_f1eccf8e0d99,Luiz Miguel Câmara,GO,Centro-Oeste,REGULAR,1,102.50,102.50,False
sal_a0dd4c9a2bc6,2025-12-24 19:02:54,2025-12-24,Quarta,4,19,ecommerce,prd_93ed035b2e9e,Peneira Inox,Cozinha,Arno,BASICO,True,cus_0914bdf6e1fe,Isabelly Câmara,MT,Centro-Oeste,REGULAR,1,116.99,116.99,False
sal_55e3ee454b43,2026-01-06 08:37:07,2026-01-06,Terça,3,8,loja_fisica,prd_ff35b88df534,SSD 500GB,Eletrônicos,Acer,BASICO,True,cus_13af118ef4e8,Sarah Teixeira,AM,Norte,TOP_TIER,1,211.90,211.90,False
sal_8d0f0e260888,2025-12-15 18:56:38,2025-12-15,Segunda,2,18,ecommerce,prd_0347eab01a6c,Memória RAM 8GB,Informática,Mondial,MEDIO,True,cus_71308b76151a,Amanda Sousa,MS,Centro-Oeste,TOP_TIER,1,626.00,626.00,False
sal_62eebbce7a2a,2026-01-04 22:16:30,2026-01-04,Domingo,1,22,ecommerce,prd_334f4a32f979,Persiana Vertical,Casa,Motorola,BASICO,True,cus_2b1b3e2a1515,Ana Sophia Pereira,MG,Sudeste,VIP,1,404.50,404.50,False
sal_1bf68443ac1f,2025-12-13 09:02:36,2025-12-13,Sábado,7,9,ecommerce,prd_dfac11815029,Microfone para Stream,Games,Apple,BASICO,True,cus_4209c24e0be2,Maya Castro,TO,Norte,REGULAR,1,189.00,189.00,False
sal_eedb35a86f11,2025-12-19 20:33:27,2025-12-19,Sexta,6,20,ecommerce,prd_ff35b88df534,SSD 500GB,Eletrônicos,Acer,BASICO,True,cus_0ff4cceccc6f,João Aparecida,CE,Nordeste,TOP_TIER,1,211.90,211.90,False
sal_dccfb4adfb38,2026-01-05 19:35:59,2026-01-05,Segunda,2,19,ecommerce,prd_fb32df842fbd,Vestido Floral,Moda,Consul,BASICO,True,cus_25c656241a9a,Amanda Novais,GO,Centro-Oeste,TOP_TIER,2,92.90,185.80,False
sal_a1521145f1d9,2026-01-09 23:17:40,2026-01-09,Sexta,6,23,ecommerce,prd_385035a5bc20,Notebook Inspiron 15,Eletrônicos,Adidas,BASICO,True,cus_7262f4e5ce9f,Sophia Monteiro,SP,Sudeste,TOP_TIER,1,219.90,219.90,False
sal_f3d79c770eb0,2026-01-02 11:45:37,2026-01-02,Sexta,6,11,ecommerce,prd_d8ec0b81e223,Toca-discos USB,Áudio,O Boticário,BASICO,True,cus_78ab1cf16e12,Beatriz Garcia,SE,Nordeste,TOP_TIER,1,334.71,334.71,False
sal_0ea54b7a9c16,2025-12-21 20:17:55,2025-12-21,Domingo,1,20,ecommerce,prd_a3ae425a3edd,Pesos de Pulso,Esporte,Philips,BASICO,True,cus_7262f4e5ce9f,Sophia Monteiro,SP,Sudeste,TOP_TIER,2,83.99,167.98,False
sal_3c119704a74a,2026-01-01 19:34:41,2026-01-01,Quinta,5,19,loja_fisica,prd_334f4a32f979,Persiana Vertical,Casa,Motorola,BASICO,True,cus_66677d443e5e,Cecília Da Luz,AC,Norte,TOP_TIER,2,343.82,687.64,False
sal_3435daf4bce3,2026-01-10 16:44:06,2026-01-10,Sábado,7,16,loja_fisica,prd_3bee9877eb80,Rádio AM/FM,Áudio,Lenovo,BASICO,True,cus_f1a06ae11717,Gustavo Henrique Rios,AM,Norte,TOP_TIER,1,38.67,38.67,False
sal_070dd25a4609,2025-12-24 18:14:53,2025-12-24,Quarta,4,18,ecommerce,prd_89d76b194110,Travesseiro Ortopédico,Casa,Sony,BASICO,True,cus_cf84750c1fb4,Alana Teixeira,MA,Nordeste,TOP_TIER,1,170.99,170.99,False
sal_4ffc9fca5bb6,2025-12-23 17:05:55,2025-12-23,Terça,3,17,ecommerce,prd_bf5d8671f7a9,Placa Mãe B450,Informática,Brastemp,BASICO,True,cus_25c656241a9a,Amanda Novais,GO,Centro-Oeste,TOP_TIER,4,107.91,431.64,False
sal_516a4a4990a1,2026-01-02 09:12:19,2026-01-02,Sexta,6,9,ecommerce,prd_045813f96891,Cardigan de Lã,Moda,LG,BASICO,True,cus_79d52b75f259,Elisa Freitas,CE,Nordeste,TOP_TIER,1,142.99,142.99,False
sal_d5f0f946498f,2025-12-14 15:24:50,2025-12-14,Domingo,1,15,loja_fisica,prd_f063f46a7ef8,Fone de Ouvido Esportivo,Áudio,Consul,PREMIUM,True,cus_4e62d52db97a,Josué Souza,RJ,Sudeste,VIP,1,1357.54,1357.54,False
sal_eab20d1c7027,2026-01-03 09:30:34,2026-01-03,Sábado,7,9,loja_fisica,prd_2293732b7542,Cortina Blackout,Casa,Xiaomi,BASICO,True,cus_f1a06ae11717,Gustavo Henrique Rios,AM,Norte,TOP_TIER,1,68.90,68.90,False
sal_84362f3223d7,2025-12-15 08:18:50,2025-12-15,Segunda,2,8,ecommerce,prd_51511e44c92a,Kit Gamer Completo,Games,Mondial,BASICO,True,cus_66677d443e5e,Cecília Da Luz,AC,Norte,TOP_TIER,3,88.90,266.70,False
sal_39e08e96f095,2025-12-29 08:09:44,2025-12-29,Segunda,2,8,loja_fisica,prd_651e8d1acbf8,Processador de Alimentos,Cozinha,Brastemp,BASICO,True,cus_78ab1cf16e12,Beatriz Garcia,SE,Nordeste,TOP_TIER,1,441.65,441.65,False
sal_53ab21377291,2025-12-27 16:50:24,2025-12-27,Sábado,7,16,ecommerce,prd_d51f590876b9,Boné Esportivo,Esporte,O Boticário,BASICO,True,cus_8fa04d3a5837,Rafael Porto,RS,Sul,TOP_TIER,1,58.90,58.90,False
sal_faecd5f91c82,2025-12-25 17:32:34,2025-12-25,Quinta,5,17,ecommerce,prd_686e2aab873d,Blusa de Frio,Moda,Philips,BASICO,True,cus_a8f8e01eaee8,Elisa Martins,ES,Sudeste,REGULAR,2,89.50,179.00,False
sal_ffb9339c54a7,2026-01-10 16:18:00,2026-01-10,Sábado,7,16,ecommerce,prd_9adbaa3083e1,Jaqueta Jeans,Moda,Sony,BASICO,True,cus_a9747473c5c6,Ana Lívia Aparecida,AL,Nordeste,REGULAR,1,93.50,93.50,False
sal_7d332ea9a657,2026-01-04 15:24:51,2026-01-04,Domingo,1,15,ecommerce,prd_65c60230d4ed,Base Líquida,Beleza,Asus,BASICO,True,cus_79d52b75f259,Elisa Freitas,CE,Nordeste,TOP_TIER,1,99.90,99.90,False
sal_9567872d220b,2026-01-03 19:41:54,2026-01-03,Sábado,7,19,loja_fisica,prd_2befc441dd56,Bicicleta Ergométrica,Esporte,Motorola,BASICO,True,cus_25d1cb23f872,Melissa Pastor,AC,Norte,VIP,1,206.09,206.09,False
sal_cd46016bb90e,2025-12-29 21:32:02,2025-12-29,Segunda,2,21,ecommerce,prd_4ee65ed59110,Frigideira Antiaderente,Cozinha,Philips,BASICO,True,cus_96658dc10aa5,Agatha Silveira,PA,Norte,TOP_TIER,5,41.90,209.50,False
sal_ed46f93588f1,2026-01-02 22:57:47,2026-01-02,Sexta,6,22,ecommerce,prd_385035a5bc20,Notebook Inspiron 15,Eletrônicos,Adidas,BASICO,True,cus_a01814ad9247,Ana Beatriz Alves,SP,Sudeste,TOP_TIER,1,219.90,219.90,False
sal_69cf0136471a,2025-12-18 23:23:28,2025-12-18,Quinta,5,23,ecommerce,prd_23664e42a71c,Jogo de Toalhas,Casa,Xiaomi,BASICO,True,cus_a8f8e01eaee8,Elisa Martins,ES,Sudeste,REGULAR,3,109.90,329.70,False
sal_00de922767c2,2025-12-22 20:42:57,2025-12-22,Segunda,2,20,ecommerce,prd_bf94f6ee7033,Mochila Esportiva,Esporte,Sony,BASICO,True,cus_3580317ddeab,Bella Borges,AM,Norte,VIP,3,78.90,236.70,False
sal_b91a19c36b2a,2025-12-23 10:21:36,2025-12-23,Terça,3,10,ecommerce,prd_56e08463d21c,Tapete Persa,Casa,Brastemp,BASICO,True,cus_639110db69ed,João Vitor Barros,AP,Norte,REGULAR,1,201.51,201.51,False
sal_402737a744e0,2025-12-31 10:43:57,2025-12-31,Quarta,4,10,ecommerce,prd_c62100cc281c,Webcam para Stream,Games,Samsung,BASICO,True,cus_d4db3db9eccb,Ana Julia Camargo,PB,Nordeste,TOP_TIER,2,48.90,97.80,False
sal_5dca1abc7378,2026-01-11 17:27:41,2026-01-11,Domingo,1,17,loja_fisica,prd_803bcbb7ef84,Porta-temperos,Cozinha,Samsung,BASICO,True,cus_66677d443e5e,Cecília Da Luz,AC,Norte,TOP_TIER,2,129.80,259.60,False
sal_2d8d2193ffb2,2026-01-05 12:44:32,2026-01-05,Segunda,2,12,ecommerce,prd_6185cee255bc,Caixa de Som 2.1,Áudio,LG,BASICO,True,cus_66677d443e5e,Cecília Da Luz,AC,Norte,TOP_TIER,1,107.90,107.90,False
sal_93324dec5cfe,2025-12-18 13:38:47,2025-12-18,Quinta,5,13,ecommerce,prd_ebb0865fc95d,Fone Gamer RGB,Áudio,Arno,BASICO,True,cus_508a15ccf0fa,Zoe Campos,MT,Centro-Oeste,TOP_TIER,1,175.99,175.99,False
sal_f0f624a2ed69,2025-12-19 14:27:09,2025-12-19,Sexta,6,14,loja_fisica,prd_205f309c1a21,Tapete Persa,Casa,Sony,BASICO,True,cus_eae005fd3470,Calebe Fogaça,TO,Norte,TOP_TIER,1,38.49,38.49,False
sal_54059a0e2b3d,2026-01-04 19:44:32,2026-01-04,Domingo,1,19,ecommerce,prd_334f4a32f979,Persiana Vertical,Casa,Motorola,BASICO,True,cus_a2e18141f826,Ísis Leão,CE,Nordeste,REGULAR,1,343.82,343.82,False
sal_8455f129cc20,2025-12-29 08:34:11,2025-12-29,Segunda,2,8,ecommerce,prd_1091c2cfe1e9,Edredom Casal,Casa,Sony,BASICO,True,cus_66677d443e5e,Cecília Da Luz,AC,Norte,TOP_TIER,2,425.90,851.80,False
sal_6024342f84ce,2026-01-09 12:00:45,2026-01-09,Sexta,6,12,ecommerce,prd_a4025bac91a7,Óculos de Sol,Acessórios,Xiaomi,BASICO,True,cus_c3944101594c,Murilo Da Mata,RR,Norte,VIP,1,52.90,52.90,False
sal_2a4c31c45ee9,2025-12-18 10:29:31,2025-12-18,Quinta,5,10,ecommerce,prd_645f7859f379,Calça Jeans Skinny,Moda,Asus,BASICO,True,cus_f50da5532735,João Gabriel Porto,MG,Sudeste,TOP_TIER,1,486.90,486.90,False
sal_7b8e43ec6471,2025-12-14 21:34:17,2025-12-14,Domingo,1,21,loja_fisica,prd_23664e42a71c,Jogo de Toalhas,Casa,Xiaomi,BASICO,True,cus_644bf6820c61,Heloísa Andrade,PR,Sul,REGULAR,1,104.41,104.41,False
sal_6818309ea22b,2026-01-02 17:49:07,2026-01-02,Sexta,6,17,ecommerce,prd_92c0ecf60a58,Jogo de Toalhas,Casa,Brastemp,BASICO,True,cus_b42a15933072,Heitor Rezende,PE,Nordeste,TOP_TIER,1,180.90,180.90,False
sal_2d78e5536854,2025-12-23 08:09:26,2025-12-23,Terça,3,8,ecommerce,prd_ebdebaf4cd37,Edredom Casal,Casa,Xiaomi,BASICO,True,cus_fa3a88d1ccef,Benício Gomes,AL,Nordeste,VIP,1,39.90,39.90,False
sal_562f3272ab7b,2025-12-17 18:43:55,2025-12-17,Quarta,4,18,ecommerce,prd_b7490508211e,Vestido Floral,Moda,Apple,BASICO,True,cus_31874cf2d1e5,Nina Moura,SP,Sudeste,TOP_TIER,3,220.00,660.00,False
sal_7ce583c06cbb,2025-12-23 22:52:33,2025-12-23,Terça,3,22,ecommerce,prd_6d4e3b1efd0c,Necessaire,Acessórios,Xiaomi,PREMIUM,True,cus_d4db3db9eccb,Ana Julia Camargo,PB,Nordeste,TOP_TIER,1,1082.99,1082.99,False
sal_d18dcb538b03,2025-12-25 10:53:46,2025-12-25,Quinta,5,10,ecommerce,prd_76ede0cece8f,Óculos de Natação,Esporte,Lenovo,BASICO,True,cus_0343c0763f76,Vitor Gabriel Da Luz,RS,Sul,VIP,1,55.10,55.10,False
sal_2d2e73693c0a,2026-01-05 21:44:59,2026-01-05,Segunda,2,21,ecommerce,prd_dfac11815029,Microfone para Stream,Games,Apple,BASICO,True,cus_a8f8e01eaee8,Elisa Martins,ES,Sudeste,REGULAR,3,189.00,567.00,False
sal_c5e7aaeca152,2025-12-19 17:46:43,2025-12-19,Sexta,6,17,loja_fisica,prd_045813f96891,Cardigan de Lã,Moda,LG,BASICO,True,cus_cf84750c1fb4,Alana Teixeira,MA,Nordeste,TOP_TIER,1,157.29,157.29,False
sal_fbcf7f8e6a78,2026-01-05 17:49:05,2026-01-05,Segunda,2,17,ecommerce,prd_1974423eecee,Suporte para Monitor,Informática,LG,BASICO,True,cus_c3944101594c,Murilo Da Mata,RR,Norte,VIP,1,164.50,164.50,False
sal_2c521c3d554a,2026-01-04 11:03:19,2026-01-04,Domingo,1,11,ecommerce,prd_0aba258682b7,Vestido Floral,Moda,Adidas,BASICO,True,cus_c3944101594c,Murilo Da Mata,RR,Norte,VIP,2,72.50,145.00,False
sal_bbf5ae997fe9,2026-01-01 11:10:29,2026-01-01,Quinta,5,11,ecommerce,prd_a7c360e156c0,Gabinete ATX,Informática,Motorola,BASICO,True,cus_cf84750c1fb4,Alana Teixeira,MA,Nordeste,TOP_TIER,1,154.79,154.79,False
sal_7e45b9067ae4,2026-01-05 08:17:44,2026-01-05,Segunda,2,8,ecommerce,prd_6d4e3b1efd0c,Necessaire,Acessórios,Xiaomi,PREMIUM,True,cus_f1a06ae11717,Gustavo Henrique Rios,AM,Norte,TOP_TIER,1,1139.99,1139.99,False
sal_243d2554dd12,2025-12-15 13:03:32,2025-12-15,Segunda,2,13,ecommerce,prd_a3ae425a3edd,Pesos de Pulso,Esporte,Philips,BASICO,True,cus_8ad3c8745efb,Eduardo Cunha,AC,Norte,TOP_TIER,1,83.99,83.99,False
sal_5c53eff96d1d,2025-12-29 15:49:14,2025-12-29,Segunda,2,15,ecommerce,prd_9239eec8982d,HD Externo 2TB,Informática,Arno,BASICO,True,cus_0343c0763f76,Vitor Gabriel Da Luz,RS,Sul,VIP,1,51.99,51.99,False
sal_da949841001a,2025-12-19 11:07:07,2025-12-19,Sexta,6,11,ecommerce,prd_bf5d8671f7a9,Placa Mãe B450,Informática,Brastemp,BASICO,True,cus_a9747473c5c6,Ana Lívia Aparecida,AL,Nordeste,REGULAR,1,119.90,119.90,False
sal_9012aa8c209d,2025-12-17 09:01:46,2025-12-17,Quarta,4,9,ecommerce,prd_686e2aab873d,Blusa de Frio,Moda,Philips,BASICO,True,cus_13af118ef4e8,Sarah Teixeira,AM,Norte,TOP_TIER,2,85.02,170.04,False
sal_a98314430229,2025-12-25 23:07:35,2025-12-25,Quinta,5,23,ecommerce,prd_334f4a32f979,Persiana Vertical,Casa,Motorola,BASICO,True,cus_4e62d52db97a,Josué Souza,RJ,Sudeste,VIP,1,384.27,384.27,False
sal_1d79bceb8e58,2025-12-29 21:36:37,2025-12-29,Segunda,2,21,ecommerce,prd_359246d9ed10,SSD 500GB,Eletrônicos,Dell,BASICO,True,cus_4e62d52db97a,Josué Souza,RJ,Sudeste,VIP,1,118.99,118.99,False
sal_65cbd4fd21fc,2025-12-18 20:53:37,2025-12-18,Quinta,5,20,ecommerce,prd_b7490508211e,Vestido Floral,Moda,Apple,BASICO,True,cus_644bf6820c61,Heloísa Andrade,PR,Sul,REGULAR,4,220.00,880.00,False
sal_7caf1794a27d,2025-12-16 18:12:36,2025-12-16,Terça,3,18,loja_fisica,prd_385035a5bc20,Notebook Inspiron 15,Eletrônicos,Adidas,BASICO,True,cus_cf84750c1fb4,Alana Teixeira,MA,Nordeste,TOP_TIER,1,197.91,197.91,False
sal_26dd15b403ea,2025-12-28 20:03:00,2025-12-28,Domingo,1,20,ecommerce,prd_84a009f1889d,Cortina Box,Casa,Consul,BASICO,True,cus_f1a06ae11717,Gustavo Henrique Rios,AM,Norte,TOP_TIER,2,31.25,62.50,False
sal_40cedf05202d,2025-12-28 12:44:30,2025-12-28,Domingo,1,12,ecommerce,prd_9239eec8982d,HD Externo 2TB,Informática,Arno,BASICO,True,cus_d4db3db9eccb,Ana Julia Camargo,PB,Nordeste,TOP_TIER,1,46.79,46.79,False
sal_18a8236c846a,2025-12-26 12:28:48,2025-12-26,Sexta,6,12,ecommerce,prd_3805ad8d3d2c,Adaptador HDMI-VGA,Informática,Apple,BASICO,True,cus_cf84750c1fb4,Alana Teixeira,MA,Nordeste,TOP_TIER,1,148.90,148.90,False
sal_8f6c2c7a21d7,2025-12-29 21:48:18,2025-12-29,Segunda,2,21,loja_fisica,prd_4ee65ed59110,Frigideira Antiaderente,Cozinha,Philips,BASICO,True,cus_eae005fd3470,Calebe Fogaça,TO,Norte,TOP_TIER,1,39.80,39.80,False
sal_613cb1b05b36,2026-01-11 15:09:39,2026-01-11,Domingo,1,15,ecommerce,prd_bf5d8671f7a9,Placa Mãe B450,Informática,Brastemp,BASICO,True,cus_c8d383cfde0c,Maria Cecília Oliveira,AM,Norte,TOP_TIER,1,119.90,119.90,False
sal_cbc2e48c2e0e,2025-12-22 11:18:08,2025-12-22,Segunda,2,11,loja_fisica,prd_d500fa66507e,Shorts Jeans,Moda,Electrolux,BASICO,True,cus_fa3a88d1ccef,Benício Gomes,AL,Nordeste,VIP,3,384.99,1154.97,False
sal_c65ed072c04a,2026-01-01 18:14:44,2026-01-01,Quinta,5,18,ecommerce,prd_1091c2cfe1e9,Edredom Casal,Casa,Sony,BASICO,True,cus_c3944101594c,Murilo Da Mata,RR,Norte,VIP,1,425.90,425.90,False
sal_43172e0bb873,2026-01-10 14:06:35,2026-01-10,Sábado,7,14,loja_fisica,prd_c1f6dcbed826,Descascador de Legumes,Cozinha,Adidas,BASICO,True,cus_c3944101594c,Murilo Da Mata,RR,Norte,VIP,2,192.90,385.80,False
sal_7a13d09782fd,2025-12-20 13:20:38,2025-12-20,Sábado,7,13,loja_fisica,prd_3bee9877eb80,Rádio AM/FM,Áudio,Lenovo,BASICO,True,cus_8fa04d3a5837,Rafael Porto,RS,Sul,TOP_TIER,2,43.23,86.46,False
sal_a3e03ef43cc3,2025-12-13 17:55:24,2025-12-13,Sábado,7,17,loja_fisica,prd_d92ad43fa137,Smart TV 43 Polegadas,Eletrônicos,Philips,BASICO,True,cus_71308b76151a,Amanda Sousa,MS,Centro-Oeste,TOP_TIER,2,63.55,127.10,False
sal_bb1255fe23d4,2025-12-28 11:54:15,2025-12-28,Domingo,1,11,ecommerce,prd_51511e44c92a,Kit Gamer Completo,Games,Mondial,BASICO,True,cus_0ff4cceccc6f,João Aparecida,CE,Nordeste,TOP_TIER,1,88.90,88.90,False
sal_1a7ed65332f7,2026-01-10 12:08:47,2026-01-10,Sábado,7,12,loja_fisica,prd_6f0a4eefed22,Faqueiro Inox 12 Peças,Cozinha,Apple,BASICO,True,cus_78ab1cf16e12,Beatriz Garcia,SE,Nordeste,TOP_TIER,1,39.99,39.99,False
sal_2cf4181a1e4c,2026-01-02 21:36:27,2026-01-02,Sexta,6,21,ecommerce,prd_223c9b6a0a76,Luminária de Mesa,Casa,Mondial,BASICO,True,cus_c3944101594c,Murilo Da Mata,RR,Norte,VIP,1,77.89,77.89,False
sal_7a55c7bf159b,2025-12-20 21:31:33,2025-12-20,Sábado,7,21,ecommerce,prd_92c0ecf60a58,Jogo de Toalhas,Casa,Brastemp,BASICO,True,cus_f1a06ae11717,Gustavo Henrique Rios,AM,Norte,TOP_TIER,1,162.81,162.81,False
sal_ae263571a9f3,2025-12-16 14:09:55,2025-12-16,Terça,3,14,ecommerce,prd_1e4ccab8af1a,Máscara Facial,Beleza,Apple,BASICO,True,cus_25d1cb23f872,Melissa Pastor,AC,Norte,VIP,1,106.31,106.31,False
sal_7c90b07aa2d0,2026-01-07 11:42:19,2026-01-07,Quarta,4,11,ecommerce,prd_82cd17cb589d,Persiana Vertical,Casa,Dell,BASICO,True,cus_c3944101594c,Murilo Da Mata,RR,Norte,VIP,1,44.90,44.90,False
sal_46dd9d399967,2025-12-14 17:12:18,2025-12-14,Domingo,1,17,ecommerce,prd_205f309c1a21,Tapete Persa,Casa,Sony,BASICO,True,cus_ec8d75866856,Luan Vargas,RS,Sul,TOP_TIER,1,33.24,33.24,False
sal_c382991d78a7,2025-12-24 10:27:25,2025-12-24,Quarta,4,10,ecommerce,prd_295160cbf171,Controle Xbox,Games,Apple,BASICO,True,cus_0914bdf6e1fe,Isabelly Câmara,MT,Centro-Oeste,REGULAR,1,264.26,264.26,False
sal_e9239a3b28bb,2025-12-30 18:50:48,2025-12-30,Terça,3,18,ecommerce,prd_645f7859f379,Calça Jeans Skinny,Moda,Asus,BASICO,True,cus_79d52b75f259,Elisa Freitas,CE,Nordeste,TOP_TIER,1,486.90,486.90,False
sal_bac6d456cbfc,2025-12-22 22:16:30,2025-12-22,Segunda,2,22,ecommerce,prd_9259039bf9b2,Tábua de Corte,Cozinha,Sony,BASICO,True,cus_96658dc10aa5,Agatha Silveira,PA,Norte,TOP_TIER,3,204.84,614.52,False
sal_d9e92b4a9d0c,2025-12-23 20:59:34,2025-12-23,Terça,3,20,ecommerce,prd_e66747c9b59e,Cesto de Vime,Casa,Brastemp,BASICO,True,cus_3580317ddeab,Bella Borges,AM,Norte,VIP,1,184.30,184.30,False
sal_edae8d47a68e,2025-12-30 10:35:51,2025-12-30,Terça,3,10,ecommerce,prd_b17460641fb4,Garrafa Térmica 1L,Cozinha,Xiaomi,BASICO,True,cus_6ff11137142d,Vitor Gabriel Sá,TO,Norte,TOP_TIER,3,203.99,611.97,False
sal_80948524c8ef,2026-01-09 18:05:41,2026-01-09,Sexta,6,18,ecommerce,prd_ebb0865fc95d,Fone Gamer RGB,Áudio,Arno,BASICO,True,cus_f64907d41a69,Henrique Da Conceição,DF,Centro-Oeste,VIP,1,149.59,149.59,False
sal_751474da4c7a,2025-12-19 18:44:22,2025-12-19,Sexta,6,18,ecommerce,prd_c29b93111bd9,Colar de Ouro,Acessórios,Arno,BASICO,True,cus_df9e0b31fa20,Yuri Albuquerque,SE,Nordeste,REGULAR,1,206.90,206.90,False
sal_75f125407dc7,2026-01-01 11:50:21,2026-01-01,Quinta,5,11,ecommerce,prd_b4a98acf1a5f,Cardigan de Lã,Moda,LG,BASICO,True,cus_31874cf2d1e5,Nina Moura,SP,Sudeste,TOP_TIER,1,35.90,35.90,False
sal_1da97ed296fc,2025-12-20 12:14:54,2025-12-20,Sábado,7,12,ecommerce,prd_385035a5bc20,Notebook Inspiron 15,Eletrônicos,Adidas,BASICO,True,cus_0343c0763f76,Vitor Gabriel Da Luz,RS,Sul,VIP,1,186.91,186.91,False
sal_4b4e08d982b7,2025-12-26 17:58:33,2025-12-26,Sexta,6,17,ecommerce,prd_e561d57f2a21,Caixa de Som 2.1,Áudio,Acer,BASICO,True,cus_ec8d75866856,Luan Vargas,RS,Sul,TOP_TIER,2,111.14,222.28,False
sal_a95a0758093e,2025-12-28 09:47:16,2025-12-28,Domingo,1,9,loja_fisica,prd_2cbafff50c72,Sabonete Facial,Beleza,Nike,BASICO,True,cus_66677d443e5e,Cecília Da Luz,AC,Norte,TOP_TIER,1,110.99,110.99,False
sal_a30b85d40094,2026-01-01 12:00:30,2026-01-01,Quinta,5,12,loja_fisica,prd_e561d57f2a21,Caixa de Som 2.1,Áudio,Acer,BASICO,True,cus_3580317ddeab,Bella Borges,AM,Norte,VIP,1,116.99,116.99,False
sal_493895f3b9ee,2025-12-26 09:40:20,2025-12-26,Sexta,6,9,loja_fisica,prd_2255432fabe7,Marcador de Texto,Acessórios,Nike,BASICO,True,cus_0ff4cceccc6f,João Aparecida,CE,Nordeste,TOP_TIER,1,131.99,131.99,False
sal_6d64faac74a8,2025-12-23 14:35:20,2025-12-23,Terça,3,14,ecommerce,prd_645f7859f379,Calça Jeans Skinny,Moda,Asus,BASICO,True,cus_4209c24e0be2,Maya Castro,TO,Norte,REGULAR,2,486.90,973.80,False
sal_aa654ffd8ba0,2026-01-09 22:57:11,2026-01-09,Sexta,6,22,ecommerce,prd_385035a5bc20,Notebook Inspiron 15,Eletrônicos,Adidas,BASICO,True,cus_d4db3db9eccb,Ana Julia Camargo,PB,Nordeste,TOP_TIER,1,219.90,219.90,False
sal_2165aefa1f8e,2025-12-19 15:21:59,2025-12-19,Sexta,6,15,loja_fisica,prd_e66747c9b59e,Cesto de Vime,Casa,Brastemp,BASICO,True,cus_8ad3c8745efb,Eduardo Cunha,AC,Norte,TOP_TIER,3,213.40,640.20,False
sal_733ad0e52a8b,2025-12-23 15:05:03,2025-12-23,Terça,3,15,ecommerce,prd_5744e3f88341,Jarra de Vidro,Cozinha,Apple,BASICO,True,cus_eae005fd3470,Calebe Fogaça,TO,Norte,TOP_TIER,1,173.61,173.61,False
sal_f71d206b40fa,2026-01-01 15:43:44,2026-01-01,Quinta,5,15,ecommerce,prd_3bee9877eb80,Rádio AM/FM,Áudio,Lenovo,BASICO,True,cus_25d1cb23f872,Melissa Pastor,AC,Norte,VIP,1,38.67,38.67,False
sal_d050aa91a0e7,2026-01-05 10:53:29,2026-01-05,Segunda,2,10,ecommerce,prd_295160cbf171,Controle Xbox,Games,Apple,BASICO,True,cus_a01814ad9247,Ana Beatriz Alves,SP,Sudeste,TOP_TIER,2,295.35,590.70,False
sal_5aa325da6da1,2026-01-08 12:38:08,2026-01-08,Quinta,5,12,ecommerce,prd_2293732b7542,Cortina Blackout,Casa,Xiaomi,BASICO,True,cus_884be6e0ce9a,Emanuel Vieira,PA,Norte,REGULAR,1,58.57,58.57,False
sal_131ceb53a3fa,2025-12-16 08:23:35,2025-12-16,Terça,3,8,loja_fisica,prd_11bf1703f8e9,Caixa de Som Portátil,Áudio,O Boticário,BASICO,True,cus_b0026583b709,Mariane Pacheco,MT,Centro-Oeste,VIP,2,48.00,96.00,False
sal_ef84e189f464,2025-12-20 15:29:24,2025-12-20,Sábado,7,15,ecommerce,prd_645f7859f379,Calça Jeans Skinny,Moda,Asus,BASICO,True,cus_f1a06ae11717,Gustavo Henrique Rios,AM,Norte,TOP_TIER,1,462.55,462.55,False
sal_65853be39537,2025-12-20 14:07:09,2025-12-20,Sábado,7,14,ecommerce,prd_6d4e3b1efd0c,Necessaire,Acessórios,Xiaomi,PREMIUM,True,cus_0ff4cceccc6f,João Aparecida,CE,Nordeste,TOP_TIER,2,1139.99,2279.98,False
sal_5060e13a294f,2025-12-23 21:09:06,2025-12-23,Terça,3,21,loja_fisica,prd_032c166122f7,Controle Xbox,Games,Xiaomi,BASICO,True,cus_1a38731e1fbe,Otávio Fernandes,ES,Sudeste,TOP_TIER,1,186.91,186.91,False
sal_6357e92080f8,2026-01-03 11:19:42,2026-01-03,Sábado,7,11,ecommerce,prd_c62100cc281c,Webcam para Stream,Games,Samsung,BASICO,True,cus_d4db3db9eccb,Ana Julia Camargo,PB,Nordeste,TOP_TIER,2,48.90,97.80,False
sal_b950e7340856,2026-01-04 16:43:11,2026-01-04,Domingo,1,16,ecommerce,prd_31b74a170d35,Saia Midi,Moda,Consul,BASICO,True,cus_8fa04d3a5837,Rafael Porto,RS,Sul,TOP_TIER,1,72.90,72.90,False
sal_4ab7ebd0102a,2025-12-31 15:34:34,2025-12-31,Quarta,4,15,loja_fisica,prd_d0368e440753,Batom Matte,Beleza,Adidas,BASICO,True,cus_4209c24e0be2,Maya Castro,TO,Norte,REGULAR,1,33.15,33.15,False
sal_da5d3f09611f,2026-01-03 14:10:00,2026-01-03,Sábado,7,14,ecommerce,prd_92c4758afec3,Vestido Floral,Moda,Arno,BASICO,True,cus_911b23c97589,Heitor Nunes,MS,Centro-Oeste,REGULAR,2,293.31,586.62,False
sal_c65dcf8b6b96,2025-12-13 14:34:31,2025-12-13,Sábado,7,14,loja_fisica,prd_205f309c1a21,Tapete Persa,Casa,Sony,BASICO,True,cus_4e62d52db97a,Josué Souza,RJ,Sudeste,VIP,1,33.24,33.24,False
sal_9e6314c9206a,2025-12-25 20:47:12,2025-12-25,Quinta,5,20,ecommerce,prd_84a009f1889d,Cortina Box,Casa,Consul,BASICO,True,cus_a9747473c5c6,Ana Lívia Aparecida,AL,Nordeste,REGULAR,3,32.90,98.70,False
sal_1fe22769b592,2026-01-05 10:36:11,2026-01-05,Segunda,2,10,ecommerce,prd_f063f46a7ef8,Fone de Ouvido Esportivo,Áudio,Consul,PREMIUM,True,cus_b42a15933072,Heitor Rezende,PE,Nordeste,TOP_TIER,1,1428.99,1428.99,False
sal_440bd9896bcc,2026-01-06 12:23:32,2026-01-06,Terça,3,12,loja_fisica,prd_38c1b898aecc,Microfone para Stream,Games,Samsung,BASICO,True,cus_a9747473c5c6,Ana Lívia Aparecida,AL,Nordeste,REGULAR,1,140.90,140.90,False
sal_fa1d09358c92,2026-01-08 10:05:46,2026-01-08,Quinta,5,10,ecommerce,prd_38c1b898aecc,Microfone para Stream,Games,Samsung,BASICO,True,cus_d2762f5968fe,Aurora Pastor,SE,Nordeste,REGULAR,1,140.90,140.90,False
sal_69ec2dfec399,2026-01-07 17:20:12,2026-01-07,Quarta,4,17,loja_fisica,prd_4ee65ed59110,Frigideira Antiaderente,Cozinha,Philips,BASICO,True,cus_644bf6820c61,Heloísa Andrade,PR,Sul,REGULAR,2,41.90,83.80,False
sal_05341c6eebd4,2025-12-17 08:06:36,2025-12-17,Quarta,4,8,loja_fisica,prd_55776d3e5c2a,Garrafa Esportiva,Esporte,Adidas,BASICO,True,cus_0343c0763f76,Vitor Gabriel Da Luz,RS,Sul,VIP,1,174.70,174.70,False
sal_0b9a10561d7f,2025-12-24 13:42:37,2025-12-24,Quarta,4,13,ecommerce,prd_92c0ecf60a58,Jogo de Toalhas,Casa,Brastemp,BASICO,True,cus_6ff11137142d,Vitor Gabriel Sá,TO,Norte,TOP_TIER,1,153.77,153.77,False
sal_95f537afaf0f,2026-01-02 08:07:33,2026-01-02,Sexta,6,8,ecommerce,prd_30518d908a92,Cinto de Couro,Acessórios,Asus,BASICO,True,cus_79d52b75f259,Elisa Freitas,CE,Nordeste,TOP_TIER,1,76.94,76.94,False
sal_6dcb6cafc420,2026-01-10 14:38:19,2026-01-10,Sábado,7,14,loja_fisica,prd_9239eec8982d,HD Externo 2TB,Informática,Arno,BASICO,True,cus_8fa04d3a5837,Rafael Porto,RS,Sul,TOP_TIER,1,49.39,49.39,False
sal_c6ae4163f3a3,2025-12-16 12:01:18,2025-12-16,Terça,3,12,ecommerce,prd_f1f39e56f84d,Bermuda Tactel,Moda,Motorola,BASICO,True,cus_31874cf2d1e5,Nina Moura,SP,Sudeste,TOP_TIER,1,60.49,60.49,False
sal_dfdb894928d6,2026-01-11 08:56:56,2026-01-11,Domingo,1,8,loja_fisica,prd_3308eb4d2b62,Cobertor de Lã,Casa,Arno,BASICO,True,cus_4209c24e0be2,Maya Castro,TO,Norte,REGULAR,2,31.34,62.68,False
sal_ae91c234d054,2026-01-08 11:36:51,2026-01-08,Quinta,5,11,ecommerce,prd_23664e42a71c,Jogo de Toalhas,Casa,Xiaomi,BASICO,True,cus_a9747473c5c6,Ana Lívia Aparecida,AL,Nordeste,REGULAR,1,109.90,109.90,False
sal_d91df5c5b8ee,2025-12-17 18:40:20,2025-12-17,Quarta,4,18,ecommerce,prd_d500fa66507e,Shorts Jeans,Moda,Electrolux,BASICO,True,cus_4e62d52db97a,Josué Souza,RJ,Sudeste,VIP,1,384.99,384.99,False
sal_8950ba8eaefa,2025-12-13 11:14:53,2025-12-13,Sábado,7,11,ecommerce,prd_51511e44c92a,Kit Gamer Completo,Games,Mondial,BASICO,True,cus_d2762f5968fe,Aurora Pastor,SE,Nordeste,REGULAR,1,97.79,97.79,False
sal_314490f3abb6,2026-01-03 17:04:48,2026-01-03,Sábado,7,17,ecommerce,prd_9b6e92e0766c,Casaco de Inverno,Moda,Arno,BASICO,True,cus_8fa04d3a5837,Rafael Porto,RS,Sul,TOP_TIER,1,34.10,34.10,False
sal_9da3cbd89689,2025-12-19 18:30:17,2025-12-19,Sexta,6,18,loja_fisica,prd_d92ad43fa137,Smart TV 43 Polegadas,Eletrônicos,Philips,BASICO,True,cus_ec8d75866856,Luan Vargas,RS,Sul,TOP_TIER,2,63.55,127.10,False
sal_688a93f7261f,2025-12-23 20:56:29,2025-12-23,Terça,3,20,ecommerce,prd_334f4a32f979,Persiana Vertical,Casa,Motorola,BASICO,True,cus_71308b76151a,Amanda Sousa,MS,Centro-Oeste,TOP_TIER,1,343.82,343.82,False
sal_69803a8bf06e,2025-12-23 11:14:03,2025-12-23,Terça,3,11,ecommerce,prd_92c0ecf60a58,Jogo de Toalhas,Casa,Brastemp,BASICO,True,cus_c3944101594c,Murilo Da Mata,RR,Norte,VIP,3,153.77,461.31,False
sal_3e41094b9313,2026-01-09 18:06:24,2026-01-09,Sexta,6,18,ecommerce,prd_51511e44c92a,Kit Gamer Completo,Games,Mondial,BASICO,True,cus_a9747473c5c6,Ana Lívia Aparecida,AL,Nordeste,REGULAR,1,80.01,80.01,False
sal_8c981618308e,2026-01-08 22:45:31,2026-01-08,Quinta,5,22,loja_fisica,prd_3805ad8d3d2c,Adaptador HDMI-VGA,Informática,Apple,BASICO,True,cus_25d1cb23f872,Melissa Pastor,AC,Norte,VIP,1,141.46,141.46,False
sal_11ba2ebf4009,2025-12-15 00:46:01,2025-12-15,Segunda,2,0,ecommerce,prd_23664e42a71c,Jogo de Toalhas,Casa,Xiaomi,BASICO,True,cus_644bf6820c61,Heloísa Andrade,PR,Sul,REGULAR,1,109.90,109.90,False
sal_f10752e26d4f,2026-01-08 10:22:48,2026-01-08,Quinta,5,10,ecommerce,prd_ff56c9132964,Regata Básica,Moda,Xiaomi,BASICO,True,cus_78ab1cf16e12,Beatriz Garcia,SE,Nordeste,TOP_TIER,1,213.99,213.99,False
sal_dfa53d9110f5,2025-12-30 19:41:30,2025-12-30,Terça,3,19,ecommerce,prd_82cd17cb589d,Persiana Vertical,Casa,Dell,BASICO,True,cus_25d1cb23f872,Melissa Pastor,AC,Norte,VIP,1,40.41,40.41,False
sal_2163b2246ecb,2025-12-24 12:05:34,2025-12-24,Quarta,4,12,ecommerce,prd_a17c779dd289,Gravador de Voz,Áudio,Asus,BASICO,True,cus_a01814ad9247,Ana Beatriz Alves,SP,Sudeste,TOP_TIER,1,64.90,64.90,False
sal_ed43913a56e3,2025-12-28 22:35:49,2025-12-28,Domingo,1,22,ecommerce,prd_92c0ecf60a58,Jogo de Toalhas,Casa,Brastemp,BASICO,True,cus_79d52b75f259,Elisa Freitas,CE,Nordeste,TOP_TIER,2,180.90,361.80,False
sal_dba2d8b357aa,2026-01-03 19:07:40,2026-01-03,Sábado,7,19,loja_fisica,prd_d92ad43fa137,Smart TV 43 Polegadas,Eletrônicos,Philips,BASICO,True,cus_b0026583b709,Mariane Pacheco,MT,Centro-Oeste,VIP,1,66.90,66.90,False
sal_c51f9a683777,2025-12-13 13:36:43,2025-12-13,Sábado,7,13,loja_fisica,prd_045813f96891,Cardigan de Lã,Moda,LG,BASICO,True,cus_b0026583b709,Mariane Pacheco,MT,Centro-Oeste,VIP,2,128.69,257.38,False
sal_2f87c831ea8e,2025-12-19 20:55:52,2025-12-19,Sexta,6,20,ecommerce,prd_bf5d8671f7a9,Placa Mãe B450,Informática,Brastemp,BASICO,True,cus_7262f4e5ce9f,Sophia Monteiro,SP,Sudeste,TOP_TIER,1,101.92,101.92,False
sal_59d28a549d37,2026-01-11 10:26:28,2026-01-11,Domingo,1,10,ecommerce,prd_d205de276c20,Raquete de Tênis,Esporte,Sony,BASICO,True,cus_0343c0763f76,Vitor Gabriel Da Luz,RS,Sul,VIP,1,58.49,58.49,False
sal_4845e7252a25,2026-01-02 18:20:52,2026-01-02,Sexta,6,18,loja_fisica,prd_dfac11815029,Microfone para Stream,Games,Apple,BASICO,True,cus_eae005fd3470,Calebe Fogaça,TO,Norte,TOP_TIER,1,160.65,160.65,False
sal_e33f2446b9ab,2026-01-07 13:39:28,2026-01-07,Quarta,4,13,ecommerce,prd_2293732b7542,Cortina Blackout,Casa,Xiaomi,BASICO,True,cus_8fa04d3a5837,Rafael Porto,RS,Sul,TOP_TIER,1,68.90,68.90,False
sal_f25dfaade73e,2025-12-23 17:29:22,2025-12-23,Terça,3,17,ecommerce,prd_d92ad43fa137,Smart TV 43 Polegadas,Eletrônicos,Philips,BASICO,True,cus_8fa04d3a5837,Rafael Porto,RS,Sul,TOP_TIER,1,63.55,63.55,False
sal_84aa4f57eed1,2025-12-27 10:27:07,2025-12-27,Sábado,7,10,ecommerce,prd_4e1abbd002eb,Mochila Esportiva,Esporte,Samsung,BASICO,True,cus_66677d443e5e,Cecília Da Luz,AC,Norte,TOP_TIER,1,44.90,44.90,False
sal_4cafe3b62057,2026-01-05 22:53:53,2026-01-05,Segunda,2,22,loja_fisica,prd_ebb0865fc95d,Fone Gamer RGB,Áudio,Arno,BASICO,True,cus_d36c11b261a6,Cauã Rocha,MA,Nordeste,REGULAR,1,175.99,175.99,False
sal_1fba451eb817,2025-12-18 20:12:11,2025-12-18,Quinta,5,20,ecommerce,prd_bf5d8671f7a9,Placa Mãe B450,Informática,Brastemp,BASICO,True,cus_884be6e0ce9a,Emanuel Vieira,PA,Norte,REGULAR,2,119.90,239.80,False
sal_5ea7cbb5daee,2025-12-16 13:14:38,2025-12-16,Terça,3,13,ecommerce,prd_82cd17cb589d,Persiana Vertical,Casa,Dell,BASICO,True,cus_96658dc10aa5,Agatha Silveira,PA,Norte,TOP_TIER,1,44.90,44.90,False
sal_a0e05529f2d0,2025-12-16 16:27:18,2025-12-16,Terça,3,16,ecommerce,prd_b7490508211e,Vestido Floral,Moda,Apple,BASICO,True,cus_7262f4e5ce9f,Sophia Monteiro,SP,Sudeste,TOP_TIER,1,198.00,198.00,False
sal_f65690e09512,2026-01-05 19:06:24,2026-01-05,Segunda,2,19,loja_fisica,prd_a4025bac91a7,Óculos de Sol,Acessórios,Xiaomi,BASICO,True,cus_b42a15933072,Heitor Rezende,PE,Nordeste,TOP_TIER,3,50.25,150.75,False
sal_4659a6b2bbb2,2025-12-22 14:20:23,2025-12-22,Segunda,2,14,ecommerce,prd_d92ad43fa137,Smart TV 43 Polegadas,Eletrônicos,Philips,BASICO,True,cus_a01814ad9247,Ana Beatriz Alves,SP,Sudeste,TOP_TIER,2,73.59,147.18,False
sal_f30fa08593a4,2025-12-14 01:49:37,2025-12-14,Domingo,1,1,ecommerce,prd_9d7b9035daa0,Forma de Bolo Redonda,Cozinha,O Boticário,BASICO,True,cus_13af118ef4e8,Sarah Teixeira,AM,Norte,TOP_TIER,1,191.90,191.90,False
sal_13a43b84e6be,2025-12-25 16:29:39,2025-12-25,Quinta,5,16,loja_fisica,prd_645f7859f379,Calça Jeans Skinny,Moda,Asus,BASICO,True,cus_eae005fd3470,Calebe Fogaça,TO,Norte,TOP_TIER,1,486.90,486.90,False
sal_522e5c087074,2025-12-28 09:16:26,2025-12-28,Domingo,1,9,ecommerce,prd_40902505f7f1,Fonte PC 500W,Informática,Philips,BASICO,True,cus_a01814ad9247,Ana Beatriz Alves,SP,Sudeste,TOP_TIER,1,495.90,495.90,False
sal_48d08a36b234,2026-01-06 23:27:02,2026-01-06,Terça,3,23,ecommerce,prd_84fc6c2a33f2,Abre-latas,Cozinha,Sony,BASICO,True,cus_639110db69ed,João Vitor Barros,AP,Norte,REGULAR,1,393.90,393.90,False
sal_49bb7235876f,2025-12-20 16:48:05,2025-12-20,Sábado,7,16,ecommerce,prd_30518d908a92,Cinto de Couro,Acessórios,Asus,BASICO,True,cus_0ff4cceccc6f,João Aparecida,CE,Nordeste,TOP_TIER,1,80.99,80.99,False
sal_38bbed71b72b,2025-12-22 15:20:21,2025-12-22,Segunda,2,15,ecommerce,prd_d22d1b8b1502,Camisa Social,Moda,Brastemp,PREMIUM,True,cus_13af118ef4e8,Sarah Teixeira,AM,Norte,TOP_TIER,1,1149.90,1149.90,False
sal_7bc028a96946,2026-01-01 11:42:54,2026-01-01,Quinta,5,11,ecommerce,prd_334f4a32f979,Persiana Vertical,Casa,Motorola,BASICO,True,cus_4209c24e0be2,Maya Castro,TO,Norte,REGULAR,1,444.95,444.95,False
sal_e5d6d09bd97a,2025-12-19 08:41:41,2025-12-19,Sexta,6,8,ecommerce,prd_645f7859f379,Calça Jeans Skinny,Moda,Asus,BASICO,True,cus_cf84750c1fb4,Alana Teixeira,MA,Nordeste,TOP_TIER,1,486.90,486.90,False
sal_c3f77b2fd203,2026-01-02 22:25:21,2026-01-02,Sexta,6,22,loja_fisica,prd_5a6fd66e1c00,Vestido Casual,Moda,Philips,BASICO,True,cus_cf84750c1fb4,Alana Teixeira,MA,Nordeste,TOP_TIER,2,101.61,203.22,False
sal_d40365b33f8f,2025-12-17 16:24:43,2025-12-17,Quarta,4,16,ecommerce,prd_f063f46a7ef8,Fone de Ouvido Esportivo,Áudio,Consul,PREMIUM,True,cus_4e62d52db97a,Josué Souza,RJ,Sudeste,VIP,2,1428.99,2857.98,False
sal_27cb4a1783eb,2025-12-27 10:42:25,2025-12-27,Sábado,7,10,ecommerce,prd_51511e44c92a,Kit Gamer Completo,Games,Mondial,BASICO,True,cus_71308b76151a,Amanda Sousa,MS,Centro-Oeste,TOP_TIER,1,88.90,88.90,False
sal_eec08b44afe2,2026-01-08 16:51:43,2026-01-08,Quinta,5,16,ecommerce,prd_385035a5bc20,Notebook Inspiron 15,Eletrônicos,Adidas,BASICO,True,cus_2b1b3e2a1515,Ana Sophia Pereira,MG,Sudeste,VIP,4,186.91,747.64,False
sal_5ccb8eb30039,2025-12-15 16:20:40,2025-12-15,Segunda,2,16,ecommerce,prd_82cd17cb589d,Persiana Vertical,Casa,Dell,BASICO,True,cus_d36c11b261a6,Cauã Rocha,MA,Nordeste,REGULAR,2,42.65,85.30,False
sal_14430cc17ea5,2025-12-26 09:40:12,2025-12-26,Sexta,6,9,ecommerce,prd_a4ee2d52d1c5,Suporte para Controle,Games,Arno,BASICO,True,cus_36595eecf105,Bruno Novaes,PA,Norte,REGULAR,1,192.51,192.51,False
sal_535cfca3be49,2025-12-27 15:30:32,2025-12-27,Sábado,7,15,ecommerce,prd_38c1b898aecc,Microfone para Stream,Games,Samsung,BASICO,True,cus_13af118ef4e8,Sarah Teixeira,AM,Norte,TOP_TIER,1,140.90,140.90,False
sal_e19f15c16fc4,2025-12-24 14:16:30,2025-12-24,Quarta,4,14,loja_fisica,prd_92c4758afec3,Vestido Floral,Moda,Arno,BASICO,True,cus_f1a06ae11717,Gustavo Henrique Rios,AM,Norte,TOP_TIER,2,277.01,554.02,False
sal_52c368800648,2026-01-03 17:32:14,2026-01-03,Sábado,7,17,ecommerce,prd_afd58e5fd09d,Condicionador Hidratante,Beleza,Asus,BASICO,True,cus_0343c0763f76,Vitor Gabriel Da Luz,RS,Sul,VIP,1,451.90,451.90,False
sal_88054db4411d,2026-01-06 14:17:01,2026-01-06,Terça,3,14,loja_fisica,prd_a4025bac91a7,Óculos de Sol,Acessórios,Xiaomi,BASICO,True,cus_13af118ef4e8,Sarah Teixeira,AM,Norte,TOP_TIER,1,52.90,52.90,False
sal_d4070b20a121,2026-01-04 19:05:05,2026-01-04,Domingo,1,19,ecommerce,prd_84a009f1889d,Cortina Box,Casa,Consul,BASICO,True,cus_d4db3db9eccb,Ana Julia Camargo,PB,Nordeste,TOP_TIER,1,27.96,27.96,False
sal_e79f629549bf,2025-12-16 19:02:37,2025-12-16,Terça,3,19,ecommerce,prd_f063f46a7ef8,Fone de Ouvido Esportivo,Áudio,Consul,PREMIUM,True,cus_7262f4e5ce9f,Sophia Monteiro,SP,Sudeste,TOP_TIER,1,1428.99,1428.99,False
sal_cee464a4faae,2025-12-18 17:22:26,2025-12-18,Quinta,5,17,ecommerce,prd_686e2aab873d,Blusa de Frio,Moda,Philips,BASICO,True,cus_71308b76151a,Amanda Sousa,MS,Centro-Oeste,TOP_TIER,1,89.50,89.50,False
sal_fdc5e248feb2,2025-12-25 14:16:04,2025-12-25,Quinta,5,14,ecommerce,prd_d92ad43fa137,Smart TV 43 Polegadas,Eletrônicos,Philips,BASICO,True,cus_7262f4e5ce9f,Sophia Monteiro,SP,Sudeste,TOP_TIER,1,66.90,66.90,False
sal_0d2be5a515f2,2026-01-11 22:09:01,2026-01-11,Domingo,1,22,ecommerce,prd_8fa1119d3982,Roteador Wi-Fi 6,Eletrônicos,Adidas,BASICO,True,cus_a8f8e01eaee8,Elisa Martins,ES,Sudeste,REGULAR,2,35.91,71.82,False
sal_e615e0cc48b6,2025-12-25 20:29:23,2025-12-25,Quinta,5,20,ecommerce,prd_686e2aab873d,Blusa de Frio,Moda,Philips,BASICO,True,cus_0343c0763f76,Vitor Gabriel Da Luz,RS,Sul,VIP,1,89.50,89.50,False
sal_6e43e64498c9,2025-12-26 22:42:05,2025-12-26,Sexta,6,22,loja_fisica,prd_84a009f1889d,Cortina Box,Casa,Consul,BASICO,True,cus_36595eecf105,Bruno Novaes,PA,Norte,REGULAR,3,32.90,98.70,False
sal_839271131a8e,2026-01-04 18:38:52,2026-01-04,Domingo,1,18,loja_fisica,prd_c62100cc281c,Webcam para Stream,Games,Samsung,BASICO,True,cus_508a15ccf0fa,Zoe Campos,MT,Centro-Oeste,TOP_TIER,1,48.90,48.90,False
sal_3543d2134c4f,2025-12-13 14:43:41,2025-12-13,Sábado,7,14,ecommerce,prd_a4025bac91a7,Óculos de Sol,Acessórios,Xiaomi,BASICO,True,cus_d4db3db9eccb,Ana Julia Camargo,PB,Nordeste,TOP_TIER,3,52.90,158.70,False
sal_c731a12565f5,2025-12-21 18:46:53,2025-12-21,Domingo,1,18,ecommerce,prd_b7490508211e,Vestido Floral,Moda,Apple,BASICO,True,cus_df9e0b31fa20,Yuri Albuquerque,SE,Nordeste,REGULAR,2,220.00,440.00,False
sal_5e533a4220bf,2025-12-19 09:38:31,2025-12-19,Sexta,6,9,loja_fisica,prd_d92ad43fa137,Smart TV 43 Polegadas,Eletrônicos,Philips,BASICO,True,cus_f64907d41a69,Henrique Da Conceição,DF,Centro-Oeste,VIP,1,66.90,66.90,False
sal_56ca952c5b7b,2026-01-01 15:39:50,2026-01-01,Quinta,5,15,loja_fisica,prd_d205de276c20,Raquete de Tênis,Esporte,Sony,BASICO,True,cus_0343c0763f76,Vitor Gabriel Da Luz,RS,Sul,VIP,1,64.99,64.99,False
sal_3faa9123a0d6,2025-12-28 20:05:21,2025-12-28,Domingo,1,20,ecommerce,prd_f1f39e56f84d,Bermuda Tactel,Moda,Motorola,BASICO,True,cus_25d1cb23f872,Melissa Pastor,AC,Norte,VIP,2,52.24,104.48,False
sal_3ac5a1292fcf,2026-01-02 18:21:19,2026-01-02,Sexta,6,18,ecommerce,prd_803bcbb7ef84,Porta-temperos,Cozinha,Samsung,BASICO,True,cus_cf84750c1fb4,Alana Teixeira,MA,Nordeste,TOP_TIER,2,112.10,224.20,False
sal_d6759af9c213,2026-01-04 10:09:54,2026-01-04,Domingo,1,10,ecommerce,prd_afd58e5fd09d,Condicionador Hidratante,Beleza,Asus,BASICO,True,cus_cf84750c1fb4,Alana Teixeira,MA,Nordeste,TOP_TIER,2,451.90,903.80,False
sal_f411569c19c9,2025-12-15 17:46:56,2025-12-15,Segunda,2,17,loja_fisica,prd_a17c779dd289,Gravador de Voz,Áudio,Asus,BASICO,True,cus_911b23c97589,Heitor Nunes,MS,Centro-Oeste,REGULAR,2,61.66,123.32,False
sal_36b12371f164,2025-12-31 01:30:09,2025-12-31,Quarta,4,1,ecommerce,prd_c708b046fef8,Halteres Ajustáveis,Esporte,Mondial,BASICO,True,cus_13af118ef4e8,Sarah Teixeira,AM,Norte,TOP_TIER,1,46.00,46.00,False
sal_70710b183a28,2026-01-07 15:59:26,2026-01-07,Quarta,4,15,ecommerce,prd_686e2aab873d,Blusa de Frio,Moda,Philips,BASICO,True,cus_9d2dd4770a79,Luigi Camargo,GO,Centro-Oeste,TOP_TIER,1,85.02,85.02,False
sal_88ca0461d838,2026-01-05 15:59:33,2026-01-05,Segunda,2,15,ecommerce,prd_d22d1b8b1502,Camisa Social,Moda,Brastemp,PREMIUM,True,cus_a2e18141f826,Ísis Leão,CE,Nordeste,REGULAR,1,1149.90,1149.90,False
sal_4853f839437a,2025-12-17 11:46:55,2025-12-17,Quarta,4,11,ecommerce,prd_b17460641fb4,Garrafa Térmica 1L,Cozinha,Xiaomi,BASICO,True,cus_a8f8e01eaee8,Elisa Martins,ES,Sudeste,REGULAR,2,215.99,431.98,False
sal_40f41f61039d,2025-12-29 16:02:30,2025-12-29,Segunda,2,16,ecommerce,prd_c62100cc281c,Webcam para Stream,Games,Samsung,BASICO,True,cus_66677d443e5e,Cecília Da Luz,AC,Norte,TOP_TIER,1,48.90,48.90,False
sal_90de0ac7ef5c,2025-12-20 16:47:01,2025-12-20,Sábado,7,16,ecommerce,prd_651e8d1acbf8,Processador de Alimentos,Cozinha,Brastemp,BASICO,True,cus_b0026583b709,Mariane Pacheco,MT,Centro-Oeste,VIP,1,418.41,418.41,False
sal_a7f760c9bee5,2025-12-14 21:17:53,2025-12-14,Domingo,1,21,ecommerce,prd_db8fc9e6fa53,Paleta de Sombras,Beleza,LG,PREMIUM,True,cus_2b1b3e2a1515,Ana Sophia Pereira,MG,Sudeste,VIP,2,1420.99,2841.98,False
sal_09ec0166759a,2025-12-23 18:18:20,2025-12-23,Terça,3,18,loja_fisica,prd_2bf8388221ea,Mouse Gamer RGB,Games,Asus,BASICO,True,cus_639110db69ed,João Vitor Barros,AP,Norte,REGULAR,1,42.49,42.49,False
sal_6fd4cdee0f4b,2026-01-06 09:37:44,2026-01-06,Terça,3,9,loja_fisica,prd_651e8d1acbf8,Processador de Alimentos,Cozinha,Brastemp,BASICO,True,cus_f1eccf8e0d99,Luiz Miguel Câmara,GO,Centro-Oeste,REGULAR,2,418.41,836.82,False
sal_c931e767eb72,2026-01-05 22:05:29,2026-01-05,Segunda,2,22,ecommerce,prd_380fab5d7131,Porta-retrato,Casa,Philips,BASICO,True,cus_0343c0763f76,Vitor Gabriel Da Luz,RS,Sul,VIP,2,142.90,285.80,False
sal_5a080f40f188,2026-01-01 11:54:43,2026-01-01,Quinta,5,11,ecommerce,prd_931ff6d38056,Produto não cadastrado,Não cadastrado,Não cadastrado,,False,cus_9d2dd4770a79,Luigi Camargo,GO,Centro-Oeste,TOP_TIER,1,147.89,147.89,False
sal_61b13b13dbd6,2026-01-07 08:09:56,2026-01-07,Quarta,4,8,loja_fisica,prd_f063f46a7ef8,Fone de Ouvido Esportivo,Áudio,Consul,PREMIUM,True,cus_25d1cb23f872,Melissa Pastor,AC,Norte,VIP,1,1286.09,1286.09,False
sal_a8fbd8621457,2026-01-11 12:18:53,2026-01-11,Domingo,1,12,ecommerce,prd_385035a5bc20,Notebook Inspiron 15,Eletrônicos,Adidas,BASICO,True,cus_c9cd13d1ae9f,Yasmin Siqueira,PA,Norte,VIP,2,219.90,439.80,False
sal_3a1a0fecb5b1,2025-12-16 09:51:20,2025-12-16,Terça,3,9,ecommerce,prd_9239eec8982d,HD Externo 2TB,Informática,Arno,BASICO,True,cus_78ab1cf16e12,Beatriz Garcia,SE,Nordeste,TOP_TIER,1,51.99,51.99,False
sal_05e4dd45cc64,2025-12-22 18:32:37,2025-12-22,Segunda,2,18,loja_fisica,prd_3053916502fb,Cabo USB-C,Eletrônicos,Electrolux,BASICO,True,cus_d4db3db9eccb,Ana Julia Camargo,PB,Nordeste,TOP_TIER,1,403.65,403.65,False
sal_446d5039ab36,2025-12-30 10:34:28,2025-12-30,Terça,3,10,ecommerce,prd_1b8a6057bb97,Shampoo Anticaspa,Beleza,Sony,BASICO,True,cus_9d2dd4770a79,Luigi Camargo,GO,Centro-Oeste,TOP_TIER,1,315.99,315.99,False
sal_514bb1773687,2026-01-10 11:13:59,2026-01-10,Sábado,7,11,loja_fisica,prd_bf5d8671f7a9,Placa Mãe B450,Informática,Brastemp,BASICO,True,cus_eae005fd3470,Calebe Fogaça,TO,Norte,TOP_TIER,1,113.91,113.91,False
sal_35cae839e9a1,2025-12-13 18:51:58,2025-12-13,Sábado,7,18,ecommerce,prd_ff56c9132964,Regata Básica,Moda,Xiaomi,BASICO,True,cus_25d1cb23f872,Melissa Pastor,AC,Norte,VIP,1,203.29,203.29,False
sal_7a9e3a38a7ab,2026-01-02 17:24:48,2026-01-02,Sexta,6,17,loja_fisica,prd_ff35b88df534,SSD 500GB,Eletrônicos,Acer,BASICO,True,cus_644bf6820c61,Heloísa Andrade,PR,Sul,REGULAR,1,201.31,201.31,False
sal_a58f1a4c8b04,2025-12-25 16:53:22,2025-12-25,Quinta,5,16,ecommerce,prd_223c9b6a0a76,Luminária de Mesa,Casa,Mondial,BASICO,True,cus_d2762f5968fe,Aurora Pastor,SE,Nordeste,REGULAR,2,81.99,163.98,False
sal_faaf372372b6,2025-12-14 13:54:36,2025-12-14,Domingo,1,13,loja_fisica,prd_23664e42a71c,Jogo de Toalhas,Casa,Xiaomi,BASICO,True,cus_25d1cb23f872,Melissa Pastor,AC,Norte,VIP,2,104.41,208.82,False
sal_3779fbf483c7,2026-01-07 21:27:56,2026-01-07,Quarta,4,21,ecommerce,prd_6185cee255bc,Caixa de Som 2.1,Áudio,LG,BASICO,True,cus_508a15ccf0fa,Zoe Campos,MT,Centro-Oeste,TOP_TIER,1,107.90,107.90,False
sal_57509ef17b7a,2026-01-04 11:00:09,2026-01-04,Domingo,1,11,ecommerce,prd_afd58e5fd09d,Condicionador Hidratante,Beleza,Asus,BASICO,True,cus_c8d383cfde0c,Maria Cecília Oliveira,AM,Norte,TOP_TIER,2,451.90,903.80,False
sal_b39d86702fce,2025-12-29 22:22:40,2025-12-29,Segunda,2,22,ecommerce,prd_9239eec8982d,HD Externo 2TB,Informática,Arno,BASICO,True,cus_c8d383cfde0c,Maria Cecília Oliveira,AM,Norte,TOP_TIER,1,51.99,51.99,False
sal_781adbdc1289,2025-12-29 23:08:29,2025-12-29,Segunda,2,23,ecommerce,prd_2cbafff50c72,Sabonete Facial,Beleza,Nike,BASICO,True,cus_2b1b3e2a1515,Ana Sophia Pereira,MG,Sudeste,VIP,1,100.90,100.90,False
sal_53e65d662803,2025-12-27 11:34:03,2025-12-27,Sábado,7,11,ecommerce,prd_a3ae425a3edd,Pesos de Pulso,Esporte,Philips,BASICO,True,cus_a8f8e01eaee8,Elisa Martins,ES,Sudeste,REGULAR,1,75.59,75.59,False
sal_a16d947ae3c1,2026-01-11 23:58:54,2026-01-11,Domingo,1,23,ecommerce,prd_385035a5bc20,Notebook Inspiron 15,Eletrônicos,Adidas,BASICO,True,cus_eae005fd3470,Calebe Fogaça,TO,Norte,TOP_TIER,1,197.91,197.91,False
sal_299a8f0be228,2026-01-10 10:54:59,2026-01-10,Sábado,7,10,ecommerce,prd_bf5d8671f7a9,Placa Mãe B450,Informática,Brastemp,BASICO,True,cus_a01814ad9247,Ana Beatriz Alves,SP,Sudeste,TOP_TIER,1,113.91,113.91,False
sal_21b2cf3f560c,2026-01-10 20:21:44,2026-01-10,Sábado,7,20,loja_fisica,prd_4e1abbd002eb,Mochila Esportiva,Esporte,Samsung,BASICO,True,cus_8fa04d3a5837,Rafael Porto,RS,Sul,TOP_TIER,1,38.16,38.16,False
sal_f43affb8ac91,2025-12-17 18:45:16,2025-12-17,Quarta,4,18,ecommerce,prd_38c1b898aecc,Microfone para Stream,Games,Samsung,BASICO,True,cus_f64907d41a69,Henrique Da Conceição,DF,Centro-Oeste,VIP,1,140.90,140.90,False
sal_1b8cd5a28ec4,2025-12-17 18:20:35,2025-12-17,Quarta,4,18,ecommerce,prd_645f7859f379,Calça Jeans Skinny,Moda,Asus,BASICO,True,cus_a01814ad9247,Ana Beatriz Alves,SP,Sudeste,TOP_TIER,1,462.55,462.55,False
sal_928bddd4b668,2025-12-26 11:54:57,2025-12-26,Sexta,6,11,ecommerce,prd_d51f590876b9,Boné Esportivo,Esporte,O Boticário,BASICO,True,cus_3580317ddeab,Bella Borges,AM,Norte,VIP,4,58.90,235.60,False
sal_0175c1c433dc,2025-12-27 11:52:35,2025-12-27,Sábado,7,11,ecommerce,prd_2293732b7542,Cortina Blackout,Casa,Xiaomi,BASICO,True,cus_13af118ef4e8,Sarah Teixeira,AM,Norte,TOP_TIER,3,58.57,175.71,False
sal_200f1c3607ee,2026-01-11 19:28:56,2026-01-11,Domingo,1,19,ecommerce,prd_334f4a32f979,Persiana Vertical,Casa,Motorola,BASICO,True,cus_1a38731e1fbe,Otávio Fernandes,ES,Sudeste,TOP_TIER,1,404.50,404.50,False
sal_59865a13dc82,2026-01-10 20:35:31,2026-01-10,Sábado,7,20,ecommerce,prd_84a009f1889d,Cortina Box,Casa,Consul,BASICO,True,cus_f50da5532735,João Gabriel Porto,MG,Sudeste,TOP_TIER,3,31.25,93.75,False
sal_1be8e53035ba,2025-12-26 17:22:40,2025-12-26,Sexta,6,17,ecommerce,prd_64000b956cf3,Tapete Persa,Casa,Motorola,BASICO,True,cus_79d52b75f259,Elisa Freitas,CE,Nordeste,TOP_TIER,1,258.90,258.90,False
sal_2dca9f8f391c,2025-12-14 09:37:20,2025-12-14,Domingo,1,9,loja_fisica,prd_dd8079e89b90,Porta-retrato,Casa,Nike,BASICO,True,cus_d4db3db9eccb,Ana Julia Camargo,PB,Nordeste,TOP_TIER,1,76.41,76.41,False
sal_b3f4d42c2143,2025-12-25 19:10:48,2025-12-25,Quinta,5,19,loja_fisica,prd_93ed035b2e9e,Peneira Inox,Cozinha,Arno,BASICO,True,cus_1a38731e1fbe,Otávio Fernandes,ES,Sudeste,TOP_TIER,1,128.69,128.69,False
sal_96f5df4fcdaa,2026-01-05 12:44:29,2026-01-05,Segunda,2,12,ecommerce,prd_032c166122f7,Controle Xbox,Games,Xiaomi,BASICO,True,cus_b42a15933072,Heitor Rezende,PE,Nordeste,TOP_TIER,1,219.90,219.90,False
sal_c890a34f2f5b,2026-01-04 09:49:29,2026-01-04,Domingo,1,9,ecommerce,prd_ff35b88df534,SSD 500GB,Eletrônicos,Acer,BASICO,True,cus_644bf6820c61,Heloísa Andrade,PR,Sul,REGULAR,1,211.90,211.90,False
sal_f8d11a418a9c,2025-12-20 09:19:18,2025-12-20,Sábado,7,9,ecommerce,prd_4e1abbd002eb,Mochila Esportiva,Esporte,Samsung,BASICO,True,cus_ec8d75866856,Luan Vargas,RS,Sul,TOP_TIER,2,44.90,89.80,False
sal_1b3456b970af,2025-12-16 17:05:25,2025-12-16,Terça,3,17,ecommerce,prd_6eca734f2e84,Edredom Casal,Casa,Electrolux,BASICO,True,cus_c9cd13d1ae9f,Yasmin Siqueira,PA,Norte,VIP,1,216.59,216.59,False
sal_a7d80390c349,2025-12-22 17:28:50,2025-12-22,Segunda,2,17,ecommerce,prd_bf5d8671f7a9,Placa Mãe B450,Informática,Brastemp,BASICO,True,cus_25c656241a9a,Amanda Novais,GO,Centro-Oeste,TOP_TIER,3,119.90,359.70,False
sal_65af159d7087,2025-12-15 23:45:26,2025-12-15,Segunda,2,23,ecommerce,prd_84a009f1889d,Cortina Box,Casa,Consul,BASICO,True,cus_0ff4cceccc6f,João Aparecida,CE,Nordeste,TOP_TIER,1,27.96,27.96,False
sal_eae0a37a93aa,2026-01-10 14:53:03,2026-01-10,Sábado,7,14,ecommerce,prd_9adbaa3083e1,Jaqueta Jeans,Moda,Sony,BASICO,True,cus_3580317ddeab,Bella Borges,AM,Norte,VIP,2,93.50,187.00,False
sal_d0ec7ac57607,2025-12-20 09:03:40,2025-12-20,Sábado,7,9,ecommerce,prd_cc3053305ba7,iPhone 14,Eletrônicos,Motorola,MEDIO,True,cus_13af118ef4e8,Sarah Teixeira,AM,Norte,TOP_TIER,1,616.90,616.90,False
sal_10b402868d71,2025-12-25 15:23:01,2025-12-25,Quinta,5,15,ecommerce,prd_89d76b194110,Travesseiro Ortopédico,Casa,Sony,BASICO,True,cus_b0026583b709,Mariane Pacheco,MT,Centro-Oeste,VIP,1,152.99,152.99,False
sal_9f9e3e62e635,2025-12-23 21:20:07,2025-12-23,Terça,3,21,loja_fisica,prd_d92ad43fa137,Smart TV 43 Polegadas,Eletrônicos,Philips,BASICO,True,cus_a01814ad9247,Ana Beatriz Alves,SP,Sudeste,TOP_TIER,1,63.55,63.55,False
sal_4d42912b929f,2025-12-16 17:45:38,2025-12-16,Terça,3,17,ecommerce,prd_6eca734f2e84,Edredom Casal,Casa,Electrolux,BASICO,True,cus_d36c11b261a6,Cauã Rocha,MA,Nordeste,REGULAR,1,227.99,227.99,False
sal_1ced35336aed,2025-12-23 12:02:21,2025-12-23,Terça,3,12,loja_fisica,prd_6d4e3b1efd0c,Necessaire,Acessórios,Xiaomi,PREMIUM,True,cus_8fa04d3a5837,Rafael Porto,RS,Sul,TOP_TIER,1,1139.99,1139.99,False
sal_d40c589298a4,2026-01-02 13:42:03,2026-01-02,Sexta,6,13,ecommerce,prd_bf5d8671f7a9,Placa Mãe B450,Informática,Brastemp,BASICO,True,cus_c9cd13d1ae9f,Yasmin Siqueira,PA,Norte,VIP,1,107.91,107.91,False
sal_d15aed0dcb55,2026-01-10 20:38:20,2026-01-10,Sábado,7,20,ecommerce,prd_82cd17cb589d,Persiana Vertical,Casa,Dell,BASICO,True,cus_c9cd13d1ae9f,Yasmin Siqueira,PA,Norte,VIP,1,40.41,40.41,False
sal_f1652c83dc63,2026-01-03 16:22:57,2026-01-03,Sábado,7,16,loja_fisica,prd_18c839427e8c,Gabinete ATX,Informática,Samsung,MEDIO,True,cus_cf84750c1fb4,Alana Teixeira,MA,Nordeste,TOP_TIER,1,798.90,798.90,False
sal_3ec625a37e41,2025-12-22 22:27:32,2025-12-22,Segunda,2,22,ecommerce,prd_380fab5d7131,Porta-retrato,Casa,Philips,BASICO,True,cus_4209c24e0be2,Maya Castro,TO,Norte,REGULAR,1,128.61,128.61,False
sal_0cbcaa76e923,2025-12-31 11:23:21,2025-12-31,Quarta,4,11,ecommerce,prd_3308eb4d2b62,Cobertor de Lã,Casa,Arno,BASICO,True,cus_c9cd13d1ae9f,Yasmin Siqueira,PA,Norte,VIP,1,32.99,32.99,False
sal_cd47b875881e,2025-12-17 17:26:44,2025-12-17,Quarta,4,17,ecommerce,prd_6eca734f2e84,Edredom Casal,Casa,Electrolux,BASICO,True,cus_d4db3db9eccb,Ana Julia Camargo,PB,Nordeste,TOP_TIER,1,216.59,216.59,False
sal_a47b1cb30c41,2025-12-17 20:13:37,2025-12-17,Quarta,4,20,ecommerce,prd_82cd17cb589d,Persiana Vertical,Casa,Dell,BASICO,True,cus_b42a15933072,Heitor Rezende,PE,Nordeste,TOP_TIER,1,44.90,44.90,False
sal_0d906d510161,2025-12-19 19:44:58,2025-12-19,Sexta,6,19,ecommerce,prd_686e2aab873d,Blusa de Frio,Moda,Philips,BASICO,True,cus_7262f4e5ce9f,Sophia Monteiro,SP,Sudeste,TOP_TIER,1,98.45,98.45,False
sal_b22e4316e201,2025-12-31 13:03:06,2025-12-31,Quarta,4,13,ecommerce,prd_385035a5bc20,Notebook Inspiron 15,Eletrônicos,Adidas,BASICO,True,cus_639110db69ed,João Vitor Barros,AP,Norte,REGULAR,1,219.90,219.90,False
sal_f9c8904fb679,2026-01-04 17:41:56,2026-01-04,Domingo,1,17,loja_fisica,prd_51511e44c92a,Kit Gamer Completo,Games,Mondial,BASICO,True,cus_2b1b3e2a1515,Ana Sophia Pereira,MG,Sudeste,VIP,1,88.90,88.90,False
sal_35217e3bbb74,2025-12-15 10:42:43,2025-12-15,Segunda,2,10,loja_fisica,prd_b7490508211e,Vestido Floral,Moda,Apple,BASICO,True,cus_b42a15933072,Heitor Rezende,PE,Nordeste,TOP_TIER,2,209.00,418.00,False
sal_43fe4215af91,2025-12-19 12:03:12,2025-12-19,Sexta,6,12,ecommerce,prd_51511e44c92a,Kit Gamer Completo,Games,Mondial,BASICO,True,cus_8ad3c8745efb,Eduardo Cunha,AC,Norte,TOP_TIER,1,88.90,88.90,False
sal_b7f052767fdc,2025-12-22 18:17:44,2025-12-22,Segunda,2,18,ecommerce,prd_334f4a32f979,Persiana Vertical,Casa,Motorola,BASICO,True,cus_25d1cb23f872,Melissa Pastor,AC,Norte,VIP,1,343.82,343.82,False
sal_e797f42a9d13,2025-12-13 15:08:06,2025-12-13,Sábado,7,15,ecommerce,prd_2255432fabe7,Marcador de Texto,Acessórios,Nike,BASICO,True,cus_639110db69ed,João Vitor Barros,AP,Norte,REGULAR,3,107.99,323.97,False
sal_1ea8df15ff77,2025-12-20 11:17:12,2025-12-20,Sábado,7,11,ecommerce,prd_b7490508211e,Vestido Floral,Moda,Apple,BASICO,True,cus_71308b76151a,Amanda Sousa,MS,Centro-Oeste,TOP_TIER,1,198.00,198.00,False
sal_ed0d61c024f6,2025-12-24 11:02:17,2025-12-24,Quarta,4,11,ecommerce,prd_22f73233f9a5,Notebook Inspiron 15,Eletrônicos,O Boticário,BASICO,True,cus_c3944101594c,Murilo Da Mata,RR,Norte,VIP,1,93.51,93.51,False
sal_f93383ddb917,2025-12-24 20:02:20,2025-12-24,Quarta,4,20,loja_fisica,prd_51511e44c92a,Kit Gamer Completo,Games,Mondial,BASICO,True,cus_66677d443e5e,Cecília Da Luz,AC,Norte,TOP_TIER,1,88.90,88.90,False
sal_ec3712b50ab0,2026-01-08 20:21:13,2026-01-08,Quinta,5,20,ecommerce,prd_dd8079e89b90,Porta-retrato,Casa,Nike,BASICO,True,cus_ec8d75866856,Luan Vargas,RS,Sul,TOP_TIER,1,76.41,76.41,False
sal_0331f98c9779,2025-12-19 12:53:08,2025-12-19,Sexta,6,12,loja_fisica,prd_df1e44c528e0,Fone de Ouvido Esportivo,Áudio,O Boticário,BASICO,True,cus_0343c0763f76,Vitor Gabriel Da Luz,RS,Sul,VIP,1,192.99,192.99,False
sal_0d993313f6b4,2026-01-03 22:05:47,2026-01-03,Sábado,7,22,loja_fisica,prd_c50822dc2e7c,Teclado Mecânico RGB,Eletrônicos,Philips,BASICO,True,cus_f1a06ae11717,Gustavo Henrique Rios,AM,Norte,TOP_TIER,1,223.99,223.99,False
sal_81c3faba43e3,2026-01-08 21:48:22,2026-01-08,Quinta,5,21,loja_fisica,prd_56e08463d21c,Tapete Persa,Casa,Brastemp,BASICO,True,cus_cf84750c1fb4,Alana Teixeira,MA,Nordeste,TOP_TIER,3,212.70,638.10,False
sal_bd4b494745f4,2025-12-14 17:54:04,2025-12-14,Domingo,1,17,loja_fisica,prd_d500fa66507e,Shorts Jeans,Moda,Electrolux,BASICO,True,cus_7262f4e5ce9f,Sophia Monteiro,SP,Sudeste,TOP_TIER,2,384.99,769.98,False
sal_19565d6b6f01,2026-01-09 22:56:07,2026-01-09,Sexta,6,22,loja_fisica,prd_1649b8a625e4,Fone de Ouvido Bluetooth,Áudio,Adidas,BASICO,True,cus_78ab1cf16e12,Beatriz Garcia,SE,Nordeste,TOP_TIER,2,94.05,188.10,False
sal_329ac2c8651f,2026-01-04 11:27:48,2026-01-04,Domingo,1,11,loja_fisica,prd_996db03524ae,Elástico de Resistência,Esporte,Sony,BASICO,True,cus_36595eecf105,Bruno Novaes,PA,Norte,REGULAR,2,136.29,272.58,False
sal_80cea42b35dc,2025-12-16 15:02:29,2025-12-16,Terça,3,15,ecommerce,prd_b7490508211e,Vestido Floral,Moda,Apple,BASICO,True,cus_c8d383cfde0c,Maria Cecília Oliveira,AM,Norte,TOP_TIER,1,220.00,220.00,False
sal_73c56fd8b955,2025-12-30 14:33:31,2025-12-30,Terça,3,14,ecommerce,prd_f1f39e56f84d,Bermuda Tactel,Moda,Motorola,BASICO,True,cus_911b23c97589,Heitor Nunes,MS,Centro-Oeste,REGULAR,1,52.24,52.24,False
sal_fc3e3ec8b9df,2026-01-11 21:28:51,2026-01-11,Domingo,1,21,loja_fisica,prd_b4a823952be5,Amplificador de Áudio,Áudio,Consul,BASICO,True,cus_639110db69ed,João Vitor Barros,AP,Norte,REGULAR,1,70.20,70.20,False
sal_e9fa7a2e4d5a,2026-01-08 21:47:15,2026-01-08,Quinta,5,21,loja_fisica,prd_afd58e5fd09d,Condicionador Hidratante,Beleza,Asus,BASICO,True,cus_a2e18141f826,Ísis Leão,CE,Nordeste,REGULAR,2,451.90,903.80,False
sal_60b3f9856fcb,2025-12-14 15:37:37,2025-12-14,Domingo,1,15,ecommerce,prd_3dd1d39581ca,Halteres Ajustáveis,Esporte,Asus,BASICO,True,cus_3580317ddeab,Bella Borges,AM,Norte,VIP,1,45.04,45.04,False
sal_b76916fae6fa,2025-12-31 14:59:54,2025-12-31,Quarta,4,14,ecommerce,prd_3bee9877eb80,Rádio AM/FM,Áudio,Lenovo,BASICO,True,cus_f1a06ae11717,Gustavo Henrique Rios,AM,Norte,TOP_TIER,1,45.50,45.50,False
sal_ebd6bfa12529,2025-12-29 10:39:46,2025-12-29,Segunda,2,10,ecommerce,prd_4ee65ed59110,Frigideira Antiaderente,Cozinha,Philips,BASICO,True,cus_25c656241a9a,Amanda Novais,GO,Centro-Oeste,TOP_TIER,1,41.90,41.90,False
sal_4725572d8c6d,2025-12-20 18:31:29,2025-12-20,Sábado,7,18,ecommerce,prd_c62100cc281c,Webcam para Stream,Games,Samsung,BASICO,True,cus_d2762f5968fe,Aurora Pastor,SE,Nordeste,REGULAR,3,48.90,146.70,False
sal_9c10f0517b5d,2026-01-03 21:48:22,2026-01-03,Sábado,7,21,loja_fisica,prd_ea6b930ce9ac,Gravador de Voz,Áudio,Lenovo,BASICO,True,cus_f64907d41a69,Henrique Da Conceição,DF,Centro-Oeste,VIP,2,156.99,313.98,False
sal_d61d1c36364c,2026-01-01 12:57:25,2026-01-01,Quinta,5,12,ecommerce,prd_dfac11815029,Microfone para Stream,Games,Apple,BASICO,True,cus_cf84750c1fb4,Alana Teixeira,MA,Nordeste,TOP_TIER,1,189.00,189.00,False
sal_078c466237b7,2026-01-10 19:01:48,2026-01-10,Sábado,7,19,loja_fisica,prd_30518d908a92,Cinto de Couro,Acessórios,Asus,BASICO,True,cus_1a38731e1fbe,Otávio Fernandes,ES,Sudeste,TOP_TIER,3,68.84,206.52,False
sal_df83724fc5ac,2025-12-19 22:47:26,2025-12-19,Sexta,6,22,ecommerce,prd_385035a5bc20,Notebook Inspiron 15,Eletrônicos,Adidas,BASICO,True,cus_9d2dd4770a79,Luigi Camargo,GO,Centro-Oeste,TOP_TIER,3,219.90,659.70,False
sal_d75440f1649b,2025-12-20 22:25:45,2025-12-20,Sábado,7,22,ecommerce,prd_2365af16d827,Tela Mosquiteira,Casa,Brastemp,BASICO,True,cus_644bf6820c61,Heloísa Andrade,PR,Sul,REGULAR,1,151.00,151.00,False
sal_73487a0332ac,2026-01-05 15:05:53,2026-01-05,Segunda,2,15,ecommerce,prd_9b6e92e0766c,Casaco de Inverno,Moda,Arno,BASICO,True,cus_fa3a88d1ccef,Benício Gomes,AL,Nordeste,VIP,1,34.10,34.10,False
sal_e822115a42e8,2025-12-18 16:24:38,2025-12-18,Quinta,5,16,ecommerce,prd_b7490508211e,Vestido Floral,Moda,Apple,BASICO,True,cus_418af67b6b28,Miguel Ramos,TO,Norte,REGULAR,1,220.00,220.00,False
sal_329d365fa9f8,2025-12-21 22:31:32,2025-12-21,Domingo,1,22,ecommerce,prd_7798c88cc490,Kit Utensílios de Cozinha,Cozinha,Consul,BASICO,True,cus_66677d443e5e,Cecília Da Luz,AC,Norte,TOP_TIER,1,465.50,465.50,False
sal_00c8df36bb17,2025-12-22 11:22:20,2025-12-22,Segunda,2,11,loja_fisica,prd_f063f46a7ef8,Fone de Ouvido Esportivo,Áudio,Consul,PREMIUM,True,cus_2b1b3e2a1515,Ana Sophia Pereira,MG,Sudeste,VIP,1,1357.54,1357.54,False
sal_a010d1da7e0d,2026-01-10 17:06:11,2026-01-10,Sábado,7,17,ecommerce,prd_2293732b7542,Cortina Blackout,Casa,Xiaomi,BASICO,True,cus_1a38731e1fbe,Otávio Fernandes,ES,Sudeste,TOP_TIER,2,58.57,117.14,False
sal_9a8132f6aa86,2025-12-15 22:35:06,2025-12-15,Segunda,2,22,loja_fisica,prd_51511e44c92a,Kit Gamer Completo,Games,Mondial,BASICO,True,cus_25d1cb23f872,Melissa Pastor,AC,Norte,VIP,2,88.90,177.80,False
sal_072ea76e3503,2025-12-25 09:11:59,2025-12-25,Quinta,5,9,loja_fisica,prd_b7490508211e,Vestido Floral,Moda,Apple,BASICO,True,cus_c9cd13d1ae9f,Yasmin Siqueira,PA,Norte,VIP,1,220.00,220.00,False
sal_da6a285ccf54,2025-12-27 16:59:38,2025-12-27,Sábado,7,16,ecommerce,prd_bf5d8671f7a9,Placa Mãe B450,Informática,Brastemp,BASICO,True,cus_c3944101594c,Murilo Da Mata,RR,Norte,VIP,2,119.90,239.80,False
sal_a12761f6cae9,2025-12-13 08:18:26,2025-12-13,Sábado,7,8,loja_fisica,prd_4ee65ed59110,Frigideira Antiaderente,Cozinha,Philips,BASICO,True,cus_9d2dd4770a79,Luigi Camargo,GO,Centro-Oeste,TOP_TIER,2,41.90,83.80,False
sal_570d0cadd925,2025-12-20 20:57:36,2025-12-20,Sábado,7,20,ecommerce,prd_d22d1b8b1502,Camisa Social,Moda,Brastemp,PREMIUM,True,cus_25c656241a9a,Amanda Novais,GO,Centro-Oeste,TOP_TIER,1,1092.40,1092.40,False
sal_00f45489265e,2026-01-04 13:46:02,2026-01-04,Domingo,1,13,ecommerce,prd_205f309c1a21,Tapete Persa,Casa,Sony,BASICO,True,cus_96658dc10aa5,Agatha Silveira,PA,Norte,TOP_TIER,1,34.99,34.99,False
sal_b0635f35cf4f,2025-12-15 08:08:39,2025-12-15,Segunda,2,8,ecommerce,prd_645f7859f379,Calça Jeans Skinny,Moda,Asus,BASICO,True,cus_8fa04d3a5837,Rafael Porto,RS,Sul,TOP_TIER,1,486.90,486.90,False
sal_54aa893f6d0a,2025-12-23 18:50:56,2025-12-23,Terça,3,18,ecommerce,prd_4ee65ed59110,Frigideira Antiaderente,Cozinha,Philips,BASICO,True,cus_884be6e0ce9a,Emanuel Vieira,PA,Norte,REGULAR,1,41.90,41.90,False
sal_df2697c1cc09,2026-01-02 10:36:27,2026-01-02,Sexta,6,10,ecommerce,prd_8b22fd85d500,Garrafa Térmica 1L,Cozinha,Sony,BASICO,True,cus_fa3a88d1ccef,Benício Gomes,AL,Nordeste,VIP,2,324.99,649.98,False
sal_0cf87e621f32,2026-01-03 16:27:59,2026-01-03,Sábado,7,16,ecommerce,prd_f063f46a7ef8,Fone de Ouvido Esportivo,Áudio,Consul,PREMIUM,True,cus_0914bdf6e1fe,Isabelly Câmara,MT,Centro-Oeste,REGULAR,1,1214.64,1214.64,False
sal_749b5eaf0951,2026-01-02 09:47:10,2026-01-02,Sexta,6,9,ecommerce,prd_6d4e3b1efd0c,Necessaire,Acessórios,Xiaomi,PREMIUM,True,cus_a8f8e01eaee8,Elisa Martins,ES,Sudeste,REGULAR,2,1139.99,2279.98,False
sal_971fac6899f6,2025-12-19 21:03:20,2025-12-19,Sexta,6,21,ecommerce,prd_d92ad43fa137,Smart TV 43 Polegadas,Eletrônicos,Philips,BASICO,True,cus_f1a06ae11717,Gustavo Henrique Rios,AM,Norte,TOP_TIER,1,66.90,66.90,False
sal_05a8db0ee698,2026-01-01 20:29:23,2026-01-01,Quinta,5,20,ecommerce,prd_045813f96891,Cardigan de Lã,Moda,LG,BASICO,True,cus_c8d383cfde0c,Maria Cecília Oliveira,AM,Norte,TOP_TIER,4,121.54,486.16,False
sal_4bc407a58dd9,2026-01-02 12:51:40,2026-01-02,Sexta,6,12,ecommerce,prd_51511e44c92a,Kit Gamer Completo,Games,Mondial,BASICO,True,cus_9d2dd4770a79,Luigi Camargo,GO,Centro-Oeste,TOP_TIER,1,84.45,84.45,False
sal_3b34f38457e9,2026-01-07 15:06:26,2026-01-07,Quarta,4,15,loja_fisica,prd_2365af16d827,Tela Mosquiteira,Casa,Brastemp,BASICO,True,cus_36595eecf105,Bruno Novaes,PA,Norte,REGULAR,1,151.00,151.00,False
sal_28a65ad957b2,2025-12-31 20:36:28,2025-12-31,Quarta,4,20,loja_fisica,prd_8b22fd85d500,Garrafa Térmica 1L,Cozinha,Sony,BASICO,True,cus_96658dc10aa5,Agatha Silveira,PA,Norte,TOP_TIER,1,324.99,324.99,False
sal_9accfdbfcbe0,2025-12-30 12:05:19,2025-12-30,Terça,3,12,loja_fisica,prd_bf5d8671f7a9,Placa Mãe B450,Informática,Brastemp,BASICO,True,cus_cf84750c1fb4,Alana Teixeira,MA,Nordeste,TOP_TIER,1,119.90,119.90,False
sal_214af23631f8,2025-12-31 17:08:07,2025-12-31,Quarta,4,17,ecommerce,prd_02dd786968a0,HD Externo 1TB,Eletrônicos,Adidas,BASICO,True,cus_418af67b6b28,Miguel Ramos,TO,Norte,REGULAR,1,242.99,242.99,False
sal_53381baa2b9d,2026-01-09 10:18:32,2026-01-09,Sexta,6,10,ecommerce,prd_afd58e5fd09d,Condicionador Hidratante,Beleza,Asus,BASICO,True,cus_c9cd13d1ae9f,Yasmin Siqueira,PA,Norte,VIP,1,451.90,451.90,False
sal_687257bc9d4a,2026-01-02 13:11:38,2026-01-02,Sexta,6,13,loja_fisica,prd_07ff67746d02,Faqueiro Inox 12 Peças,Cozinha,Mondial,BASICO,True,cus_508a15ccf0fa,Zoe Campos,MT,Centro-Oeste,TOP_TIER,1,316.99,316.99,False
sal_14ce45dfc8ba,2025-12-17 18:39:22,2025-12-17,Quarta,4,18,ecommerce,prd_d51f590876b9,Boné Esportivo,Esporte,O Boticário,BASICO,True,cus_508a15ccf0fa,Zoe Campos,MT,Centro-Oeste,TOP_TIER,1,58.90,58.90,False
sal_3d83e016fdd4,2025-12-30 19:27:27,2025-12-30,Terça,3,19,ecommerce,prd_2293732b7542,Cortina Blackout,Casa,Xiaomi,BASICO,True,cus_31874cf2d1e5,Nina Moura,SP,Sudeste,TOP_TIER,1,68.90,68.90,False
sal_9d1ec3be6644,2025-12-31 16:31:10,2025-12-31,Quarta,4,16,ecommerce,prd_694bd92302c1,Gabinete ATX,Informática,Mondial,BASICO,True,cus_0914bdf6e1fe,Isabelly Câmara,MT,Centro-Oeste,REGULAR,1,92.90,92.90,False
sal_a2a8b577f6e9,2025-12-25 20:13:28,2025-12-25,Quinta,5,20,ecommerce,prd_bf5d8671f7a9,Placa Mãe B450,Informática,Brastemp,BASICO,True,cus_a2e18141f826,Ísis Leão,CE,Nordeste,REGULAR,1,119.90,119.90,False
sal_7cb63aadb10c,2026-01-03 08:39:08,2026-01-03,Sábado,7,8,ecommerce,prd_645f7859f379,Calça Jeans Skinny,Moda,Asus,BASICO,True,cus_f1a06ae11717,Gustavo Henrique Rios,AM,Norte,TOP_TIER,1,486.90,486.90,False
sal_5929f1465a63,2025-12-22 15:51:59,2025-12-22,Segunda,2,15,ecommerce,prd_334f4a32f979,Persiana Vertical,Casa,Motorola,BASICO,True,cus_ec8d75866856,Luan Vargas,RS,Sul,TOP_TIER,4,404.50,1618.00,False
sal_5da585e2bab6,2025-12-24 14:38:17,2025-12-24,Quarta,4,14,ecommerce,prd_18c839427e8c,Gabinete ATX,Informática,Samsung,MEDIO,True,cus_96658dc10aa5,Agatha Silveira,PA,Norte,TOP_TIER,3,798.90,2396.70,False
sal_4bd64f9ffd34,2026-01-10 18:23:27,2026-01-10,Sábado,7,18,loja_fisica,prd_9259039bf9b2,Tábua de Corte,Cozinha,Sony,BASICO,True,cus_4e62d52db97a,Josué Souza,RJ,Sudeste,VIP,2,240.99,481.98,False
sal_0d8d705f7c89,2026-01-02 23:36:44,2026-01-02,Sexta,6,23,ecommerce,prd_1649b8a625e4,Fone de Ouvido Bluetooth,Áudio,Adidas,BASICO,True,cus_a8f8e01eaee8,Elisa Martins,ES,Sudeste,REGULAR,1,89.10,89.10,False
sal_1d0c16d80207,2026-01-07 22:20:52,2026-01-07,Quarta,4,22,ecommerce,prd_47a25ae10c23,Soundbar TV,Áudio,Acer,BASICO,True,cus_eae005fd3470,Calebe Fogaça,TO,Norte,TOP_TIER,1,88.99,88.99,False
sal_1b3645b85621,2026-01-04 14:22:37,2026-01-04,Domingo,1,14,ecommerce,prd_dfac11815029,Microfone para Stream,Games,Apple,BASICO,True,cus_f50da5532735,João Gabriel Porto,MG,Sudeste,TOP_TIER,1,179.55,179.55,False
sal_1e1c152b27c0,2025-12-29 16:26:09,2025-12-29,Segunda,2,16,loja_fisica,prd_30518d908a92,Cinto de Couro,Acessórios,Asus,BASICO,True,cus_7262f4e5ce9f,Sophia Monteiro,SP,Sudeste,TOP_TIER,1,80.99,80.99,False
sal_3e578a5d6dd7,2025-12-19 15:00:16,2025-12-19,Sexta,6,15,loja_fisica,prd_8b22fd85d500,Garrafa Térmica 1L,Cozinha,Sony,BASICO,True,cus_c9cd13d1ae9f,Yasmin Siqueira,PA,Norte,VIP,1,324.99,324.99,False
sal_38361e9a0df9,2025-12-24 11:09:34,2025-12-24,Quarta,4,11,ecommerce,prd_08611917c0ae,Relógio de Parede,Casa,Adidas,BASICO,True,cus_ec8d75866856,Luan Vargas,RS,Sul,TOP_TIER,1,100.69,100.69,False
sal_c2b5b58f2c9c,2025-12-29 19:49:49,2025-12-29,Segunda,2,19,ecommerce,prd_d500fa66507e,Shorts Jeans,Moda,Electrolux,BASICO,True,cus_eae005fd3470,Calebe Fogaça,TO,Norte,TOP_TIER,1,384.99,384.99,False
sal_a0c755993d3c,2025-12-24 12:19:28,2025-12-24,Quarta,4,12,ecommerce,prd_2cbafff50c72,Sabonete Facial,Beleza,Nike,BASICO,True,cus_78ab1cf16e12,Beatriz Garcia,SE,Nordeste,TOP_TIER,1,95.86,95.86,False
sal_01d57f48973e,2026-01-07 19:23:05,2026-01-07,Quarta,4,19,loja_fisica,prd_30518d908a92,Cinto de Couro,Acessórios,Asus,BASICO,True,cus_13af118ef4e8,Sarah Teixeira,AM,Norte,TOP_TIER,2,80.99,161.98,False
sal_3a12dd08dcff,2025-12-27 14:30:35,2025-12-27,Sábado,7,14,ecommerce,prd_bf5d8671f7a9,Placa Mãe B450,Informática,Brastemp,BASICO,True,cus_a2e18141f826,Ísis Leão,CE,Nordeste,REGULAR,4,113.91,455.64,False
sal_690d27cb9e4e,2025-12-15 18:54:07,2025-12-15,Segunda,2,18,ecommerce,prd_694bd92302c1,Gabinete ATX,Informática,Mondial,BASICO,True,cus_f1a06ae11717,Gustavo Henrique Rios,AM,Norte,TOP_TIER,3,92.90,278.70,False
sal_74ecbe6fe85a,2026-01-02 22:15:40,2026-01-02,Sexta,6,22,loja_fisica,prd_2cbafff50c72,Sabonete Facial,Beleza,Nike,BASICO,True,cus_cf84750c1fb4,Alana Teixeira,MA,Nordeste,TOP_TIER,2,100.90,201.80,False
sal_f244db5f2069,2025-12-17 22:10:27,2025-12-17,Quarta,4,22,ecommerce,prd_64000b956cf3,Tapete Persa,Casa,Motorola,BASICO,True,cus_0ff4cceccc6f,João Aparecida,CE,Nordeste,TOP_TIER,3,258.90,776.70,False
sal_2d33a5f20122,2025-12-31 01:30:37,2025-12-31,Quarta,4,1,ecommerce,prd_032c166122f7,Controle Xbox,Games,Xiaomi,BASICO,True,cus_4e62d52db97a,Josué Souza,RJ,Sudeste,VIP,2,208.91,417.82,False
sal_aef19bf3d1a7,2025-12-13 12:34:03,2025-12-13,Sábado,7,12,loja_fisica,prd_38c1b898aecc,Microfone para Stream,Games,Samsung,BASICO,True,cus_9d2dd4770a79,Luigi Camargo,GO,Centro-Oeste,TOP_TIER,1,140.90,140.90,False
sal_ac1f502ec2fa,2025-12-16 18:49:35,2025-12-16,Terça,3,18,loja_fisica,prd_a4025bac91a7,Óculos de Sol,Acessórios,Xiaomi,BASICO,True,cus_9d2dd4770a79,Luigi Camargo,GO,Centro-Oeste,TOP_TIER,1,52.90,52.90,False
sal_11699b0577df,2026-01-06 10:05:46,2026-01-06,Terça,3,10,loja_fisica,prd_7af81d9a08ba,Controle PlayStation,Games,O Boticário,BASICO,True,cus_884be6e0ce9a,Emanuel Vieira,PA,Norte,REGULAR,1,49.99,49.99,False
sal_6eab8b30dc88,2026-01-05 13:37:18,2026-01-05,Segunda,2,13,ecommerce,prd_afd58e5fd09d,Condicionador Hidratante,Beleza,Asus,BASICO,True,cus_a2e18141f826,Ísis Leão,CE,Nordeste,REGULAR,1,497.09,497.09,False
sal_b06d1636740e,2025-12-13 08:01:54,2025-12-13,Sábado,7,8,loja_fisica,prd_dfac11815029,Microfone para Stream,Games,Apple,BASICO,True,cus_c8d383cfde0c,Maria Cecília Oliveira,AM,Norte,TOP_TIER,3,170.10,510.30,False
sal_49a2091f61b8,2025-12-27 09:42:12,2025-12-27,Sábado,7,9,ecommerce,prd_df1e44c528e0,Fone de Ouvido Esportivo,Áudio,O Boticário,BASICO,True,cus_79d52b75f259,Elisa Freitas,CE,Nordeste,TOP_TIER,1,192.99,192.99,False
sal_0b6e04ee3ea5,2025-12-13 18:33:40,2025-12-13,Sábado,7,18,ecommerce,prd_8b22fd85d500,Garrafa Térmica 1L,Cozinha,Sony,BASICO,True,cus_508a15ccf0fa,Zoe Campos,MT,Centro-Oeste,TOP_TIER,1,324.99,324.99,False
sal_fde531dec8b2,2025-12-28 08:14:15,2025-12-28,Domingo,1,8,ecommerce,prd_d0368e440753,Batom Matte,Beleza,Adidas,BASICO,True,cus_b0026583b709,Mariane Pacheco,MT,Centro-Oeste,VIP,1,34.90,34.90,False
sal_841821f016cc,2026-01-03 16:40:29,2026-01-03,Sábado,7,16,ecommerce,prd_d92ad43fa137,Smart TV 43 Polegadas,Eletrônicos,Philips,BASICO,True,cus_2b1b3e2a1515,Ana Sophia Pereira,MG,Sudeste,VIP,1,60.21,60.21,False
sal_137aedbc715b,2025-12-22 23:22:04,2025-12-22,Segunda,2,23,loja_fisica,prd_334f4a32f979,Persiana Vertical,Casa,Motorola,BASICO,True,cus_c3944101594c,Murilo Da Mata,RR,Norte,VIP,3,343.82,1031.46,False
sal_eb5131b9dfc6,2025-12-21 22:35:49,2025-12-21,Domingo,1,22,ecommerce,prd_51511e44c92a,Kit Gamer Completo,Games,Mondial,BASICO,True,cus_639110db69ed,João Vitor Barros,AP,Norte,REGULAR,1,84.45,84.45,False
sal_7240073bc25e,2025-12-16 08:33:42,2025-12-16,Terça,3,8,ecommerce,prd_f063f46a7ef8,Fone de Ouvido Esportivo,Áudio,Consul,PREMIUM,True,cus_13af118ef4e8,Sarah Teixeira,AM,Norte,TOP_TIER,1,1428.99,1428.99,False
sal_5048d30060d0,2025-12-23 20:05:45,2025-12-23,Terça,3,20,ecommerce,prd_08611917c0ae,Relógio de Parede,Casa,Adidas,BASICO,True,cus_eae005fd3470,Calebe Fogaça,TO,Norte,TOP_TIER,1,105.99,105.99,False
sal_45a5196dae37,2026-01-01 01:59:34,2026-01-01,Quinta,5,1,loja_fisica,prd_c62100cc281c,Webcam para Stream,Games,Samsung,BASICO,True,cus_c9cd13d1ae9f,Yasmin Siqueira,PA,Norte,VIP,1,48.90,48.90,False
sal_ceac95db47a2,2025-12-26 16:49:05,2025-12-26,Sexta,6,16,ecommerce,prd_2293732b7542,Cortina Blackout,Casa,Xiaomi,BASICO,True,cus_31874cf2d1e5,Nina Moura,SP,Sudeste,TOP_TIER,2,58.57,117.14,False
sal_fc055de27319,2026-01-09 10:44:41,2026-01-09,Sexta,6,10,ecommerce,prd_2293732b7542,Cortina Blackout,Casa,Xiaomi,BASICO,True,cus_d36c11b261a6,Cauã Rocha,MA,Nordeste,REGULAR,1,68.90,68.90,False
sal_e4f404fdd376,2025-12-14 22:47:31,2025-12-14,Domingo,1,22,loja_fisica,prd_694bd92302c1,Gabinete ATX,Informática,Mondial,BASICO,True,cus_b0026583b709,Mariane Pacheco,MT,Centro-Oeste,VIP,1,92.90,92.90,False
sal_85a4ccffc4e4,2025-12-16 10:22:20,2025-12-16,Terça,3,10,loja_fisica,prd_d22d1b8b1502,Camisa Social,Moda,Brastemp,PREMIUM,True,cus_418af67b6b28,Miguel Ramos,TO,Norte,REGULAR,2,1149.90,2299.80,False
sal_52eabc03c1d3,2025-12-16 18:37:57,2025-12-16,Terça,3,18,ecommerce,prd_84a009f1889d,Cortina Box,Casa,Consul,BASICO,True,cus_418af67b6b28,Miguel Ramos,TO,Norte,REGULAR,1,29.61,29.61,False
sal_fa83bcf3be02,2025-12-28 18:17:10,2025-12-28,Domingo,1,18,ecommerce,prd_645f7859f379,Calça Jeans Skinny,Moda,Asus,BASICO,True,cus_2b1b3e2a1515,Ana Sophia Pereira,MG,Sudeste,VIP,2,462.55,925.10,False
sal_5d14bb9ea504,2025-12-19 16:13:47,2025-12-19,Sexta,6,16,loja_fisica,prd_b161f952f659,Produto não cadastrado,Não cadastrado,Não cadastrado,,False,cus_0343c0763f76,Vitor Gabriel Da Luz,RS,Sul,VIP,1,77.90,77.90,False
sal_08fe208f59d2,2025-12-28 08:09:06,2025-12-28,Domingo,1,8,loja_fisica,prd_334f4a32f979,Persiana Vertical,Casa,Motorola,BASICO,True,cus_13af118ef4e8,Sarah Teixeira,AM,Norte,TOP_TIER,1,404.50,404.50,False
sal_052e42f46257,2025-12-20 11:12:30,2025-12-20,Sábado,7,11,ecommerce,prd_2cbafff50c72,Sabonete Facial,Beleza,Nike,BASICO,True,cus_f64907d41a69,Henrique Da Conceição,DF,Centro-Oeste,VIP,2,100.90,201.80,False
sal_45a9881ca94f,2026-01-03 16:13:22,2026-01-03,Sábado,7,16,ecommerce,prd_9b6e92e0766c,Casaco de Inverno,Moda,Arno,BASICO,True,cus_3580317ddeab,Bella Borges,AM,Norte,VIP,1,35.90,35.90,False
sal_a93d57bffc6f,2026-01-01 18:54:17,2026-01-01,Quinta,5,18,ecommerce,prd_28cd8ab86936,Porta-moedas,Acessórios,Xiaomi,BASICO,True,cus_639110db69ed,João Vitor Barros,AP,Norte,REGULAR,1,248.60,248.60,False
sal_a11d0eb38818,2025-12-30 18:49:43,2025-12-30,Terça,3,18,ecommerce,prd_a4025bac91a7,Óculos de Sol,Acessórios,Xiaomi,BASICO,True,cus_0ff4cceccc6f,João Aparecida,CE,Nordeste,TOP_TIER,1,50.25,50.25,False
sal_9aa044b8f035,2026-01-06 23:42:04,2026-01-06,Terça,3,23,loja_fisica,prd_30518d908a92,Cinto de Couro,Acessórios,Asus,BASICO,True,cus_c3944101594c,Murilo Da Mata,RR,Norte,VIP,1,76.94,76.94,False
sal_bc89c6f6680f,2025-12-20 18:00:27,2025-12-20,Sábado,7,18,ecommerce,prd_5112469132ff,Placa Mãe B450,Informática,Dell,BASICO,True,cus_b42a15933072,Heitor Rezende,PE,Nordeste,TOP_TIER,3,413.50,1240.50,False
sal_ba5e27f2baa7,2026-01-05 15:46:38,2026-01-05,Segunda,2,15,ecommerce,prd_8b22fd85d500,Garrafa Térmica 1L,Cozinha,Sony,BASICO,True,cus_df9e0b31fa20,Yuri Albuquerque,SE,Nordeste,REGULAR,2,324.99,649.98,False
sal_4b9c6ed33f10,2025-12-17 19:37:00,2025-12-17,Quarta,4,19,loja_fisica,prd_d22d1b8b1502,Camisa Social,Moda,Brastemp,PREMIUM,True,cus_c3944101594c,Murilo Da Mata,RR,Norte,VIP,2,1149.90,2299.80,False
sal_22e864cb918b,2025-12-23 10:49:06,2025-12-23,Terça,3,10,ecommerce,prd_d22d1b8b1502,Camisa Social,Moda,Brastemp,PREMIUM,True,cus_8ad3c8745efb,Eduardo Cunha,AC,Norte,TOP_TIER,1,1149.90,1149.90,False
sal_00e3870167e0,2026-01-03 09:11:26,2026-01-03,Sábado,7,9,ecommerce,prd_30518d908a92,Cinto de Couro,Acessórios,Asus,BASICO,True,cus_a01814ad9247,Ana Beatriz Alves,SP,Sudeste,TOP_TIER,1,80.99,80.99,False
sal_4a5655ca0992,2025-12-27 15:24:36,2025-12-27,Sábado,7,15,ecommerce,prd_8b22fd85d500,Garrafa Térmica 1L,Cozinha,Sony,BASICO,True,cus_c8d383cfde0c,Maria Cecília Oliveira,AM,Norte,TOP_TIER,2,276.24,552.48,False
sal_ad630f9199ac,2026-01-03 15:11:46,2026-01-03,Sábado,7,15,ecommerce,prd_84a009f1889d,Cortina Box,Casa,Consul,BASICO,True,cus_1a38731e1fbe,Otávio Fernandes,ES,Sudeste,TOP_TIER,1,32.90,32.90,False
sal_5e337c61182b,2026-01-06 20:47:03,2026-01-06,Terça,3,20,ecommerce,prd_045813f96891,Cardigan de Lã,Moda,LG,BASICO,True,cus_4209c24e0be2,Maya Castro,TO,Norte,REGULAR,1,157.29,157.29,False
sal_1e2f7577a405,2025-12-23 19:22:04,2025-12-23,Terça,3,19,ecommerce,prd_51511e44c92a,Kit Gamer Completo,Games,Mondial,BASICO,True,cus_4209c24e0be2,Maya Castro,TO,Norte,REGULAR,1,84.45,84.45,False
sal_4fb38ce4e4e6,2025-12-30 11:35:47,2025-12-30,Terça,3,11,ecommerce,prd_4ee65ed59110,Frigideira Antiaderente,Cozinha,Philips,BASICO,True,cus_cf84750c1fb4,Alana Teixeira,MA,Nordeste,TOP_TIER,2,41.90,83.80,False
sal_8bb7e94b7b5e,2025-12-28 22:48:16,2025-12-28,Domingo,1,22,ecommerce,prd_d92ad43fa137,Smart TV 43 Polegadas,Eletrônicos,Philips,BASICO,True,cus_a8f8e01eaee8,Elisa Martins,ES,Sudeste,REGULAR,1,60.21,60.21,False
sal_85881ecd8cbd,2025-12-13 13:48:17,2025-12-13,Sábado,7,13,loja_fisica,prd_205f309c1a21,Tapete Persa,Casa,Sony,BASICO,True,cus_4209c24e0be2,Maya Castro,TO,Norte,REGULAR,1,33.24,33.24,False
sal_48300e5daa01,2025-12-28 11:02:30,2025-12-28,Domingo,1,11,ecommerce,prd_d500fa66507e,Shorts Jeans,Moda,Electrolux,BASICO,True,cus_d4db3db9eccb,Ana Julia Camargo,PB,Nordeste,TOP_TIER,1,327.24,327.24,False
sal_6704d2d602dd,2025-12-25 16:48:51,2025-12-25,Quinta,5,16,ecommerce,prd_b4a823952be5,Amplificador de Áudio,Áudio,Consul,BASICO,True,cus_96658dc10aa5,Agatha Silveira,PA,Norte,TOP_TIER,1,73.90,73.90,False
sal_db3d4bc57eba,2025-12-31 17:50:10,2025-12-31,Quarta,4,17,loja_fisica,prd_d92ad43fa137,Smart TV 43 Polegadas,Eletrônicos,Philips,BASICO,True,cus_644bf6820c61,Heloísa Andrade,PR,Sul,REGULAR,1,60.21,60.21,False
sal_edcb2198beab,2025-12-30 20:55:50,2025-12-30,Terça,3,20,ecommerce,prd_9259039bf9b2,Tábua de Corte,Cozinha,Sony,BASICO,True,cus_71308b76151a,Amanda Sousa,MS,Centro-Oeste,TOP_TIER,1,228.94,228.94,False
sal_32b71c02cfa1,2026-01-05 09:49:04,2026-01-05,Segunda,2,9,loja_fisica,prd_b17460641fb4,Garrafa Térmica 1L,Cozinha,Xiaomi,BASICO,True,cus_6ff11137142d,Vitor Gabriel Sá,TO,Norte,TOP_TIER,2,239.99,479.98,False
sal_ecd3a9e62d48,2026-01-05 08:09:28,2026-01-05,Segunda,2,8,ecommerce,prd_db8fc9e6fa53,Paleta de Sombras,Beleza,LG,PREMIUM,True,cus_f1a06ae11717,Gustavo Henrique Rios,AM,Norte,TOP_TIER,1,1278.89,1278.89,False
sal_5cabc3b7e71f,2025-12-26 23:01:35,2025-12-26,Sexta,6,23,loja_fisica,prd_1649b8a625e4,Fone de Ouvido Bluetooth,Áudio,Adidas,BASICO,True,cus_79d52b75f259,Elisa Freitas,CE,Nordeste,TOP_TIER,1,89.10,89.10,False
sal_b6e2ff9e0875,2025-12-30 22:10:27,2025-12-30,Terça,3,22,ecommerce,prd_c62100cc281c,Webcam para Stream,Games,Samsung,BASICO,True,cus_c9cd13d1ae9f,Yasmin Siqueira,PA,Norte,VIP,2,46.45,92.90,False
sal_ec11f5e8a920,2026-01-07 17:24:11,2026-01-07,Quarta,4,17,ecommerce,prd_385035a5bc20,Notebook Inspiron 15,Eletrônicos,Adidas,BASICO,True,cus_0343c0763f76,Vitor Gabriel Da Luz,RS,Sul,VIP,1,219.90,219.90,False
sal_3b0db3cd06e3,2025-12-31 08:50:37,2025-12-31,Quarta,4,8,ecommerce,prd_9239eec8982d,HD Externo 2TB,Informática,Arno,BASICO,True,cus_8fa04d3a5837,Rafael Porto,RS,Sul,TOP_TIER,2,49.39,98.78,False
sal_0bcc7aa1958f,2025-12-26 16:46:59,2025-12-26,Sexta,6,16,loja_fisica,prd_84a009f1889d,Cortina Box,Casa,Consul,BASICO,True,cus_36595eecf105,Bruno Novaes,PA,Norte,REGULAR,1,32.90,32.90,False
sal_862b6c2ea9c4,2025-12-31 18:50:39,2025-12-31,Quarta,4,18,loja_fisica,prd_84a009f1889d,Cortina Box,Casa,Consul,BASICO,True,cus_d2762f5968fe,Aurora Pastor,SE,Nordeste,REGULAR,1,32.90,32.90,False
sal_b976fa8cba7f,2026-01-07 14:03:46,2026-01-07,Quarta,4,14,ecommerce,prd_0aba258682b7,Vestido Floral,Moda,Adidas,BASICO,True,cus_d4db3db9eccb,Ana Julia Camargo,PB,Nordeste,TOP_TIER,2,68.88,137.76,False
sal_e8959cafe1c1,2026-01-10 11:06:26,2026-01-10,Sábado,7,11,ecommerce,prd_51511e44c92a,Kit Gamer Completo,Games,Mondial,BASICO,True,cus_644bf6820c61,Heloísa Andrade,PR,Sul,REGULAR,3,88.90,266.70,False
sal_2bd529f0362b,2025-12-19 19:22:05,2025-12-19,Sexta,6,19,loja_fisica,prd_bf5d8671f7a9,Placa Mãe B450,Informática,Brastemp,BASICO,True,cus_1a38731e1fbe,Otávio Fernandes,ES,Sudeste,TOP_TIER,2,107.91,215.82,False
sal_9cee40559a68,2026-01-10 15:55:55,2026-01-10,Sábado,7,15,ecommerce,prd_645f7859f379,Calça Jeans Skinny,Moda,Asus,BASICO,True,cus_31874cf2d1e5,Nina Moura,SP,Sudeste,TOP_TIER,2,462.55,925.10,False
sal_02a41cfd2a06,2025-12-31 21:00:30,2025-12-31,Quarta,4,21,loja_fisica,prd_6212ac3178f2,Óculos de Natação,Esporte,Samsung,BASICO,True,cus_d2762f5968fe,Aurora Pastor,SE,Nordeste,REGULAR,1,130.41,130.41,False
sal_2974b02e8487,2026-01-06 16:23:36,2026-01-06,Terça,3,16,ecommerce,prd_305f920b8836,Brincos de Prata,Acessórios,Lenovo,MEDIO,True,cus_9d2dd4770a79,Luigi Camargo,GO,Centro-Oeste,TOP_TIER,1,841.95,841.95,False
sal_3d00f57c1bf0,2025-12-22 23:02:23,2025-12-22,Segunda,2,23,loja_fisica,prd_d500fa66507e,Shorts Jeans,Moda,Electrolux,BASICO,True,cus_fa3a88d1ccef,Benício Gomes,AL,Nordeste,VIP,3,384.99,1154.97,False
sal_1538abd9812e,2025-12-28 16:18:35,2025-12-28,Domingo,1,16,ecommerce,prd_d92ad43fa137,Smart TV 43 Polegadas,Eletrônicos,Philips,BASICO,True,cus_f1a06ae11717,Gustavo Henrique Rios,AM,Norte,TOP_TIER,1,73.59,73.59,False
sal_a47cae1a5d97,2025-12-23 09:46:57,2025-12-23,Terça,3,9,loja_fisica,prd_9d7b9035daa0,Forma de Bolo Redonda,Cozinha,O Boticário,BASICO,True,cus_639110db69ed,João Vitor Barros,AP,Norte,REGULAR,1,191.90,191.90,False
sal_3ce334cd90a2,2025-12-29 20:56:07,2025-12-29,Segunda,2,20,ecommerce,prd_045813f96891,Cardigan de Lã,Moda,LG,BASICO,True,cus_fa3a88d1ccef,Benício Gomes,AL,Nordeste,VIP,1,142.99,142.99,False
sal_9c4b10805aba,2026-01-03 16:24:48,2026-01-03,Sábado,7,16,ecommerce,prd_d21486ad974a,Teclado Gamer RGB,Games,Motorola,BASICO,True,cus_78ab1cf16e12,Beatriz Garcia,SE,Nordeste,TOP_TIER,1,307.50,307.50,False
sal_7606272ad8d7,2026-01-09 21:19:15,2026-01-09,Sexta,6,21,loja_fisica,prd_a17c779dd289,Gravador de Voz,Áudio,Asus,BASICO,True,cus_31874cf2d1e5,Nina Moura,SP,Sudeste,TOP_TIER,1,55.17,55.17,False
sal_fec4b6b02966,2025-12-14 13:11:01,2025-12-14,Domingo,1,13,loja_fisica,prd_afd58e5fd09d,Condicionador Hidratante,Beleza,Asus,BASICO,True,cus_508a15ccf0fa,Zoe Campos,MT,Centro-Oeste,TOP_TIER,2,451.90,903.80,False
sal_1b79cc034c68,2025-12-18 15:53:54,2025-12-18,Quinta,5,15,ecommerce,prd_bf5d8671f7a9,Placa Mãe B450,Informática,Brastemp,BASICO,True,cus_a8f8e01eaee8,Elisa Martins,ES,Sudeste,REGULAR,5,119.90,599.50,False
sal_b38f234513f6,2025-12-14 22:54:49,2025-12-14,Domingo,1,22,ecommerce,prd_84a009f1889d,Cortina Box,Casa,Consul,BASICO,True,cus_96658dc10aa5,Agatha Silveira,PA,Norte,TOP_TIER,3,36.19,108.57,False
sal_25d53f9f4490,2025-12-25 14:54:47,2025-12-25,Quinta,5,14,loja_fisica,prd_4ee65ed59110,Frigideira Antiaderente,Cozinha,Philips,BASICO,True,cus_a8f8e01eaee8,Elisa Martins,ES,Sudeste,REGULAR,1,41.90,41.90,False
sal_a9c499718f76,2025-12-23 23:54:34,2025-12-23,Terça,3,23,ecommerce,prd_2cbafff50c72,Sabonete Facial,Beleza,Nike,BASICO,True,cus_f1a06ae11717,Gustavo Henrique Rios,AM,Norte,TOP_TIER,1,100.90,100.90,False
sal_9160bc7c6da8,2026-01-06 18:27:47,2026-01-06,Terça,3,18,ecommerce,prd_a7c360e156c0,Gabinete ATX,Informática,Motorola,BASICO,True,cus_9d2dd4770a79,Luigi Camargo,GO,Centro-Oeste,TOP_TIER,1,171.99,171.99,False
sal_05e278f646ff,2026-01-03 16:34:38,2026-01-03,Sábado,7,16,ecommerce,prd_5437b387f602,Webcam 1080p,Informática,LG,BASICO,True,cus_8fa04d3a5837,Rafael Porto,RS,Sul,TOP_TIER,1,193.72,193.72,False
sal_f0462ce54717,2025-12-14 15:25:04,2025-12-14,Domingo,1,15,loja_fisica,prd_694bd92302c1,Gabinete ATX,Informática,Mondial,BASICO,True,cus_31874cf2d1e5,Nina Moura,SP,Sudeste,TOP_TIER,1,92.90,92.90,False
sal_cb295cfdf9ed,2026-01-08 22:54:26,2026-01-08,Quinta,5,22,ecommerce,prd_d500fa66507e,Shorts Jeans,Moda,Electrolux,BASICO,True,cus_9d2dd4770a79,Luigi Camargo,GO,Centro-Oeste,TOP_TIER,1,423.49,423.49,False
sal_722f89a338a6,2025-12-17 13:10:44,2025-12-17,Quarta,4,13,ecommerce,prd_23664e42a71c,Jogo de Toalhas,Casa,Xiaomi,BASICO,True,cus_a9747473c5c6,Ana Lívia Aparecida,AL,Nordeste,REGULAR,1,109.90,109.90,False
sal_d062bc347ccf,2026-01-03 17:07:53,2026-01-03,Sábado,7,17,ecommerce,prd_82cd17cb589d,Persiana Vertical,Casa,Dell,BASICO,True,cus_7262f4e5ce9f,Sophia Monteiro,SP,Sudeste,TOP_TIER,1,40.41,40.41,False
sal_de8f4ed2a246,2026-01-07 21:52:35,2026-01-07,Quarta,4,21,ecommerce,prd_d22d1b8b1502,Camisa Social,Moda,Brastemp,PREMIUM,True,cus_1a38731e1fbe,Otávio Fernandes,ES,Sudeste,TOP_TIER,1,1264.89,1264.89,False
sal_4e529f507c4a,2025-12-25 21:02:09,2025-12-25,Quinta,5,21,ecommerce,prd_045813f96891,Cardigan de Lã,Moda,LG,BASICO,True,cus_fa3a88d1ccef,Benício Gomes,AL,Nordeste,VIP,1,142.99,142.99,False
sal_56e0f6de43f8,2025-12-24 11:00:20,2025-12-24,Quarta,4,11,ecommerce,prd_b7490508211e,Vestido Floral,Moda,Apple,BASICO,True,cus_78ab1cf16e12,Beatriz Garcia,SE,Nordeste,TOP_TIER,4,220.00,880.00,False
sal_1b6116ae987e,2026-01-05 17:00:00,2026-01-05,Segunda,2,17,ecommerce,prd_686e2aab873d,Blusa de Frio,Moda,Philips,BASICO,True,cus_ec8d75866856,Luan Vargas,RS,Sul,TOP_TIER,1,89.50,89.50,False
sal_77f9019f9ba5,2026-01-09 10:34:52,2026-01-09,Sexta,6,10,ecommerce,prd_d92ad43fa137,Smart TV 43 Polegadas,Eletrônicos,Philips,BASICO,True,cus_eae005fd3470,Calebe Fogaça,TO,Norte,TOP_TIER,1,66.90,66.90,False
sal_5080c7f25a4d,2025-12-29 08:37:06,2025-12-29,Segunda,2,8,ecommerce,prd_d92ad43fa137,Smart TV 43 Polegadas,Eletrônicos,Philips,BASICO,True,cus_36595eecf105,Bruno Novaes,PA,Norte,REGULAR,2,66.90,133.80,False
sal_c4aba3601e5a,2026-01-09 01:08:42,2026-01-09,Sexta,6,1,loja_fisica,prd_686e2aab873d,Blusa de Frio,Moda,Philips,BASICO,True,cus_8fa04d3a5837,Rafael Porto,RS,Sul,TOP_TIER,2,89.50,179.00,False
sal_48a14970efae,2025-12-18 10:37:05,2025-12-18,Quinta,5,10,ecommerce,prd_38c1b898aecc,Microfone para Stream,Games,Samsung,BASICO,True,cus_6ff11137142d,Vitor Gabriel Sá,TO,Norte,TOP_TIER,1,140.90,140.90,False
sal_85a7af55aa5d,2025-12-15 18:58:42,2025-12-15,Segunda,2,18,ecommerce,prd_205f309c1a21,Tapete Persa,Casa,Sony,BASICO,True,cus_c8d383cfde0c,Maria Cecília Oliveira,AM,Norte,TOP_TIER,1,33.24,33.24,False
sal_eb132fc7e4da,2025-12-13 16:29:06,2025-12-13,Sábado,7,16,ecommerce,prd_2293732b7542,Cortina Blackout,Casa,Xiaomi,BASICO,True,cus_25c656241a9a,Amanda Novais,GO,Centro-Oeste,TOP_TIER,2,68.90,137.80,False
sal_ebfadb139a5f,2026-01-05 15:30:12,2026-01-05,Segunda,2,15,ecommerce,prd_2cbafff50c72,Sabonete Facial,Beleza,Nike,BASICO,True,cus_4209c24e0be2,Maya Castro,TO,Norte,REGULAR,2,90.81,181.62,False
sal_59b757158acd,2026-01-05 08:52:17,2026-01-05,Segunda,2,8,ecommerce,prd_1e4ccab8af1a,Máscara Facial,Beleza,Apple,BASICO,True,cus_31874cf2d1e5,Nina Moura,SP,Sudeste,TOP_TIER,2,111.90,223.80,False
sal_a46d56a55a27,2025-12-18 16:00:08,2025-12-18,Quinta,5,16,ecommerce,prd_8b22fd85d500,Garrafa Térmica 1L,Cozinha,Sony,BASICO,True,cus_c9cd13d1ae9f,Yasmin Siqueira,PA,Norte,VIP,1,276.24,276.24,False
sal_abea576c9309,2025-12-14 09:56:24,2025-12-14,Domingo,1,9,loja_fisica,prd_38c1b898aecc,Microfone para Stream,Games,Samsung,BASICO,True,cus_25d1cb23f872,Melissa Pastor,AC,Norte,VIP,4,140.90,563.60,False
sal_25adcb2ab175,2025-12-16 12:50:00,2025-12-16,Terça,3,12,loja_fisica,prd_6d4e3b1efd0c,Necessaire,Acessórios,Xiaomi,PREMIUM,True,cus_f50da5532735,João Gabriel Porto,MG,Sudeste,TOP_TIER,1,1139.99,1139.99,False
sal_33f93ad7d112,2025-12-19 08:44:12,2025-12-19,Sexta,6,8,ecommerce,prd_afd58e5fd09d,Condicionador Hidratante,Beleza,Asus,BASICO,True,cus_fa3a88d1ccef,Benício Gomes,AL,Nordeste,VIP,1,451.90,451.90,False
sal_7172179b3dc8,2025-12-18 14:51:56,2025-12-18,Quinta,5,14,loja_fisica,prd_84a009f1889d,Cortina Box,Casa,Consul,BASICO,True,cus_b0026583b709,Mariane Pacheco,MT,Centro-Oeste,VIP,3,32.90,98.70,False
sal_e59c514f2d99,2026-01-01 17:28:40,2026-01-01,Quinta,5,17,ecommerce,prd_385035a5bc20,Notebook Inspiron 15,Eletrônicos,Adidas,BASICO,True,cus_df9e0b31fa20,Yuri Albuquerque,SE,Nordeste,REGULAR,1,197.91,197.91,False
sal_ad5620fb96d2,2025-12-28 10:39:53,2025-12-28,Domingo,1,10,ecommerce,prd_bf94f6ee7033,Mochila Esportiva,Esporte,Sony,BASICO,True,cus_a8f8e01eaee8,Elisa Martins,ES,Sudeste,REGULAR,1,74.95,74.95,False
sal_9d92d23b8ee7,2026-01-07 18:54:41,2026-01-07,Quarta,4,18,loja_fisica,prd_4ee65ed59110,Frigideira Antiaderente,Cozinha,Philips,BASICO,True,cus_7262f4e5ce9f,Sophia Monteiro,SP,Sudeste,TOP_TIER,2,41.90,83.80,False
sal_4369a0db65af,2025-12-18 10:50:51,2025-12-18,Quinta,5,10,ecommerce,prd_c62100cc281c,Webcam para Stream,Games,Samsung,BASICO,True,cus_eae005fd3470,Calebe Fogaça,TO,Norte,TOP_TIER,1,44.01,44.01,False
sal_ab73addec144,2025-12-22 20:00:58,2025-12-22,Segunda,2,20,ecommerce,prd_686e2aab873d,Blusa de Frio,Moda,Philips,BASICO,True,cus_8ad3c8745efb,Eduardo Cunha,AC,Norte,TOP_TIER,1,89.50,89.50,False
sal_60333b0dfa91,2025-12-13 19:14:13,2025-12-13,Sábado,7,19,ecommerce,prd_7dd7624b4d5f,Fone de Ouvido com Fio,Áudio,Brastemp,BASICO,True,cus_6ff11137142d,Vitor Gabriel Sá,TO,Norte,TOP_TIER,1,253.21,253.21,False
sal_f7aad3709988,2025-12-28 21:31:46,2025-12-28,Domingo,1,21,ecommerce,prd_ff35b88df534,SSD 500GB,Eletrônicos,Acer,BASICO,True,cus_13af118ef4e8,Sarah Teixeira,AM,Norte,TOP_TIER,2,211.90,423.80,False
sal_37dff452d5be,2026-01-11 23:41:42,2026-01-11,Domingo,1,23,loja_fisica,prd_a4025bac91a7,Óculos de Sol,Acessórios,Xiaomi,BASICO,True,cus_8fa04d3a5837,Rafael Porto,RS,Sul,TOP_TIER,3,44.96,134.88,False
sal_4c09b489d1f4,2026-01-03 13:35:38,2026-01-03,Sábado,7,13,ecommerce,prd_2293732b7542,Cortina Blackout,Casa,Xiaomi,BASICO,True,cus_6ff11137142d,Vitor Gabriel Sá,TO,Norte,TOP_TIER,1,62.01,62.01,False
sal_1336de7ebe26,2026-01-05 19:21:00,2026-01-05,Segunda,2,19,ecommerce,prd_645f7859f379,Calça Jeans Skinny,Moda,Asus,BASICO,True,cus_cf84750c1fb4,Alana Teixeira,MA,Nordeste,TOP_TIER,1,413.86,413.86,False
sal_4f94f9728c36,2025-12-20 17:15:38,2025-12-20,Sábado,7,17,ecommerce,prd_c1f6dcbed826,Descascador de Legumes,Cozinha,Adidas,BASICO,True,cus_ec8d75866856,Luan Vargas,RS,Sul,TOP_TIER,1,192.90,192.90,False
sal_03a1e7af2a8f,2025-12-15 15:56:50,2025-12-15,Segunda,2,15,ecommerce,prd_5a6fd66e1c00,Vestido Casual,Moda,Philips,BASICO,True,cus_a8f8e01eaee8,Elisa Martins,ES,Sudeste,REGULAR,1,95.97,95.97,False
sal_e47f29749dd2,2025-12-25 09:13:19,2025-12-25,Quinta,5,9,ecommerce,prd_92c0ecf60a58,Jogo de Toalhas,Casa,Brastemp,BASICO,True,cus_c9cd13d1ae9f,Yasmin Siqueira,PA,Norte,VIP,1,180.90,180.90,False
sal_a5033b813ce3,2025-12-14 12:26:44,2025-12-14,Domingo,1,12,ecommerce,prd_d205de276c20,Raquete de Tênis,Esporte,Sony,BASICO,True,cus_f50da5532735,João Gabriel Porto,MG,Sudeste,TOP_TIER,1,64.99,64.99,False
sal_eb9dd38c4274,2025-12-25 22:56:01,2025-12-25,Quinta,5,22,ecommerce,prd_bf5d8671f7a9,Placa Mãe B450,Informática,Brastemp,BASICO,True,cus_78ab1cf16e12,Beatriz Garcia,SE,Nordeste,TOP_TIER,1,119.90,119.90,False
sal_0b9e30ffca99,2025-12-23 22:32:04,2025-12-23,Terça,3,22,ecommerce,prd_b7490508211e,Vestido Floral,Moda,Apple,BASICO,True,cus_25d1cb23f872,Melissa Pastor,AC,Norte,VIP,1,220.00,220.00,False
sal_7f5449d565fb,2026-01-07 10:35:32,2026-01-07,Quarta,4,10,ecommerce,prd_afd58e5fd09d,Condicionador Hidratante,Beleza,Asus,BASICO,True,cus_79d52b75f259,Elisa Freitas,CE,Nordeste,TOP_TIER,1,451.90,451.90,False
sal_be54429aec10,2026-01-11 18:57:56,2026-01-11,Domingo,1,18,ecommerce,prd_2cbafff50c72,Sabonete Facial,Beleza,Nike,BASICO,True,cus_d2762f5968fe,Aurora Pastor,SE,Nordeste,REGULAR,1,100.90,100.90,False
sal_375e6b502ddf,2025-12-15 23:19:43,2025-12-15,Segunda,2,23,loja_fisica,prd_899bd21840eb,Mixer de Áudio,Áudio,O Boticário,BASICO,True,cus_df9e0b31fa20,Yuri Albuquerque,SE,Nordeste,REGULAR,1,58.85,58.85,False
sal_a8a712328c95,2025-12-27 13:29:41,2025-12-27,Sábado,7,13,ecommerce,prd_ff56c9132964,Regata Básica,Moda,Xiaomi,BASICO,True,cus_d4db3db9eccb,Ana Julia Camargo,PB,Nordeste,TOP_TIER,1,213.99,213.99,False
sal_01c57b619b03,2026-01-05 19:02:18,2026-01-05,Segunda,2,19,ecommerce,prd_afd58e5fd09d,Condicionador Hidratante,Beleza,Asus,BASICO,True,cus_644bf6820c61,Heloísa Andrade,PR,Sul,REGULAR,1,451.90,451.90,False
sal_e00f44206465,2025-12-23 21:46:02,2025-12-23,Terça,3,21,ecommerce,prd_d22d1b8b1502,Camisa Social,Moda,Brastemp,PREMIUM,True,cus_f64907d41a69,Henrique Da Conceição,DF,Centro-Oeste,VIP,1,1149.90,1149.90,False
sal_8d646ccc80bc,2025-12-23 11:11:42,2025-12-23,Terça,3,11,ecommerce,prd_ff35b88df534,SSD 500GB,Eletrônicos,Acer,BASICO,True,cus_8fa04d3a5837,Rafael Porto,RS,Sul,TOP_TIER,1,211.90,211.90,False
sal_e48c0e5d88d5,2025-12-17 23:07:01,2025-12-17,Quarta,4,23,loja_fisica,prd_474405dcce41,Brincos de Prata,Acessórios,Motorola,BASICO,True,cus_f1a06ae11717,Gustavo Henrique Rios,AM,Norte,TOP_TIER,1,64.50,64.50,False
sal_db984609140b,2026-01-03 22:20:40,2026-01-03,Sábado,7,22,loja_fisica,prd_385035a5bc20,Notebook Inspiron 15,Eletrônicos,Adidas,BASICO,True,cus_df9e0b31fa20,Yuri Albuquerque,SE,Nordeste,REGULAR,1,219.90,219.90,False
sal_d2275d3fd2df,2025-12-16 09:38:45,2025-12-16,Terça,3,9,ecommerce,prd_28cd8ab86936,Porta-moedas,Acessórios,Xiaomi,BASICO,True,cus_d2762f5968fe,Aurora Pastor,SE,Nordeste,REGULAR,1,192.10,192.10,False
sal_b851b96bb7ca,2025-12-30 18:23:27,2025-12-30,Terça,3,18,ecommerce,prd_205f309c1a21,Tapete Persa,Casa,Sony,BASICO,True,cus_df9e0b31fa20,Yuri Albuquerque,SE,Nordeste,REGULAR,1,33.24,33.24,False
sal_1fda98d12663,2025-12-26 16:03:41,2025-12-26,Sexta,6,16,ecommerce,prd_205f309c1a21,Tapete Persa,Casa,Sony,BASICO,True,cus_8ad3c8745efb,Eduardo Cunha,AC,Norte,TOP_TIER,1,34.99,34.99,False
sal_0e81a7f5cca6,2026-01-09 13:42:38,2026-01-09,Sexta,6,13,loja_fisica,prd_d92ad43fa137,Smart TV 43 Polegadas,Eletrônicos,Philips,BASICO,True,cus_a9747473c5c6,Ana Lívia Aparecida,AL,Nordeste,REGULAR,1,66.90,66.90,False
sal_9efaad9bc2fd,2025-12-21 11:00:09,2025-12-21,Domingo,1,11,ecommerce,prd_a4025bac91a7,Óculos de Sol,Acessórios,Xiaomi,BASICO,True,cus_f1eccf8e0d99,Luiz Miguel Câmara,GO,Centro-Oeste,REGULAR,1,52.90,52.90,False
sal_7876b80d4bb9,2026-01-04 18:15:00,2026-01-04,Domingo,1,18,ecommerce,prd_645f7859f379,Calça Jeans Skinny,Moda,Asus,BASICO,True,cus_fa3a88d1ccef,Benício Gomes,AL,Nordeste,VIP,1,462.55,462.55,False
sal_fe371f7fe912,2026-01-01 18:53:43,2026-01-01,Quinta,5,18,ecommerce,prd_a4025bac91a7,Óculos de Sol,Acessórios,Xiaomi,BASICO,True,cus_d36c11b261a6,Cauã Rocha,MA,Nordeste,REGULAR,3,50.25,150.75,False
sal_b872a7905be3,2025-12-26 17:28:48,2025-12-26,Sexta,6,17,loja_fisica,prd_a4025bac91a7,Óculos de Sol,Acessórios,Xiaomi,BASICO,True,cus_a01814ad9247,Ana Beatriz Alves,SP,Sudeste,TOP_TIER,1,50.25,50.25,False
sal_11263018f66a,2026-01-07 18:32:39,2026-01-07,Quarta,4,18,loja_fisica,prd_30518d908a92,Cinto de Couro,Acessórios,Asus,BASICO,True,cus_78ab1cf16e12,Beatriz Garcia,SE,Nordeste,TOP_TIER,1,89.09,89.09,False
sal_96a71b87a14a,2025-12-20 16:25:13,2025-12-20,Sábado,7,16,ecommerce,prd_90725b7ac0e8,Espelho de Parede,Casa,Adidas,BASICO,True,cus_508a15ccf0fa,Zoe Campos,MT,Centro-Oeste,TOP_TIER,3,78.99,236.97,False
sal_fe81dc2fd5e6,2025-12-18 08:33:13,2025-12-18,Quinta,5,8,ecommerce,prd_899bd21840eb,Mixer de Áudio,Áudio,O Boticário,BASICO,True,cus_4e62d52db97a,Josué Souza,RJ,Sudeste,VIP,2,53.50,107.00,False
sal_0d9a643a68b1,2025-12-27 19:34:48,2025-12-27,Sábado,7,19,ecommerce,prd_0347eab01a6c,Memória RAM 8GB,Informática,Mondial,MEDIO,True,cus_eae005fd3470,Calebe Fogaça,TO,Norte,TOP_TIER,2,626.00,1252.00,False
sal_5cd49ad7c828,2026-01-10 23:42:41,2026-01-10,Sábado,7,23,ecommerce,prd_92c4758afec3,Vestido Floral,Moda,Arno,BASICO,True,cus_25d1cb23f872,Melissa Pastor,AC,Norte,VIP,1,325.90,325.90,False
sal_d87d85c012b8,2026-01-09 17:15:10,2026-01-09,Sexta,6,17,loja_fisica,prd_1649b8a625e4,Fone de Ouvido Bluetooth,Áudio,Adidas,BASICO,True,cus_f1eccf8e0d99,Luiz Miguel Câmara,GO,Centro-Oeste,REGULAR,1,99.00,99.00,False
sal_c1f00d620d24,2025-12-27 18:04:01,2025-12-27,Sábado,7,18,ecommerce,prd_d92ad43fa137,Smart TV 43 Polegadas,Eletrônicos,Philips,BASICO,True,cus_79d52b75f259,Elisa Freitas,CE,Nordeste,TOP_TIER,1,66.90,66.90,False
sal_5c9b86908d61,2025-12-29 18:40:07,2025-12-29,Segunda,2,18,loja_fisica,prd_d92ad43fa137,Smart TV 43 Polegadas,Eletrônicos,Philips,BASICO,True,cus_79d52b75f259,Elisa Freitas,CE,Nordeste,TOP_TIER,1,66.90,66.90,False
sal_53e99e022d39,2025-12-22 15:52:44,2025-12-22,Segunda,2,15,ecommerce,prd_205f309c1a21,Tapete Persa,Casa,Sony,BASICO,True,cus_f1a06ae11717,Gustavo Henrique Rios,AM,Norte,TOP_TIER,2,34.99,69.98,False
sal_8420856865fd,2025-12-24 11:51:51,2025-12-24,Quarta,4,11,ecommerce,prd_92c0ecf60a58,Jogo de Toalhas,Casa,Brastemp,BASICO,True,cus_71308b76151a,Amanda Sousa,MS,Centro-Oeste,TOP_TIER,1,180.90,180.90,False
sal_db57c6d356be,2025-12-29 10:29:03,2025-12-29,Segunda,2,10,ecommerce,prd_686e2aab873d,Blusa de Frio,Moda,Philips,BASICO,True,cus_418af67b6b28,Miguel Ramos,TO,Norte,REGULAR,1,76.08,76.08,False
sal_e874b23fbb32,2025-12-25 08:21:14,2025-12-25,Quinta,5,8,ecommerce,prd_686e2aab873d,Blusa de Frio,Moda,Philips,BASICO,True,cus_508a15ccf0fa,Zoe Campos,MT,Centro-Oeste,TOP_TIER,2,80.55,161.10,False
sal_c0ee6c4a86fa,2026-01-08 21:02:50,2026-01-08,Quinta,5,21,loja_fisica,prd_645f7859f379,Calça Jeans Skinny,Moda,Asus,BASICO,True,cus_4e62d52db97a,Josué Souza,RJ,Sudeste,VIP,2,486.90,973.80,False
sal_ef8bf216c779,2026-01-09 17:32:12,2026-01-09,Sexta,6,17,loja_fisica,prd_c62100cc281c,Webcam para Stream,Games,Samsung,BASICO,True,cus_7262f4e5ce9f,Sophia Monteiro,SP,Sudeste,TOP_TIER,1,41.56,41.56,False
sal_8368116a0819,2025-12-22 09:24:26,2025-12-22,Segunda,2,9,ecommerce,prd_c62100cc281c,Webcam para Stream,Games,Samsung,BASICO,True,cus_f50da5532735,João Gabriel Porto,MG,Sudeste,TOP_TIER,1,48.90,48.90,False
sal_ed8dbbbea03a,2025-12-21 14:16:55,2025-12-21,Domingo,1,14,ecommerce,prd_51511e44c92a,Kit Gamer Completo,Games,Mondial,BASICO,True,cus_911b23c97589,Heitor Nunes,MS,Centro-Oeste,REGULAR,1,88.90,88.90,False
sal_5d4a224a7085,2025-12-20 15:30:27,2025-12-20,Sábado,7,15,ecommerce,prd_51511e44c92a,Kit Gamer Completo,Games,Mondial,BASICO,True,cus_d4db3db9eccb,Ana Julia Camargo,PB,Nordeste,TOP_TIER,1,88.90,88.90,False
sal_4b46a1ff3f9c,2026-01-07 13:16:02,2026-01-07,Quarta,4,13,ecommerce,prd_4a5427b33a63,Mouse Pad Gamer,Informática,Sony,BASICO,True,cus_508a15ccf0fa,Zoe Campos,MT,Centro-Oeste,TOP_TIER,1,78.90,78.90,False
sal_27cb663cf0f6,2025-12-17 21:27:38,2025-12-17,Quarta,4,21,ecommerce,prd_a4025bac91a7,Óculos de Sol,Acessórios,Xiaomi,BASICO,True,cus_fa3a88d1ccef,Benício Gomes,AL,Nordeste,VIP,1,44.96,44.96,False
sal_2e9a07f6980e,2025-12-22 16:56:13,2025-12-22,Segunda,2,16,loja_fisica,prd_fd4be5bad76d,Colchonete Yoga,Esporte,Sony,BASICO,True,cus_d4db3db9eccb,Ana Julia Camargo,PB,Nordeste,TOP_TIER,1,154.99,154.99,False
sal_222a6511267a,2025-12-21 16:17:49,2025-12-21,Domingo,1,16,ecommerce,prd_a4025bac91a7,Óculos de Sol,Acessórios,Xiaomi,BASICO,True,cus_f64907d41a69,Henrique Da Conceição,DF,Centro-Oeste,VIP,1,52.90,52.90,False
sal_3422dd60022c,2025-12-25 17:06:59,2025-12-25,Quinta,5,17,ecommerce,prd_385035a5bc20,Notebook Inspiron 15,Eletrônicos,Adidas,BASICO,True,cus_31874cf2d1e5,Nina Moura,SP,Sudeste,TOP_TIER,2,219.90,439.80,False
sal_2b5e93dddf8e,2025-12-19 12:49:56,2025-12-19,Sexta,6,12,loja_fisica,prd_727f175116c6,Bicicleta Ergométrica,Esporte,Apple,BASICO,True,cus_f50da5532735,João Gabriel Porto,MG,Sudeste,TOP_TIER,2,60.70,121.40,False
sal_e4c1c3832800,2025-12-25 18:55:59,2025-12-25,Quinta,5,18,ecommerce,prd_23664e42a71c,Jogo de Toalhas,Casa,Xiaomi,BASICO,True,cus_2b1b3e2a1515,Ana Sophia Pereira,MG,Sudeste,VIP,1,93.42,93.42,False
sal_1a1b00001137,2026-01-02 23:40:06,2026-01-02,Sexta,6,23,loja_fisica,prd_bf5d8671f7a9,Placa Mãe B450,Informática,Brastemp,BASICO,True,cus_b0026583b709,Mariane Pacheco,MT,Centro-Oeste,VIP,1,131.89,131.89,False
sal_fcfe3549de0b,2026-01-06 10:58:52,2026-01-06,Terça,3,10,loja_fisica,prd_d500fa66507e,Shorts Jeans,Moda,Electrolux,BASICO,True,cus_f50da5532735,João Gabriel Porto,MG,Sudeste,TOP_TIER,1,365.74,365.74,False
sal_cc611732d90c,2026-01-09 14:03:12,2026-01-09,Sexta,6,14,ecommerce,prd_7af81d9a08ba,Controle PlayStation,Games,O Boticário,BASICO,True,cus_d36c11b261a6,Cauã Rocha,MA,Nordeste,REGULAR,1,42.49,42.49,False
sal_dcf26315b06b,2025-12-31 08:26:30,2025-12-31,Quarta,4,8,loja_fisica,prd_9aa451566556,Jarra de Vidro,Cozinha,Apple,BASICO,True,cus_36595eecf105,Bruno Novaes,PA,Norte,REGULAR,1,395.90,395.90,False
sal_649bef1c55c3,2025-12-28 23:41:13,2025-12-28,Domingo,1,23,ecommerce,prd_6f0a4eefed22,Faqueiro Inox 12 Peças,Cozinha,Apple,BASICO,True,cus_4e62d52db97a,Josué Souza,RJ,Sudeste,VIP,1,39.99,39.99,False
sal_92e9d40e6517,2025-12-27 21:06:35,2025-12-27,Sábado,7,21,ecommerce,prd_334f4a32f979,Persiana Vertical,Casa,Motorola,BASICO,True,cus_a8f8e01eaee8,Elisa Martins,ES,Sudeste,REGULAR,2,404.50,809.00,False
sal_383194a82fcc,2026-01-06 18:12:41,2026-01-06,Terça,3,18,loja_fisica,prd_d22d1b8b1502,Camisa Social,Moda,Brastemp,PREMIUM,True,cus_25d1cb23f872,Melissa Pastor,AC,Norte,VIP,1,1149.90,1149.90,False
sal_050bb755c999,2025-12-15 10:53:40,2025-12-15,Segunda,2,10,ecommerce,prd_bf5d8671f7a9,Placa Mãe B450,Informática,Brastemp,BASICO,True,cus_96658dc10aa5,Agatha Silveira,PA,Norte,TOP_TIER,1,119.90,119.90,False
sal_ed2a204d7d75,2025-12-24 18:58:04,2025-12-24,Quarta,4,18,ecommerce,prd_b7490508211e,Vestido Floral,Moda,Apple,BASICO,True,cus_b42a15933072,Heitor Rezende,PE,Nordeste,TOP_TIER,1,220.00,220.00,False
sal_5e6888d0d67c,2026-01-11 15:16:29,2026-01-11,Domingo,1,15,ecommerce,prd_d22d1b8b1502,Camisa Social,Moda,Brastemp,PREMIUM,True,cus_0343c0763f76,Vitor Gabriel Da Luz,RS,Sul,VIP,1,977.42,977.42,False
sal_dad5dc9955ad,2025-12-27 08:54:05,2025-12-27,Sábado,7,8,ecommerce,prd_645f7859f379,Calça Jeans Skinny,Moda,Asus,BASICO,True,cus_78ab1cf16e12,Beatriz Garcia,SE,Nordeste,TOP_TIER,2,413.86,827.72,False
sal_ea6011213367,2025-12-31 01:49:34,2025-12-31,Quarta,4,1,loja_fisica,prd_7a89c1a36f9e,Mesa para Notebook,Informática,Puma,MEDIO,True,cus_c3944101594c,Murilo Da Mata,RR,Norte,VIP,1,493.52,493.52,False
sal_de39eb2faf4e,2025-12-21 14:10:36,2025-12-21,Domingo,1,14,ecommerce,prd_db8fc9e6fa53,Paleta de Sombras,Beleza,LG,PREMIUM,True,cus_25c656241a9a,Amanda Novais,GO,Centro-Oeste,TOP_TIER,1,1420.99,1420.99,False
sal_f6b300d5c8cb,2025-12-18 20:54:04,2025-12-18,Quinta,5,20,loja_fisica,prd_359246d9ed10,SSD 500GB,Eletrônicos,Dell,BASICO,True,cus_df9e0b31fa20,Yuri Albuquerque,SE,Nordeste,REGULAR,1,118.99,118.99,False
sal_39890469ef90,2025-12-26 01:34:20,2025-12-26,Sexta,6,1,ecommerce,prd_e772a9cda46d,Blusa de Algodão,Moda,LG,BASICO,True,cus_f64907d41a69,Henrique Da Conceição,DF,Centro-Oeste,VIP,1,33.21,33.21,False
sal_d44255947d60,2026-01-11 21:09:58,2026-01-11,Domingo,1,21,ecommerce,prd_ea6b930ce9ac,Gravador de Voz,Áudio,Lenovo,BASICO,True,cus_31874cf2d1e5,Nina Moura,SP,Sudeste,TOP_TIER,1,141.29,141.29,False
sal_2cafb48bd943,2025-12-18 16:36:31,2025-12-18,Quinta,5,16,loja_fisica,prd_223c9b6a0a76,Luminária de Mesa,Casa,Mondial,BASICO,True,cus_1a38731e1fbe,Otávio Fernandes,ES,Sudeste,TOP_TIER,1,69.69,69.69,False
sal_4ddf7b2a0b78,2025-12-18 16:29:59,2025-12-18,Quinta,5,16,loja_fisica,prd_2293732b7542,Cortina Blackout,Casa,Xiaomi,BASICO,True,cus_36595eecf105,Bruno Novaes,PA,Norte,REGULAR,4,68.90,275.60,False
sal_8eb24a26f7fa,2025-12-27 16:52:16,2025-12-27,Sábado,7,16,ecommerce,prd_5a6fd66e1c00,Vestido Casual,Moda,Philips,BASICO,True,cus_78ab1cf16e12,Beatriz Garcia,SE,Nordeste,TOP_TIER,1,112.90,112.90,False
sal_f846aa6e6468,2026-01-11 16:20:32,2026-01-11,Domingo,1,16,loja_fisica,prd_2293732b7542,Cortina Blackout,Casa,Xiaomi,BASICO,True,cus_c8d383cfde0c,Maria Cecília Oliveira,AM,Norte,TOP_TIER,1,68.90,68.90,False
sal_42c6d462a83f,2025-12-15 19:49:57,2025-12-15,Segunda,2,19,loja_fisica,prd_6343e70ed4b9,Sérum Vitamina C,Beleza,Xiaomi,BASICO,True,cus_79d52b75f259,Elisa Freitas,CE,Nordeste,TOP_TIER,1,152.00,152.00,False
sal_a260629baed3,2025-12-31 19:00:41,2025-12-31,Quarta,4,19,loja_fisica,prd_0c113961481f,Vestido Floral,Moda,Apple,BASICO,True,cus_66677d443e5e,Cecília Da Luz,AC,Norte,TOP_TIER,1,243.90,243.90,False
sal_3c4b5d01e229,2026-01-02 12:58:12,2026-01-02,Sexta,6,12,ecommerce,prd_2293732b7542,Cortina Blackout,Casa,Xiaomi,BASICO,True,cus_b0026583b709,Mariane Pacheco,MT,Centro-Oeste,VIP,1,75.79,75.79,False
sal_85482570dc5a,2025-12-21 19:08:31,2025-12-21,Domingo,1,19,ecommerce,prd_205f309c1a21,Tapete Persa,Casa,Sony,BASICO,True,cus_7262f4e5ce9f,Sophia Monteiro,SP,Sudeste,TOP_TIER,1,29.74,29.74,False
sal_ea0a26fdab13,2025-12-22 11:30:37,2025-12-22,Segunda,2,11,ecommerce,prd_84a009f1889d,Cortina Box,Casa,Consul,BASICO,True,cus_31874cf2d1e5,Nina Moura,SP,Sudeste,TOP_TIER,1,32.90,32.90,False
sal_b7d090573827,2025-12-22 20:12:22,2025-12-22,Segunda,2,20,ecommerce,prd_f063f46a7ef8,Fone de Ouvido Esportivo,Áudio,Consul,PREMIUM,True,cus_4209c24e0be2,Maya Castro,TO,Norte,REGULAR,2,1571.89,3143.78,False
sal_d54dc4cd2d66,2025-12-31 08:50:30,2025-12-31,Quarta,4,8,loja_fisica,prd_c29b93111bd9,Colar de Ouro,Acessórios,Arno,BASICO,True,cus_eae005fd3470,Calebe Fogaça,TO,Norte,TOP_TIER,1,206.90,206.90,False
sal_98683be89faa,2026-01-06 19:55:18,2026-01-06,Terça,3,19,ecommerce,prd_47a25ae10c23,Soundbar TV,Áudio,Acer,BASICO,True,cus_644bf6820c61,Heloísa Andrade,PR,Sul,REGULAR,2,80.09,160.18,False
sal_19ff8dc8494d,2025-12-25 21:57:56,2025-12-25,Quinta,5,21,ecommerce,prd_2cbafff50c72,Sabonete Facial,Beleza,Nike,BASICO,True,cus_4e62d52db97a,Josué Souza,RJ,Sudeste,VIP,1,100.90,100.90,False
sal_c7aa9bc3c4f9,2026-01-06 20:02:09,2026-01-06,Terça,3,20,loja_fisica,prd_c9b4024b7b9e,Toca-discos USB,Áudio,Mondial,BASICO,True,cus_66677d443e5e,Cecília Da Luz,AC,Norte,TOP_TIER,1,85.95,85.95,False
sal_951739aceb94,2026-01-03 10:50:59,2026-01-03,Sábado,7,10,loja_fisica,prd_d22d1b8b1502,Camisa Social,Moda,Brastemp,PREMIUM,True,cus_1a38731e1fbe,Otávio Fernandes,ES,Sudeste,TOP_TIER,1,1149.90,1149.90,False
sal_167740c20350,2026-01-02 11:23:21,2026-01-02,Sexta,6,11,loja_fisica,prd_2cbafff50c72,Sabonete Facial,Beleza,Nike,BASICO,True,cus_f1a06ae11717,Gustavo Henrique Rios,AM,Norte,TOP_TIER,1,100.90,100.90,False
sal_aaabe160b77c,2025-12-26 21:37:07,2025-12-26,Sexta,6,21,ecommerce,prd_38c1b898aecc,Microfone para Stream,Games,Samsung,BASICO,True,cus_f1eccf8e0d99,Luiz Miguel Câmara,GO,Centro-Oeste,REGULAR,1,140.90,140.90,False
sal_7a1b2af3496a,2026-01-03 19:36:15,2026-01-03,Sábado,7,19,ecommerce,prd_4ee65ed59110,Frigideira Antiaderente,Cozinha,Philips,BASICO,True,cus_7262f4e5ce9f,Sophia Monteiro,SP,Sudeste,TOP_TIER,2,41.90,83.80,False
sal_d145d6ac7d89,2025-12-13 16:28:23,2025-12-13,Sábado,7,16,ecommerce,prd_6eca734f2e84,Edredom Casal,Casa,Electrolux,BASICO,True,cus_639110db69ed,João Vitor Barros,AP,Norte,REGULAR,1,227.99,227.99,False
sal_9dfc93e45fc8,2025-12-26 11:47:32,2025-12-26,Sexta,6,11,ecommerce,prd_045813f96891,Cardigan de Lã,Moda,LG,BASICO,True,cus_a8f8e01eaee8,Elisa Martins,ES,Sudeste,REGULAR,1,121.54,121.54,False
sal_47ce1735606f,2026-01-01 18:38:43,2026-01-01,Quinta,5,18,loja_fisica,prd_d8ec0b81e223,Toca-discos USB,Áudio,O Boticário,BASICO,True,cus_c3944101594c,Murilo Da Mata,RR,Norte,VIP,1,371.90,371.90,False
sal_8aaab4a9f883,2025-12-27 13:55:51,2025-12-27,Sábado,7,13,ecommerce,prd_c62100cc281c,Webcam para Stream,Games,Samsung,BASICO,True,cus_639110db69ed,João Vitor Barros,AP,Norte,REGULAR,1,46.45,46.45,False
sal_140a7195c873,2026-01-04 08:16:27,2026-01-04,Domingo,1,8,ecommerce,prd_ff35b88df534,SSD 500GB,Eletrônicos,Acer,BASICO,True,cus_78ab1cf16e12,Beatriz Garcia,SE,Nordeste,TOP_TIER,1,211.90,211.90,False
sal_e79b35a01bd2,2025-12-15 17:32:51,2025-12-15,Segunda,2,17,ecommerce,prd_d22d1b8b1502,Camisa Social,Moda,Brastemp,PREMIUM,True,cus_c9cd13d1ae9f,Yasmin Siqueira,PA,Norte,VIP,1,1149.90,1149.90,False
sal_c8c298753fd7,2025-12-20 10:49:38,2025-12-20,Sábado,7,10,ecommerce,prd_c90040774892,Tênis de Corrida,Esporte,Sony,BASICO,True,cus_2b1b3e2a1515,Ana Sophia Pereira,MG,Sudeste,VIP,2,125.79,251.58,False
sal_b986182556d9,2025-12-27 15:38:08,2025-12-27,Sábado,7,15,ecommerce,prd_385035a5bc20,Notebook Inspiron 15,Eletrônicos,Adidas,BASICO,True,cus_a8f8e01eaee8,Elisa Martins,ES,Sudeste,REGULAR,1,219.90,219.90,False
sal_58991d91478c,2025-12-23 14:59:15,2025-12-23,Terça,3,14,loja_fisica,prd_2293732b7542,Cortina Blackout,Casa,Xiaomi,BASICO,True,cus_25c656241a9a,Amanda Novais,GO,Centro-Oeste,TOP_TIER,3,68.90,206.70,False
sal_18f91bc62fda,2026-01-04 09:53:12,2026-01-04,Domingo,1,9,ecommerce,prd_b4a823952be5,Amplificador de Áudio,Áudio,Consul,BASICO,True,cus_7262f4e5ce9f,Sophia Monteiro,SP,Sudeste,TOP_TIER,1,73.90,73.90,False
sal_e110a485e1fb,2025-12-22 17:22:56,2025-12-22,Segunda,2,17,ecommerce,prd_ff56c9132964,Regata Básica,Moda,Xiaomi,BASICO,True,cus_f64907d41a69,Henrique Da Conceição,DF,Centro-Oeste,VIP,3,192.59,577.77,False
sal_1e4b293f8846,2025-12-22 20:27:14,2025-12-22,Segunda,2,20,ecommerce,prd_622325b011e6,Iluminador para Stream,Games,Sony,BASICO,True,cus_a01814ad9247,Ana Beatriz Alves,SP,Sudeste,TOP_TIER,1,291.51,291.51,False
sal_4d7cad66e756,2025-12-24 18:25:51,2025-12-24,Quarta,4,18,loja_fisica,prd_d500fa66507e,Shorts Jeans,Moda,Electrolux,BASICO,True,cus_79d52b75f259,Elisa Freitas,CE,Nordeste,TOP_TIER,1,346.49,346.49,False
sal_9443c546853f,2026-01-07 11:52:37,2026-01-07,Quarta,4,11,loja_fisica,prd_a4025bac91a7,Óculos de Sol,Acessórios,Xiaomi,BASICO,True,cus_b42a15933072,Heitor Rezende,PE,Nordeste,TOP_TIER,1,44.96,44.96,False
sal_13187d629636,2025-12-24 19:35:57,2025-12-24,Quarta,4,19,ecommerce,prd_385035a5bc20,Notebook Inspiron 15,Eletrônicos,Adidas,BASICO,True,cus_8fa04d3a5837,Rafael Porto,RS,Sul,TOP_TIER,1,219.90,219.90,False
sal_8cffae2a57e9,2025-12-30 12:13:07,2025-12-30,Terça,3,12,loja_fisica,prd_385035a5bc20,Notebook Inspiron 15,Eletrônicos,Adidas,BASICO,True,cus_ec8d75866856,Luan Vargas,RS,Sul,TOP_TIER,2,197.91,395.82,False
sal_0255dc36b1ac,2025-12-28 21:51:15,2025-12-28,Domingo,1,21,ecommerce,prd_3053916502fb,Cabo USB-C,Eletrônicos,Electrolux,BASICO,True,cus_b0026583b709,Mariane Pacheco,MT,Centro-Oeste,VIP,1,403.65,403.65,False
sal_59f84d3bec74,2026-01-11 16:09:43,2026-01-11,Domingo,1,16,ecommerce,prd_3e585d1aaf6c,Gabinete ATX,Informática,LG,BASICO,True,cus_a01814ad9247,Ana Beatriz Alves,SP,Sudeste,TOP_TIER,1,209.90,209.90,False
sal_fb6f8d383289,2026-01-09 11:41:27,2026-01-09,Sexta,6,11,ecommerce,prd_ebb0865fc95d,Fone Gamer RGB,Áudio,Arno,BASICO,True,cus_df9e0b31fa20,Yuri Albuquerque,SE,Nordeste,REGULAR,1,149.59,149.59,False
sal_7efd9e4cd5ff,2026-01-09 17:55:10,2026-01-09,Sexta,6,17,ecommerce,prd_045813f96891,Cardigan de Lã,Moda,LG,BASICO,True,cus_78ab1cf16e12,Beatriz Garcia,SE,Nordeste,TOP_TIER,1,135.84,135.84,False
sal_6fd43fd95056,2025-12-19 23:03:59,2025-12-19,Sexta,6,23,ecommerce,prd_bf5d8671f7a9,Placa Mãe B450,Informática,Brastemp,BASICO,True,cus_9d2dd4770a79,Luigi Camargo,GO,Centro-Oeste,TOP_TIER,1,131.89,131.89,False
sal_3d89d20e8f25,2025-12-17 14:19:25,2025-12-17,Quarta,4,14,ecommerce,prd_df1e44c528e0,Fone de Ouvido Esportivo,Áudio,O Boticário,BASICO,True,cus_d36c11b261a6,Cauã Rocha,MA,Nordeste,REGULAR,1,164.04,164.04,False
sal_f06ae3ef20eb,2025-12-19 22:31:30,2025-12-19,Sexta,6,22,ecommerce,prd_82cd17cb589d,Persiana Vertical,Casa,Dell,BASICO,True,cus_71308b76151a,Amanda Sousa,MS,Centro-Oeste,TOP_TIER,1,40.41,40.41,False
sal_fdb1ce8bb3d1,2026-01-01 13:13:55,2026-01-01,Quinta,5,13,loja_fisica,prd_045813f96891,Cardigan de Lã,Moda,LG,BASICO,True,cus_4e62d52db97a,Josué Souza,RJ,Sudeste,VIP,4,135.84,543.36,False
sal_d57761a0dd64,2025-12-26 11:01:44,2025-12-26,Sexta,6,11,ecommerce,prd_2cbafff50c72,Sabonete Facial,Beleza,Nike,BASICO,True,cus_1a38731e1fbe,Otávio Fernandes,ES,Sudeste,TOP_TIER,4,95.86,383.44,False
sal_0beacbabeaff,2026-01-04 16:25:28,2026-01-04,Domingo,1,16,loja_fisica,prd_d22d1b8b1502,Camisa Social,Moda,Brastemp,PREMIUM,True,cus_13af118ef4e8,Sarah Teixeira,AM,Norte,TOP_TIER,1,1149.90,1149.90,False
sal_4bd4af5f89f5,2026-01-04 12:09:57,2026-01-04,Domingo,1,12,ecommerce,prd_84a009f1889d,Cortina Box,Casa,Consul,BASICO,True,cus_639110db69ed,João Vitor Barros,AP,Norte,REGULAR,2,32.90,65.80,False
sal_bb43d753b846,2025-12-29 08:05:58,2025-12-29,Segunda,2,8,ecommerce,prd_eea07161e6c8,Brincos de Prata,Acessórios,Electrolux,BASICO,True,cus_b0026583b709,Mariane Pacheco,MT,Centro-Oeste,VIP,4,53.89,215.56,False
sal_0dbe6fbc3167,2025-12-24 08:54:34,2025-12-24,Quarta,4,8,ecommerce,prd_3e42ffcc8dd9,Mochila Escolar,Acessórios,Acer,BASICO,True,cus_eae005fd3470,Calebe Fogaça,TO,Norte,TOP_TIER,2,67.90,135.80,False
sal_112096cbc8c2,2025-12-26 14:45:59,2025-12-26,Sexta,6,14,ecommerce,prd_bf5d8671f7a9,Placa Mãe B450,Informática,Brastemp,BASICO,True,cus_66677d443e5e,Cecília Da Luz,AC,Norte,TOP_TIER,2,119.90,239.80,False
sal_c3bf01af5a7d,2026-01-07 22:38:31,2026-01-07,Quarta,4,22,loja_fisica,prd_64000b956cf3,Tapete Persa,Casa,Motorola,BASICO,True,cus_31874cf2d1e5,Nina Moura,SP,Sudeste,TOP_TIER,2,258.90,517.80,False
sal_86100c0adb82,2026-01-09 23:23:12,2026-01-09,Sexta,6,23,ecommerce,prd_a3ae425a3edd,Pesos de Pulso,Esporte,Philips,BASICO,True,cus_3580317ddeab,Bella Borges,AM,Norte,VIP,1,83.99,83.99,False
sal_7cdb7650acee,2025-12-15 21:49:34,2025-12-15,Segunda,2,21,ecommerce,prd_51511e44c92a,Kit Gamer Completo,Games,Mondial,BASICO,True,cus_911b23c97589,Heitor Nunes,MS,Centro-Oeste,REGULAR,1,80.01,80.01,False
sal_2a647e7a732d,2025-12-22 12:15:04,2025-12-22,Segunda,2,12,ecommerce,prd_bf94f6ee7033,Mochila Esportiva,Esporte,Sony,BASICO,True,cus_71308b76151a,Amanda Sousa,MS,Centro-Oeste,TOP_TIER,2,78.90,157.80,False
sal_c5aec07770f8,2025-12-30 22:27:00,2025-12-30,Terça,3,22,loja_fisica,prd_c62100cc281c,Webcam para Stream,Games,Samsung,BASICO,True,cus_f64907d41a69,Henrique Da Conceição,DF,Centro-Oeste,VIP,2,48.90,97.80,False
sal_20ad4059ed35,2025-12-29 17:56:28,2025-12-29,Segunda,2,17,ecommerce,prd_df1e44c528e0,Fone de Ouvido Esportivo,Áudio,O Boticário,BASICO,True,cus_a2e18141f826,Ísis Leão,CE,Nordeste,REGULAR,1,212.29,212.29,False
sal_72dc3f370620,2025-12-24 11:21:21,2025-12-24,Quarta,4,11,loja_fisica,prd_4ee65ed59110,Frigideira Antiaderente,Cozinha,Philips,BASICO,True,cus_b42a15933072,Heitor Rezende,PE,Nordeste,TOP_TIER,1,41.90,41.90,False
sal_0cfb64a34fc3,2025-12-20 22:01:48,2025-12-20,Sábado,7,22,loja_fisica,prd_3e42ffcc8dd9,Mochila Escolar,Acessórios,Acer,BASICO,True,cus_639110db69ed,João Vitor Barros,AP,Norte,REGULAR,3,64.50,193.50,False
sal_169b3fcd1d22,2025-12-24 19:58:06,2025-12-24,Quarta,4,19,ecommerce,prd_4ee65ed59110,Frigideira Antiaderente,Cozinha,Philips,BASICO,True,cus_8fa04d3a5837,Rafael Porto,RS,Sul,TOP_TIER,1,41.90,41.90,False
sal_9f52c98fdd2a,2026-01-02 19:23:05,2026-01-02,Sexta,6,19,ecommerce,prd_0b790b565ff2,Mixer de Áudio,Áudio,Sony,BASICO,True,cus_8fa04d3a5837,Rafael Porto,RS,Sul,TOP_TIER,1,91.79,91.79,False
sal_86b4fb5d3006,2025-12-31 12:59:22,2025-12-31,Quarta,4,12,ecommerce,prd_686e2aab873d,Blusa de Frio,Moda,Philips,BASICO,True,cus_ec8d75866856,Luan Vargas,RS,Sul,TOP_TIER,1,89.50,89.50,False
sal_e32e0e192f18,2025-12-28 14:54:47,2025-12-28,Domingo,1,14,ecommerce,prd_bf5d8671f7a9,Placa Mãe B450,Informática,Brastemp,BASICO,True,cus_b0026583b709,Mariane Pacheco,MT,Centro-Oeste,VIP,1,113.91,113.91,False
sal_df04ef1c515a,2026-01-06 21:05:30,2026-01-06,Terça,3,21,ecommerce,prd_223c9b6a0a76,Luminária de Mesa,Casa,Mondial,BASICO,True,cus_66677d443e5e,Cecília Da Luz,AC,Norte,TOP_TIER,1,81.99,81.99,False
sal_5125d4e5f8df,2025-12-16 23:11:06,2025-12-16,Terça,3,23,ecommerce,prd_334f4a32f979,Persiana Vertical,Casa,Motorola,BASICO,True,cus_0ff4cceccc6f,João Aparecida,CE,Nordeste,TOP_TIER,1,404.50,404.50,False
sal_749d498633b7,2025-12-22 13:41:09,2025-12-22,Segunda,2,13,ecommerce,prd_dfac11815029,Microfone para Stream,Games,Apple,BASICO,True,cus_fa3a88d1ccef,Benício Gomes,AL,Nordeste,VIP,3,189.00,567.00,False
sal_5457926e6ab9,2025-12-13 16:20:59,2025-12-13,Sábado,7,16,loja_fisica,prd_23664e42a71c,Jogo de Toalhas,Casa,Xiaomi,BASICO,True,cus_c3944101594c,Murilo Da Mata,RR,Norte,VIP,2,109.90,219.80,False
sal_d1d2ec7700d0,2025-12-29 10:52:52,2025-12-29,Segunda,2,10,ecommerce,prd_ff35b88df534,SSD 500GB,Eletrônicos,Acer,BASICO,True,cus_fa3a88d1ccef,Benício Gomes,AL,Nordeste,VIP,1,201.31,201.31,False
sal_8e3bb8b3a48d,2025-12-26 09:39:58,2025-12-26,Sexta,6,9,ecommerce,prd_82cd17cb589d,Persiana Vertical,Casa,Dell,BASICO,True,cus_36595eecf105,Bruno Novaes,PA,Norte,REGULAR,2,40.41,80.82,False
sal_9f3b4bcd1e50,2025-12-29 18:33:58,2025-12-29,Segunda,2,18,loja_fisica,prd_b7490508211e,Vestido Floral,Moda,Apple,BASICO,True,cus_f1eccf8e0d99,Luiz Miguel Câmara,GO,Centro-Oeste,REGULAR,1,209.00,209.00,False
sal_68ce4ce2d0d3,2025-12-23 21:37:38,2025-12-23,Terça,3,21,ecommerce,prd_08611917c0ae,Relógio de Parede,Casa,Adidas,BASICO,True,cus_c3944101594c,Murilo Da Mata,RR,Norte,VIP,2,105.99,211.98,False
